classification_id,document,anomaly_type,classification,confidence,reason,entity_id,entity_type,entity_text,relation_id,relation_type,source_id,target_id,actual_type,expected_type,page,details
RA_000001,img20250709_16142502_trace_sepsis_V1.6-V6.5-SELECTIVE_PRECISION.json,DUPLICATE_ENTITY_CONTENT,DATA_AMBIGUITY,0.82,Même contenu mais contextes/pages ou profils relationnels différents.,"P1_E014,P5_E025",DONNEE_PATIENT,Patient | patient,,,,,,,,Même type + même contenu avec plusieurs IDs
RA_000002,img20250709_16142502_trace_sepsis_V1.6-V6.5-SELECTIVE_PRECISION.json,DUPLICATE_ENTITY_CONTENT,DATA_AMBIGUITY,0.82,Même contenu mais contextes/pages ou profils relationnels différents.,"P1_E016,P2_E017",SERVICE_MEDICAL,réanimation,,,,,,,,Même type + même contenu avec plusieurs IDs
RA_000003,img20250709_16142502_trace_sepsis_V1.6-V6.5-SELECTIVE_PRECISION.json,DUPLICATE_ENTITY_CONTENT,DATA_AMBIGUITY,0.82,Même contenu mais contextes/pages ou profils relationnels différents.,"P1_E020,P2_E051,P5_E031",LABEL_NOSOLOGIQUE,hyponatrémie,,,,,,,,Même type + même contenu avec plusieurs IDs
RA_000004,img20250709_16142502_trace_sepsis_V1.6-V6.5-SELECTIVE_PRECISION.json,DUPLICATE_ENTITY_CONTENT,DATA_AMBIGUITY,0.82,Même contenu mais contextes/pages ou profils relationnels différents.,"P1_E025,P5_E035",COMORBIDITE_ANTECEDENT,hypertension portale | hypertension_portale,,,,,,,,Même type + même contenu avec plusieurs IDs
RA_000005,img20250709_16142502_trace_sepsis_V1.6-V6.5-SELECTIVE_PRECISION.json,DUPLICATE_ENTITY_CONTENT,DATA_AMBIGUITY,0.82,Même contenu mais contextes/pages ou profils relationnels différents.,"P2_E007,P5_E023",LABEL_NOSOLOGIQUE,SIADH,,,,,,,,Même type + même contenu avec plusieurs IDs
RA_000006,img20250709_16142502_trace_sepsis_V1.6-V6.5-SELECTIVE_PRECISION.json,DUPLICATE_ENTITY_CONTENT,DATA_AMBIGUITY,0.82,Même contenu mais contextes/pages ou profils relationnels différents.,"P2_E015,P6_E004",TRAITEMENT,Amiklin | antibiotique,,,,,,,,Même type + même contenu avec plusieurs IDs
RA_000007,img20250709_16142502_trace_sepsis_V1.6-V6.5-SELECTIVE_PRECISION.json,DUPLICATE_ENTITY_CONTENT,DATA_AMBIGUITY,0.82,Même contenu mais contextes/pages ou profils relationnels différents.,"P2_E052,P4_E039",LABEL_NOSOLOGIQUE,sepsis,,,,,,,,Même type + même contenu avec plusieurs IDs
RA_000008,img20250709_16142502_trace_sepsis_V1.6-V6.5-SELECTIVE_PRECISION.json,DUPLICATE_ENTITY_CONTENT,DATA_AMBIGUITY,0.82,Même contenu mais contextes/pages ou profils relationnels différents.,"P3_E028,P6_E035",DONNEE_PATIENT,patient,,,,,,,,Même type + même contenu avec plusieurs IDs
RA_000009,img20250709_16142502_trace_sepsis_V1.6-V6.5-SELECTIVE_PRECISION.json,DUPLICATE_ENTITY_CONTENT,DATA_AMBIGUITY,0.82,Même contenu mais contextes/pages ou profils relationnels différents.,"P3_E039,P4_E043",EVENEMENT_TEMPOREL,22/05/15 16h43 | date_clinique,,,,,,,,Même type + même contenu avec plusieurs IDs
RA_000010,img20250709_16142502_trace_sepsis_V1.6-V6.5-SELECTIVE_PRECISION.json,DUPLICATE_ENTITY_CONTENT,DATA_AMBIGUITY,0.82,Même contenu mais contextes/pages ou profils relationnels différents.,"P4_E038,P6_E001",LABEL_NOSOLOGIQUE,choc septique | choc_septique,,,,,,,,Même type + même contenu avec plusieurs IDs
RA_000011,img20250709_16142502_trace_sepsis_V1.6-V6.5-SELECTIVE_PRECISION.json,DUPLICATE_ENTITY_CONTENT,DATA_AMBIGUITY,0.82,Même contenu mais contextes/pages ou profils relationnels différents.,"P5_E032,P6_E045",LABEL_NOSOLOGIQUE,AVC | avc,,,,,,,,Même type + même contenu avec plusieurs IDs
RA_000012,img20250709_16142502_trace_sepsis_V1.6-V6.5-SELECTIVE_PRECISION.json,ORPHAN_RELATION_SOURCE,DATA_AMBIGUITY,0.84,Plusieurs endpoints compatibles possibles pour le type attendu TRAITEMENT.,,,,R_V69K_00100,traitement_a_pour_posologie,P6_E039,P6_E010,,,,Source absente du graphe
RA_000013,img20250709_16154161_trace_sepsis_V1.6-V6.5-SELECTIVE_PRECISION.json,DUPLICATE_ENTITY_CONTENT,DATA_AMBIGUITY,0.82,Même contenu mais contextes/pages ou profils relationnels différents.,"P1_E002,P5_E008",COMORBIDITE_ANTECEDENT,insuffisance respiratoire chronique | insuffisance_respiratoire_chronique,,,,,,,,Même type + même contenu avec plusieurs IDs
RA_000014,img20250709_16154161_trace_sepsis_V1.6-V6.5-SELECTIVE_PRECISION.json,DUPLICATE_ENTITY_CONTENT,DATA_AMBIGUITY,0.82,Même contenu mais contextes/pages ou profils relationnels différents.,"P1_E004,P2_E052",SYMPTOME,encombrement,,,,,,,,Même type + même contenu avec plusieurs IDs
RA_000015,img20250709_16154161_trace_sepsis_V1.6-V6.5-SELECTIVE_PRECISION.json,DUPLICATE_ENTITY_CONTENT,DATA_AMBIGUITY,0.82,Même contenu mais contextes/pages ou profils relationnels différents.,"P1_E012,P6_E023",SERVICE_MEDICAL,réanimation,,,,,,,,Même type + même contenu avec plusieurs IDs
RA_000016,img20250709_16154161_trace_sepsis_V1.6-V6.5-SELECTIVE_PRECISION.json,DUPLICATE_ENTITY_CONTENT,DATA_AMBIGUITY,0.82,Même contenu mais contextes/pages ou profils relationnels différents.,"P1_E013,P6_E024",DEFAILLANCE_ORGANE,Détresse respiratoire | respiratoire,,,,,,,,Même type + même contenu avec plusieurs IDs
RA_000017,img20250709_16154161_trace_sepsis_V1.6-V6.5-SELECTIVE_PRECISION.json,DUPLICATE_ENTITY_CONTENT,AUTO_CORRECTABLE,0.88,Entités dupliquées sur le même contexte avec profils relationnels identiques.,"P2_V66_E001,P5_V66_E001",TRAITEMENT,VNI,,,,,,,,Même type + même contenu avec plusieurs IDs
RA_000018,img20250709_16154161_trace_sepsis_V1.6-V6.5-SELECTIVE_PRECISION.json,DUPLICATE_ENTITY_CONTENT,DATA_AMBIGUITY,0.82,Même contenu mais contextes/pages ou profils relationnels différents.,"P3_E030,P4_E044,P5_E024,P6_E033",DONNEE_PATIENT,patient,,,,,,,,Même type + même contenu avec plusieurs IDs
RA_000019,img20250709_16154161_trace_sepsis_V1.6-V6.5-SELECTIVE_PRECISION.json,DUPLICATE_ENTITY_CONTENT,DATA_AMBIGUITY,0.82,Même contenu mais contextes/pages ou profils relationnels différents.,"P5_E014,P6_E027",TRAITEMENT,ventilation mécanique | ventilation_mecanique,,,,,,,,Même type + même contenu avec plusieurs IDs
RA_000020,img20250709_16154161_trace_sepsis_V1.6-V6.5-SELECTIVE_PRECISION.json,INVALID_RELATION_TARGET_TYPE,AUTO_CORRECTABLE,0.86,Plusieurs relations incidentes convergent vers SYMPTOME (2/2).,P2_E038,DONNEE_PATIENT,Le patient | patient,R_V69K_00107,presente_symptome,P2_E029,P2_E038,DONNEE_PATIENT,SYMPTOME,,Le type cible ne respecte pas l'image TRACE
RA_000021,img20250709_16154161_trace_sepsis_V1.6-V6.5-SELECTIVE_PRECISION.json,INVALID_RELATION_TARGET_TYPE,AUTO_CORRECTABLE,0.86,Plusieurs relations incidentes convergent vers SYMPTOME (2/2).,P2_E038,DONNEE_PATIENT,Le patient | patient,R_V69K_00108,presente_symptome,P2_E050,P2_E038,DONNEE_PATIENT,SYMPTOME,,Le type cible ne respecte pas l'image TRACE
RA_000022,img20250709_16154161_trace_sepsis_V1.6-V6.5-SELECTIVE_PRECISION.json,ORPHAN_RELATION_SOURCE,DATA_AMBIGUITY,0.84,Plusieurs endpoints compatibles possibles pour le type attendu BIOMARQUEUR.,,,,R_V69K_00117,biomarqueur_supporte_defaillance_organe,P2_E025,P5_E033,,,,Source absente du graphe
RA_000023,img20250709_16164845_trace_sepsis_V1.6-V6.5-SELECTIVE_PRECISION.json,DUPLICATE_ENTITY_CONTENT,DATA_AMBIGUITY,0.82,Même contenu mais contextes/pages ou profils relationnels différents.,"P1_E001,P5_E007",COMORBIDITE_ANTECEDENT,myopathie de Steinert | autre,,,,,,,,Même type + même contenu avec plusieurs IDs
RA_000024,img20250709_16164845_trace_sepsis_V1.6-V6.5-SELECTIVE_PRECISION.json,DUPLICATE_ENTITY_CONTENT,DATA_AMBIGUITY,0.82,Même contenu mais contextes/pages ou profils relationnels différents.,"P1_E002,P5_E008",COMORBIDITE_ANTECEDENT,insuffisance respiratoire chronique | insuffisance_respiratoire_chronique,,,,,,,,Même type + même contenu avec plusieurs IDs
RA_000025,img20250709_16164845_trace_sepsis_V1.6-V6.5-SELECTIVE_PRECISION.json,DUPLICATE_ENTITY_CONTENT,DATA_AMBIGUITY,0.82,Même contenu mais contextes/pages ou profils relationnels différents.,"P1_E014,P6_E020",SERVICE_MEDICAL,réanimation,,,,,,,,Même type + même contenu avec plusieurs IDs
RA_000026,img20250709_16164845_trace_sepsis_V1.6-V6.5-SELECTIVE_PRECISION.json,DUPLICATE_ENTITY_CONTENT,DATA_AMBIGUITY,0.82,Même contenu mais contextes/pages ou profils relationnels différents.,"P1_E015,P6_E029",DEFAILLANCE_ORGANE,Détresse respiratoire | respiratoire,,,,,,,,Même type + même contenu avec plusieurs IDs
RA_000027,img20250709_16164845_trace_sepsis_V1.6-V6.5-SELECTIVE_PRECISION.json,DUPLICATE_ENTITY_CONTENT,DATA_AMBIGUITY,0.82,Même contenu mais contextes/pages ou profils relationnels différents.,"P2_E042,P6_E042",LABEL_NOSOLOGIQUE,syndrome inflammatoire | syndrome_inflammatoire,,,,,,,,Même type + même contenu avec plusieurs IDs
RA_000028,img20250709_16164845_trace_sepsis_V1.6-V6.5-SELECTIVE_PRECISION.json,DUPLICATE_ENTITY_CONTENT,AUTO_CORRECTABLE,0.88,Entités dupliquées sur le même contexte avec profils relationnels identiques.,"P2_V66_E001,P5_V66_E001",TRAITEMENT,VNI,,,,,,,,Même type + même contenu avec plusieurs IDs
RA_000029,img20250709_16164845_trace_sepsis_V1.6-V6.5-SELECTIVE_PRECISION.json,DUPLICATE_ENTITY_CONTENT,DATA_AMBIGUITY,0.82,Même contenu mais contextes/pages ou profils relationnels différents.,"P3_E025,P4_E045,P5_E024,P6_E034",DONNEE_PATIENT,patient,,,,,,,,Même type + même contenu avec plusieurs IDs
RA_000030,img20250709_16164845_trace_sepsis_V1.6-V6.5-SELECTIVE_PRECISION.json,DUPLICATE_ENTITY_CONTENT,DATA_AMBIGUITY,0.82,Même contenu mais contextes/pages ou profils relationnels différents.,"P5_E017,P6_E024",TRAITEMENT,ventilation mécanique | ventilation_mecanique,,,,,,,,Même type + même contenu avec plusieurs IDs
RA_000031,img20250709_16164845_trace_sepsis_V1.6-V6.5-SELECTIVE_PRECISION.json,DUPLICATE_ENTITY_CONTENT,DATA_AMBIGUITY,0.82,Même contenu mais contextes/pages ou profils relationnels différents.,"P5_E023,P6_E027",SYMPTOME,trouble de la déglutition | trouble_deglutition,,,,,,,,Même type + même contenu avec plusieurs IDs
RA_000032,img20250709_16164845_trace_sepsis_V1.6-V6.5-SELECTIVE_PRECISION.json,DUPLICATE_ENTITY_CONTENT,DATA_AMBIGUITY,0.82,Même contenu mais contextes/pages ou profils relationnels différents.,"P5_E035,P6_E023",LABEL_NOSOLOGIQUE,flutter,,,,,,,,Même type + même contenu avec plusieurs IDs
RA_000033,img20250709_16164845_trace_sepsis_V1.6-V6.5-SELECTIVE_PRECISION.json,DUPLICATE_ENTITY_CONTENT,AUTO_CORRECTABLE,0.88,Entités dupliquées sur le même contexte avec profils relationnels identiques.,"P5_V66_E002,P6_E040",TRAITEMENT,trachéotomie,,,,,,,,Même type + même contenu avec plusieurs IDs
RA_000034,img20250709_16183704_trace_sepsis_V1.6-V6.5-SELECTIVE_PRECISION.json,DUPLICATE_ENTITY_CONTENT,DATA_AMBIGUITY,0.82,Même contenu mais contextes/pages ou profils relationnels différents.,"P1_E002,P5_E001",COMORBIDITE_ANTECEDENT,myopathie de Steinert | autre,,,,,,,,Même type + même contenu avec plusieurs IDs
RA_000035,img20250709_16183704_trace_sepsis_V1.6-V6.5-SELECTIVE_PRECISION.json,DUPLICATE_ENTITY_CONTENT,DATA_AMBIGUITY,0.82,Même contenu mais contextes/pages ou profils relationnels différents.,"P1_E013,P3_E002,P5_E003",SYMPTOME,encombrement,,,,,,,,Même type + même contenu avec plusieurs IDs
RA_000036,img20250709_16183704_trace_sepsis_V1.6-V6.5-SELECTIVE_PRECISION.json,DUPLICATE_ENTITY_CONTENT,DATA_AMBIGUITY,0.82,Même contenu mais contextes/pages ou profils relationnels différents.,"P1_E015,P4_E033,P5_E034",DONNEE_PATIENT,Patient | patient,,,,,,,,Même type + même contenu avec plusieurs IDs
RA_000037,img20250709_16183704_trace_sepsis_V1.6-V6.5-SELECTIVE_PRECISION.json,DUPLICATE_ENTITY_CONTENT,DATA_AMBIGUITY,0.82,Même contenu mais contextes/pages ou profils relationnels différents.,"P1_E016,P2_E048",SERVICE_MEDICAL,réanimation,,,,,,,,Même type + même contenu avec plusieurs IDs
RA_000038,img20250709_16183704_trace_sepsis_V1.6-V6.5-SELECTIVE_PRECISION.json,DUPLICATE_ENTITY_CONTENT,DATA_AMBIGUITY,0.82,Même contenu mais contextes/pages ou profils relationnels différents.,"P2_E055,P3_E031",TRAITEMENT,attelle,,,,,,,,Même type + même contenu avec plusieurs IDs
RA_000039,img20250709_16183704_trace_sepsis_V1.6-V6.5-SELECTIVE_PRECISION.json,DUPLICATE_ENTITY_CONTENT,DATA_AMBIGUITY,0.82,Même contenu mais contextes/pages ou profils relationnels différents.,"P2_E060,P5_E046",SYMPTOME,chute,,,,,,,,Même type + même contenu avec plusieurs IDs
RA_000040,img20250709_16183704_trace_sepsis_V1.6-V6.5-SELECTIVE_PRECISION.json,DUPLICATE_ENTITY_CONTENT,DATA_AMBIGUITY,0.82,Même contenu mais contextes/pages ou profils relationnels différents.,"P2_E062,P5_E048",COMORBIDITE_ANTECEDENT,fracture du péroné | fracture_du_péroné,,,,,,,,Même type + même contenu avec plusieurs IDs
RA_000041,img20250709_16183704_trace_sepsis_V1.6-V6.5-SELECTIVE_PRECISION.json,ORPHAN_RELATION_SOURCE,DATA_AMBIGUITY,0.84,Plusieurs endpoints compatibles possibles pour le type attendu TRAITEMENT.,,,,R_V69K_00089,traitement_administre_a,P5_E060,P5_E033,,,,Source absente du graphe
RA_000042,img20250709_16183704_trace_sepsis_V1.6-V6.5-SELECTIVE_PRECISION.json,INVALID_RELATION_TARGET_TYPE,SCHEMA_AMBIGUITY,0.8,"L'entité reste plausible comme SIGNE_VITAL, mais la relation presente_symptome exige SYMPTOME.",P5_E014,SIGNE_VITAL,oxygénodépendant | SpO2,R_V69K_00093,presente_symptome,P5_E033,P5_E014,SIGNE_VITAL,SYMPTOME,,Le type cible ne respecte pas l'image TRACE
RA_000043,img20250709_16190789_trace_sepsis_V1.6-V6.5-SELECTIVE_PRECISION.json,DUPLICATE_ENTITY_CONTENT,DATA_AMBIGUITY,0.82,Même contenu mais contextes/pages ou profils relationnels différents.,"P1_E014,P6_E037",DONNEE_PATIENT,69 ans | 69 | age,,,,,,,,Même type + même contenu avec plusieurs IDs
RA_000044,img20250709_16190789_trace_sepsis_V1.6-V6.5-SELECTIVE_PRECISION.json,DUPLICATE_ENTITY_CONTENT,DATA_AMBIGUITY,0.82,Même contenu mais contextes/pages ou profils relationnels différents.,"P1_E015,P3_E029",DONNEE_PATIENT,Patient | patient,,,,,,,,Même type + même contenu avec plusieurs IDs
RA_000045,img20250709_16190789_trace_sepsis_V1.6-V6.5-SELECTIVE_PRECISION.json,DUPLICATE_ENTITY_CONTENT,DATA_AMBIGUITY,0.82,Même contenu mais contextes/pages ou profils relationnels différents.,"P1_E016,P4_E042,P5_E045,P6_E039",SERVICE_MEDICAL,réanimation,,,,,,,,Même type + même contenu avec plusieurs IDs
RA_000046,img20250709_16190789_trace_sepsis_V1.6-V6.5-SELECTIVE_PRECISION.json,DUPLICATE_ENTITY_CONTENT,DATA_AMBIGUITY,0.82,Même contenu mais contextes/pages ou profils relationnels différents.,"P1_E020,P4_E047,P6_E044",COMORBIDITE_ANTECEDENT,adénocarcinome,,,,,,,,Même type + même contenu avec plusieurs IDs
RA_000047,img20250709_16190789_trace_sepsis_V1.6-V6.5-SELECTIVE_PRECISION.json,DUPLICATE_ENTITY_CONTENT,DATA_AMBIGUITY,0.82,Même contenu mais contextes/pages ou profils relationnels différents.,"P2_E011,P5_E035",SYMPTOME,hypoesthésie | hypoesthesie,,,,,,,,Même type + même contenu avec plusieurs IDs
RA_000048,img20250709_16190789_trace_sepsis_V1.6-V6.5-SELECTIVE_PRECISION.json,DUPLICATE_ENTITY_CONTENT,DATA_AMBIGUITY,0.82,Même contenu mais contextes/pages ou profils relationnels différents.,"P4_E040,P5_E021",POSOLOGIE,pour une durée totale de 7 jours | durée totale de 7 jours | 7 | duree_traitement,,,,,,,,Même type + même contenu avec plusieurs IDs
RA_000049,img20250709_16190789_trace_sepsis_V1.6-V6.5-SELECTIVE_PRECISION.json,INVALID_RELATION_TARGET_TYPE,AUTO_CORRECTABLE,0.97,Plusieurs relations incidentes convergent vers DONNEE_PATIENT (12/13).,P2_E034,SYMPTOME,Le patient | patient,R_V69K_00007,traitement_administre_a,P2_E020,P2_E034,SYMPTOME,DONNEE_PATIENT,2,Le type cible ne respecte pas l'image TRACE
RA_000050,img20250709_16190789_trace_sepsis_V1.6-V6.5-SELECTIVE_PRECISION.json,INVALID_RELATION_TARGET_TYPE,AUTO_CORRECTABLE,0.97,Plusieurs relations incidentes convergent vers DONNEE_PATIENT (12/13).,P2_E034,SYMPTOME,Le patient | patient,R_V69K_00008,service_medical_accueille,P2_E022,P2_E034,SYMPTOME,DONNEE_PATIENT,2,Le type cible ne respecte pas l'image TRACE
RA_000051,img20250709_16190789_trace_sepsis_V1.6-V6.5-SELECTIVE_PRECISION.json,INVALID_RELATION_SOURCE_TYPE,AUTO_CORRECTABLE,0.97,Plusieurs relations incidentes convergent vers DONNEE_PATIENT (12/13).,P2_E034,SYMPTOME,Le patient | patient,R_V69K_00009,presente_symptome,P2_E034,P2_E007,SYMPTOME,DONNEE_PATIENT,2,Le type source ne respecte pas le domaine TRACE
RA_000052,img20250709_16190789_trace_sepsis_V1.6-V6.5-SELECTIVE_PRECISION.json,INVALID_RELATION_SOURCE_TYPE,AUTO_CORRECTABLE,0.97,Plusieurs relations incidentes convergent vers DONNEE_PATIENT (12/13).,P2_E034,SYMPTOME,Le patient | patient,R_V69K_00010,presente_symptome,P2_E034,P2_E008,SYMPTOME,DONNEE_PATIENT,2,Le type source ne respecte pas le domaine TRACE
RA_000053,img20250709_16190789_trace_sepsis_V1.6-V6.5-SELECTIVE_PRECISION.json,INVALID_RELATION_SOURCE_TYPE,AUTO_CORRECTABLE,0.97,Plusieurs relations incidentes convergent vers DONNEE_PATIENT (12/13).,P2_E034,SYMPTOME,Le patient | patient,R_V69K_00011,presente_symptome,P2_E034,P2_E009,SYMPTOME,DONNEE_PATIENT,2,Le type source ne respecte pas le domaine TRACE
RA_000054,img20250709_16190789_trace_sepsis_V1.6-V6.5-SELECTIVE_PRECISION.json,INVALID_RELATION_SOURCE_TYPE,AUTO_CORRECTABLE,0.97,Plusieurs relations incidentes convergent vers DONNEE_PATIENT (12/13).,P2_E034,SYMPTOME,Le patient | patient,R_V69K_00012,presente_symptome,P2_E034,P2_E010,SYMPTOME,DONNEE_PATIENT,2,Le type source ne respecte pas le domaine TRACE
RA_000055,img20250709_16190789_trace_sepsis_V1.6-V6.5-SELECTIVE_PRECISION.json,INVALID_RELATION_SOURCE_TYPE,AUTO_CORRECTABLE,0.97,Plusieurs relations incidentes convergent vers DONNEE_PATIENT (12/13).,P2_E034,SYMPTOME,Le patient | patient,R_V69K_00013,presente_symptome,P2_E034,P2_E011,SYMPTOME,DONNEE_PATIENT,2,Le type source ne respecte pas le domaine TRACE
RA_000056,img20250709_16190789_trace_sepsis_V1.6-V6.5-SELECTIVE_PRECISION.json,INVALID_RELATION_SOURCE_TYPE,AUTO_CORRECTABLE,0.97,Plusieurs relations incidentes convergent vers DONNEE_PATIENT (12/13).,P2_E034,SYMPTOME,Le patient | patient,R_V69K_00014,presente_symptome,P2_E034,P2_E012,SYMPTOME,DONNEE_PATIENT,2,Le type source ne respecte pas le domaine TRACE
RA_000057,img20250709_16190789_trace_sepsis_V1.6-V6.5-SELECTIVE_PRECISION.json,INVALID_RELATION_SOURCE_TYPE,AUTO_CORRECTABLE,0.97,Plusieurs relations incidentes convergent vers DONNEE_PATIENT (12/13).,P2_E034,SYMPTOME,Le patient | patient,R_V69K_00015,presente_symptome,P2_E034,P2_E026,SYMPTOME,DONNEE_PATIENT,2,Le type source ne respecte pas le domaine TRACE
RA_000058,img20250709_16190789_trace_sepsis_V1.6-V6.5-SELECTIVE_PRECISION.json,INVALID_RELATION_SOURCE_TYPE,AUTO_CORRECTABLE,0.97,Plusieurs relations incidentes convergent vers DONNEE_PATIENT (12/13).,P2_E034,SYMPTOME,Le patient | patient,R_V69K_00016,presente_symptome,P2_E034,P2_E027,SYMPTOME,DONNEE_PATIENT,2,Le type source ne respecte pas le domaine TRACE
RA_000059,img20250709_16190789_trace_sepsis_V1.6-V6.5-SELECTIVE_PRECISION.json,INVALID_RELATION_TARGET_TYPE,AUTO_CORRECTABLE,0.97,Plusieurs relations incidentes convergent vers DONNEE_PATIENT (12/13).,P2_E034,SYMPTOME,Le patient | patient,R_V69K_00017,service_medical_accueille,P2_E036,P2_E034,SYMPTOME,DONNEE_PATIENT,2,Le type cible ne respecte pas l'image TRACE
RA_000060,img20250709_16190789_trace_sepsis_V1.6-V6.5-SELECTIVE_PRECISION.json,INVALID_RELATION_SOURCE_TYPE,SCHEMA_AMBIGUITY,0.8,"L'entité reste plausible comme DONNEE_PATIENT, mais la relation a_pour_contexte_acquisition exige COMORBIDITE_ANTECEDENT.",P6_E038,DONNEE_PATIENT,Le patient | patient,R_V69K_00098,a_pour_contexte_acquisition,P6_E038,P6_E029,DONNEE_PATIENT,COMORBIDITE_ANTECEDENT,6,Le type source ne respecte pas le domaine TRACE
RA_000061,img20250709_16190789_trace_sepsis_V1.6-V6.5-SELECTIVE_PRECISION.json,INVALID_RELATION_SOURCE_TYPE,AUTO_CORRECTABLE,0.97,Plusieurs relations incidentes convergent vers DONNEE_PATIENT (12/13).,P2_E034,SYMPTOME,Le patient | patient,R_V69K_00103,presente_symptome,P2_E034,P5_E003,SYMPTOME,DONNEE_PATIENT,,Le type source ne respecte pas le domaine TRACE
RA_000062,img20250709_16190789_trace_sepsis_V1.6-V6.5-SELECTIVE_PRECISION.json,INVALID_RELATION_TARGET_TYPE,SCHEMA_AMBIGUITY,0.8,"L'entité reste plausible comme DEFAILLANCE_ORGANE, mais la relation presente_symptome exige SYMPTOME.",P5_E003,DEFAILLANCE_ORGANE,déficit sensitivomoteur complet des 4 membres | deficit_sensitivo_moteur,R_V69K_00103,presente_symptome,P2_E034,P5_E003,DEFAILLANCE_ORGANE,SYMPTOME,,Le type cible ne respecte pas l'image TRACE
RA_000063,img20250709_16190789_trace_sepsis_V1.6-V6.5-SELECTIVE_PRECISION.json,INVALID_RELATION_SOURCE_TYPE,SCHEMA_AMBIGUITY,0.8,"L'entité reste plausible comme SYMPTOME, mais la relation a_pour_contexte_acquisition exige COMORBIDITE_ANTECEDENT.",P2_E034,SYMPTOME,Le patient | patient,R_V69K_00107,a_pour_contexte_acquisition,P2_E034,P6_E030,SYMPTOME,COMORBIDITE_ANTECEDENT,,Le type source ne respecte pas le domaine TRACE
RA_000064,img20250709_16193836_trace_sepsis_V1.6-V6.5-SELECTIVE_PRECISION.json,DUPLICATE_ENTITY_CONTENT,DATA_AMBIGUITY,0.82,Même contenu mais contextes/pages ou profils relationnels différents.,"P1_E022,P2_E045",DONNEE_PATIENT,84 ans | 84 | age,,,,,,,,Même type + même contenu avec plusieurs IDs
RA_000065,img20250709_16193836_trace_sepsis_V1.6-V6.5-SELECTIVE_PRECISION.json,DUPLICATE_ENTITY_CONTENT,DATA_AMBIGUITY,0.82,Même contenu mais contextes/pages ou profils relationnels différents.,"P1_E023,P2_E046,P4_E039",DONNEE_PATIENT,Patient | patient,,,,,,,,Même type + même contenu avec plusieurs IDs
RA_000066,img20250709_16193836_trace_sepsis_V1.6-V6.5-SELECTIVE_PRECISION.json,DUPLICATE_ENTITY_CONTENT,DATA_AMBIGUITY,0.82,Même contenu mais contextes/pages ou profils relationnels différents.,"P2_E022,P5_E002",LABEL_NOSOLOGIQUE,ACFA,,,,,,,,Même type + même contenu avec plusieurs IDs
RA_000067,img20250709_16193836_trace_sepsis_V1.6-V6.5-SELECTIVE_PRECISION.json,DUPLICATE_ENTITY_CONTENT,DATA_AMBIGUITY,0.82,Même contenu mais contextes/pages ou profils relationnels différents.,"P2_E033,P5_E043",IMAGERIE_PROCEDURE,hémoculture | hemoculture,,,,,,,,Même type + même contenu avec plusieurs IDs
RA_000068,img20250709_16193836_trace_sepsis_V1.6-V6.5-SELECTIVE_PRECISION.json,DUPLICATE_ENTITY_CONTENT,DATA_AMBIGUITY,0.82,Même contenu mais contextes/pages ou profils relationnels différents.,"P2_E057,P5_E052",IMAGERIE_PROCEDURE,coronarographie,,,,,,,,Même type + même contenu avec plusieurs IDs
RA_000069,img20250709_16193836_trace_sepsis_V1.6-V6.5-SELECTIVE_PRECISION.json,DUPLICATE_ENTITY_CONTENT,DATA_AMBIGUITY,0.82,Même contenu mais contextes/pages ou profils relationnels différents.,"P5_E004,P6_E001",LABEL_NOSOLOGIQUE,choc septique | choc_septique,,,,,,,,Même type + même contenu avec plusieurs IDs
RA_000070,img20250709_16193836_trace_sepsis_V1.6-V6.5-SELECTIVE_PRECISION.json,DUPLICATE_ENTITY_CONTENT,DATA_AMBIGUITY,0.82,Même contenu mais contextes/pages ou profils relationnels différents.,"P5_E005,P6_E002",FOYER_INFECTIEUX,point de départ urinaire,,,,,,,,Même type + même contenu avec plusieurs IDs
RA_000071,img20250709_16193836_trace_sepsis_V1.6-V6.5-SELECTIVE_PRECISION.json,INVALID_RELATION_TARGET_TYPE,SCHEMA_AMBIGUITY,0.8,"L'entité reste plausible comme DEFAILLANCE_ORGANE, mais la relation presente_symptome exige SYMPTOME.",P2_E044,DEFAILLANCE_ORGANE,ralentissement psychomoteur | autre,R_V69K_00030,presente_symptome,P2_E046,P2_E044,DEFAILLANCE_ORGANE,SYMPTOME,2,Le type cible ne respecte pas l'image TRACE
RA_000072,img20250709_16201504_trace_sepsis_V1.6-V6.5-SELECTIVE_PRECISION.json,DUPLICATE_ENTITY_CONTENT,DATA_AMBIGUITY,0.82,Même contenu mais contextes/pages ou profils relationnels différents.,"P1_E017,P6_E038",SERVICE_MEDICAL,réanimation,,,,,,,,Même type + même contenu avec plusieurs IDs
RA_000073,img20250709_16201504_trace_sepsis_V1.6-V6.5-SELECTIVE_PRECISION.json,DUPLICATE_ENTITY_CONTENT,DATA_AMBIGUITY,0.82,Même contenu mais contextes/pages ou profils relationnels différents.,"P1_E020,P7_E052",FOYER_INFECTIEUX,pneumopathie,,,,,,,,Même type + même contenu avec plusieurs IDs
RA_000074,img20250709_16201504_trace_sepsis_V1.6-V6.5-SELECTIVE_PRECISION.json,DUPLICATE_ENTITY_CONTENT,DATA_AMBIGUITY,0.82,Même contenu mais contextes/pages ou profils relationnels différents.,"P2_E050,P5_E011,P6_E031",DEFAILLANCE_ORGANE,détresse respiratoire aiguë | respiratoire,,,,,,,,Même type + même contenu avec plusieurs IDs
RA_000075,img20250709_16201504_trace_sepsis_V1.6-V6.5-SELECTIVE_PRECISION.json,DUPLICATE_ENTITY_CONTENT,DATA_AMBIGUITY,0.82,Même contenu mais contextes/pages ou profils relationnels différents.,"P2_E071,P5_E031,P6_E041",DEFAILLANCE_ORGANE,détresse respiratoire | détresse_respiratoire,,,,,,,,Même type + même contenu avec plusieurs IDs
RA_000076,img20250709_16201504_trace_sepsis_V1.6-V6.5-SELECTIVE_PRECISION.json,DUPLICATE_ENTITY_CONTENT,DATA_AMBIGUITY,0.82,Même contenu mais contextes/pages ou profils relationnels différents.,"P5_E025,P7_E047",DONNEE_PATIENT,patient,,,,,,,,Même type + même contenu avec plusieurs IDs
RA_000077,img20250709_16201504_trace_sepsis_V1.6-V6.5-SELECTIVE_PRECISION.json,INVALID_RELATION_TARGET_TYPE,SCHEMA_AMBIGUITY,0.8,"L'entité reste plausible comme SIGNE_VITAL, mais la relation presente_symptome exige SYMPTOME.",P2_E016,SIGNE_VITAL,fébrile à 40° | 40 | temperature_corporelle,R_V69K_00138,presente_symptome,P1_E016,P2_E016,SIGNE_VITAL,SYMPTOME,,Le type cible ne respecte pas l'image TRACE
RA_000078,img20250709_16205810_trace_sepsis_V1.6-V6.5-SELECTIVE_PRECISION.json,DUPLICATE_ENTITY_CONTENT,DATA_AMBIGUITY,0.82,Même contenu mais contextes/pages ou profils relationnels différents.,"P1_E028,P2_E041",DONNEE_PATIENT,Patient | patient,,,,,,,,Même type + même contenu avec plusieurs IDs
RA_000079,img20250709_16205810_trace_sepsis_V1.6-V6.5-SELECTIVE_PRECISION.json,DUPLICATE_ENTITY_CONTENT,DATA_AMBIGUITY,0.82,Même contenu mais contextes/pages ou profils relationnels différents.,"P1_E033,P5_E020",FOYER_INFECTIEUX,Pneumopathie | pneumopathie,,,,,,,,Même type + même contenu avec plusieurs IDs
RA_000080,img20250709_16205810_trace_sepsis_V1.6-V6.5-SELECTIVE_PRECISION.json,DUPLICATE_ENTITY_CONTENT,DATA_AMBIGUITY,0.82,Même contenu mais contextes/pages ou profils relationnels différents.,"P2_E017,P5_E016",SERVICE_MEDICAL,réanimation,,,,,,,,Même type + même contenu avec plusieurs IDs
RA_000081,img20250709_16205810_trace_sepsis_V1.6-V6.5-SELECTIVE_PRECISION.json,DUPLICATE_ENTITY_CONTENT,DATA_AMBIGUITY,0.82,Même contenu mais contextes/pages ou profils relationnels différents.,"P2_E045,P4_E050",IMAGERIE_PROCEDURE,ECG | ecg,,,,,,,,Même type + même contenu avec plusieurs IDs
RA_000082,img20250709_16205810_trace_sepsis_V1.6-V6.5-SELECTIVE_PRECISION.json,DUPLICATE_ENTITY_CONTENT,DATA_AMBIGUITY,0.82,Même contenu mais contextes/pages ou profils relationnels différents.,"P2_E046,P3_E031",TRAITEMENT,O2 | o2,,,,,,,,Même type + même contenu avec plusieurs IDs
RA_000083,img20250709_16205810_trace_sepsis_V1.6-V6.5-SELECTIVE_PRECISION.json,DUPLICATE_ENTITY_CONTENT,DATA_AMBIGUITY,0.82,Même contenu mais contextes/pages ou profils relationnels différents.,"P4_E024,P5_E003",DEFAILLANCE_ORGANE,SDRA | respiratoire,,,,,,,,Même type + même contenu avec plusieurs IDs
RA_000084,img20250709_16205810_trace_sepsis_V1.6-V6.5-SELECTIVE_PRECISION.json,INVALID_RELATION_SOURCE_TYPE,AUTO_CORRECTABLE,0.97,Plusieurs relations incidentes convergent vers DONNEE_PATIENT (12/12).,P5_E015,DEFAILLANCE_ORGANE,Le patient | patient,R_V69K_00060,a_pour_label_nosologique,P5_E015,P5_E002,DEFAILLANCE_ORGANE,DONNEE_PATIENT,5,Le type source ne respecte pas le domaine TRACE
RA_000085,img20250709_16205810_trace_sepsis_V1.6-V6.5-SELECTIVE_PRECISION.json,INVALID_RELATION_SOURCE_TYPE,AUTO_CORRECTABLE,0.97,Plusieurs relations incidentes convergent vers DONNEE_PATIENT (12/12).,P5_E015,DEFAILLANCE_ORGANE,Le patient | patient,R_V69K_00061,presente_dysfonction_organe,P5_E015,P5_E003,DEFAILLANCE_ORGANE,DONNEE_PATIENT,5,Le type source ne respecte pas le domaine TRACE
RA_000086,img20250709_16205810_trace_sepsis_V1.6-V6.5-SELECTIVE_PRECISION.json,INVALID_RELATION_SOURCE_TYPE,AUTO_CORRECTABLE,0.97,Plusieurs relations incidentes convergent vers DONNEE_PATIENT (12/12).,P5_E015,DEFAILLANCE_ORGANE,Le patient | patient,R_V69K_00062,presente_symptome,P5_E015,P5_E009,DEFAILLANCE_ORGANE,DONNEE_PATIENT,5,Le type source ne respecte pas le domaine TRACE
RA_000087,img20250709_16205810_trace_sepsis_V1.6-V6.5-SELECTIVE_PRECISION.json,INVALID_RELATION_SOURCE_TYPE,AUTO_CORRECTABLE,0.97,Plusieurs relations incidentes convergent vers DONNEE_PATIENT (12/12).,P5_E015,DEFAILLANCE_ORGANE,Le patient | patient,R_V69K_00063,presente_symptome,P5_E015,P5_E012,DEFAILLANCE_ORGANE,DONNEE_PATIENT,5,Le type source ne respecte pas le domaine TRACE
RA_000088,img20250709_16205810_trace_sepsis_V1.6-V6.5-SELECTIVE_PRECISION.json,INVALID_RELATION_SOURCE_TYPE,AUTO_CORRECTABLE,0.97,Plusieurs relations incidentes convergent vers DONNEE_PATIENT (12/12).,P5_E015,DEFAILLANCE_ORGANE,Le patient | patient,R_V69K_00064,presente_symptome,P5_E015,P5_E013,DEFAILLANCE_ORGANE,DONNEE_PATIENT,5,Le type source ne respecte pas le domaine TRACE
RA_000089,img20250709_16205810_trace_sepsis_V1.6-V6.5-SELECTIVE_PRECISION.json,ORPHAN_RELATION_TARGET,DATA_AMBIGUITY,0.84,Plusieurs endpoints compatibles possibles pour le type attendu LABEL_NOSOLOGIQUE.,,,,R_V69K_00065,a_pour_label_nosologique,P5_E015,P5_E014,,,5,Cible absente du graphe
RA_000090,img20250709_16205810_trace_sepsis_V1.6-V6.5-SELECTIVE_PRECISION.json,INVALID_RELATION_SOURCE_TYPE,AUTO_CORRECTABLE,0.97,Plusieurs relations incidentes convergent vers DONNEE_PATIENT (12/12).,P5_E015,DEFAILLANCE_ORGANE,Le patient | patient,R_V69K_00065,a_pour_label_nosologique,P5_E015,P5_E014,DEFAILLANCE_ORGANE,DONNEE_PATIENT,5,Le type source ne respecte pas le domaine TRACE
RA_000091,img20250709_16205810_trace_sepsis_V1.6-V6.5-SELECTIVE_PRECISION.json,INVALID_RELATION_SOURCE_TYPE,AUTO_CORRECTABLE,0.97,Plusieurs relations incidentes convergent vers DONNEE_PATIENT (12/12).,P5_E015,DEFAILLANCE_ORGANE,Le patient | patient,R_V69K_00066,patient_a_pour_evolution,P5_E015,P5_E019,DEFAILLANCE_ORGANE,DONNEE_PATIENT,5,Le type source ne respecte pas le domaine TRACE
RA_000092,img20250709_16205810_trace_sepsis_V1.6-V6.5-SELECTIVE_PRECISION.json,INVALID_RELATION_SOURCE_TYPE,AUTO_CORRECTABLE,0.97,Plusieurs relations incidentes convergent vers DONNEE_PATIENT (12/12).,P5_E015,DEFAILLANCE_ORGANE,Le patient | patient,R_V69K_00067,presente_suspicion_infection,P5_E015,P5_E020,DEFAILLANCE_ORGANE,DONNEE_PATIENT,5,Le type source ne respecte pas le domaine TRACE
RA_000093,img20250709_16205810_trace_sepsis_V1.6-V6.5-SELECTIVE_PRECISION.json,INVALID_RELATION_TARGET_TYPE,AUTO_CORRECTABLE,0.97,Plusieurs relations incidentes convergent vers DONNEE_PATIENT (12/12).,P5_E015,DEFAILLANCE_ORGANE,Le patient | patient,R_V69K_00071,service_medical_accueille,P5_E016,P5_E015,DEFAILLANCE_ORGANE,DONNEE_PATIENT,5,Le type cible ne respecte pas l'image TRACE
RA_000094,img20250709_16205810_trace_sepsis_V1.6-V6.5-SELECTIVE_PRECISION.json,INVALID_RELATION_SOURCE_TYPE,AUTO_CORRECTABLE,0.97,Plusieurs relations incidentes convergent vers DONNEE_PATIENT (12/12).,P5_E015,DEFAILLANCE_ORGANE,Le patient | patient,R_V69K_00073,presente_dysfonction_organe,P5_E015,P5_E004,DEFAILLANCE_ORGANE,DONNEE_PATIENT,5,Le type source ne respecte pas le domaine TRACE
RA_000095,img20250709_16205810_trace_sepsis_V1.6-V6.5-SELECTIVE_PRECISION.json,INVALID_RELATION_TARGET_TYPE,SCHEMA_AMBIGUITY,0.8,"L'entité reste plausible comme LABEL_NOSOLOGIQUE, mais la relation presente_dysfonction_organe exige DEFAILLANCE_ORGANE.",P5_E004,LABEL_NOSOLOGIQUE,ACR,R_V69K_00073,presente_dysfonction_organe,P5_E015,P5_E004,LABEL_NOSOLOGIQUE,DEFAILLANCE_ORGANE,5,Le type cible ne respecte pas l'image TRACE
RA_000096,img20250709_16205810_trace_sepsis_V1.6-V6.5-SELECTIVE_PRECISION.json,INVALID_RELATION_SOURCE_TYPE,AUTO_CORRECTABLE,0.97,Plusieurs relations incidentes convergent vers DONNEE_PATIENT (12/12).,P5_E015,DEFAILLANCE_ORGANE,Le patient | patient,R_V69K_00074,a_pour_label_nosologique,P5_E015,P5_E005,DEFAILLANCE_ORGANE,DONNEE_PATIENT,5,Le type source ne respecte pas le domaine TRACE
RA_000097,img20250709_16205810_trace_sepsis_V1.6-V6.5-SELECTIVE_PRECISION.json,INVALID_RELATION_SOURCE_TYPE,AUTO_CORRECTABLE,0.97,Plusieurs relations incidentes convergent vers DONNEE_PATIENT (12/12).,P5_E015,DEFAILLANCE_ORGANE,Le patient | patient,R_V69K_00075,presente_symptome,P5_E015,P5_E010,DEFAILLANCE_ORGANE,DONNEE_PATIENT,5,Le type source ne respecte pas le domaine TRACE
RA_000098,img20250709_16205810_trace_sepsis_V1.6-V6.5-SELECTIVE_PRECISION.json,INVALID_RELATION_TARGET_TYPE,SCHEMA_AMBIGUITY,0.8,"L'entité reste plausible comme SIGNE_VITAL, mais la relation presente_symptome exige SYMPTOME.",P2_E034,SIGNE_VITAL,tachycardie sinusale | frequence_cardiaque,R_V69K_00078,presente_symptome,P1_E028,P2_E034,SIGNE_VITAL,SYMPTOME,,Le type cible ne respecte pas l'image TRACE
RA_000099,img20250709_16205810_trace_sepsis_V1.6-V6.5-SELECTIVE_PRECISION.json,INVALID_RELATION_TARGET_TYPE,SCHEMA_AMBIGUITY,0.8,"L'entité reste plausible comme LABEL_NOSOLOGIQUE, mais la relation imagerie_objective_comorbidite exige COMORBIDITE_ANTECEDENT.",P4_E048,LABEL_NOSOLOGIQUE,lacunes anciennes,R_V69K_00079,imagerie_objective_comorbidite,P4_E034,P4_E048,LABEL_NOSOLOGIQUE,COMORBIDITE_ANTECEDENT,,Le type cible ne respecte pas l'image TRACE
RA_000100,img20250709_16205810_trace_sepsis_V1.6-V6.5-SELECTIVE_PRECISION.json,INVALID_RELATION_TARGET_TYPE,SCHEMA_AMBIGUITY,0.8,"L'entité reste plausible comme SIGNE_VITAL, mais la relation presente_symptome exige SYMPTOME.",P5_E008,SIGNE_VITAL,bradycardie sinusale | frequence_cardiaque,R_V69K_00081,presente_symptome,P4_E049,P5_E008,SIGNE_VITAL,SYMPTOME,,Le type cible ne respecte pas l'image TRACE
RA_000101,img20250709_16223922_trace_sepsis_V1.6-V6.5-SELECTIVE_PRECISION.json,DUPLICATE_ENTITY_CONTENT,DATA_AMBIGUITY,0.82,Même contenu mais contextes/pages ou profils relationnels différents.,"P1_E016,P5_E010,P6_E001",LABEL_NOSOLOGIQUE,Choc septique | choc_septique,,,,,,,,Même type + même contenu avec plusieurs IDs
RA_000102,img20250709_16223922_trace_sepsis_V1.6-V6.5-SELECTIVE_PRECISION.json,DUPLICATE_ENTITY_CONTENT,DATA_AMBIGUITY,0.82,Même contenu mais contextes/pages ou profils relationnels différents.,"P2_E023,P5_V66_E002",TRAITEMENT,VNI,,,,,,,,Même type + même contenu avec plusieurs IDs
RA_000103,img20250709_16223922_trace_sepsis_V1.6-V6.5-SELECTIVE_PRECISION.json,DUPLICATE_ENTITY_CONTENT,DATA_AMBIGUITY,0.82,Même contenu mais contextes/pages ou profils relationnels différents.,"P2_E061,P6_E029",DONNEE_PATIENT,la patiente | patient,,,,,,,,Même type + même contenu avec plusieurs IDs
RA_000104,img20250709_16223922_trace_sepsis_V1.6-V6.5-SELECTIVE_PRECISION.json,DUPLICATE_ENTITY_CONTENT,DATA_AMBIGUITY,0.82,Même contenu mais contextes/pages ou profils relationnels différents.,"P2_E067,P6_E032",LABEL_NOSOLOGIQUE,syndrome inflammatoire | syndrome_inflammatoire,,,,,,,,Même type + même contenu avec plusieurs IDs
RA_000105,img20250709_16223922_trace_sepsis_V1.6-V6.5-SELECTIVE_PRECISION.json,DUPLICATE_ENTITY_CONTENT,DATA_AMBIGUITY,0.82,Même contenu mais contextes/pages ou profils relationnels différents.,"P3_E032,P5_E036",TRAITEMENT,intubation,,,,,,,,Même type + même contenu avec plusieurs IDs
RA_000106,img20250709_16223922_trace_sepsis_V1.6-V6.5-SELECTIVE_PRECISION.json,INVALID_RELATION_TARGET_TYPE,SCHEMA_AMBIGUITY,0.8,"L'entité reste plausible comme SIGNE_VITAL, mais la relation presente_symptome exige SYMPTOME.",P2_E007,SIGNE_VITAL,fébrile à 38.5° | 38.5 | temperature_corporelle,R_V69K_00080,presente_symptome,P2_E061,P2_E007,SIGNE_VITAL,SYMPTOME,,Le type cible ne respecte pas l'image TRACE
RA_000107,img20250709_16223922_trace_sepsis_V1.6-V6.5-SELECTIVE_PRECISION.json,INVALID_RELATION_TARGET_TYPE,SCHEMA_AMBIGUITY,0.8,"L'entité reste plausible comme SYMPTOME, mais la relation imagerie_objective_comorbidite exige COMORBIDITE_ANTECEDENT.",P2_E052,SYMPTOME,rétrécissement aortique lâche,R_V69K_00088,imagerie_objective_comorbidite,P2_E017,P2_E052,SYMPTOME,COMORBIDITE_ANTECEDENT,,Le type cible ne respecte pas l'image TRACE
RA_000108,img20250709_16223922_trace_sepsis_V1.6-V6.5-SELECTIVE_PRECISION.json,INVALID_RELATION_TARGET_TYPE,SCHEMA_AMBIGUITY,0.8,"L'entité reste plausible comme BIOMARQUEUR, mais la relation presente_symptome exige SYMPTOME.",P5_E031,BIOMARQUEUR,"Troubles de la repolarisation avec sous-décalage du segment ST, en inféro-latéral | troponine",R_V69K_00089,presente_symptome,P5_E033,P5_E031,BIOMARQUEUR,SYMPTOME,,Le type cible ne respecte pas l'image TRACE
RA_000109,img20250709_16225557_trace_sepsis_V1.6-V6.5-SELECTIVE_PRECISION.json,DUPLICATE_ENTITY_CONTENT,DATA_AMBIGUITY,0.82,Même contenu mais contextes/pages ou profils relationnels différents.,"P1_E020,P3_E037",DONNEE_PATIENT,Patient | patient,,,,,,,,Même type + même contenu avec plusieurs IDs
RA_000110,img20250709_16233563_trace_sepsis_V1.6-V6.5-SELECTIVE_PRECISION.json,DUPLICATE_ENTITY_CONTENT,DATA_AMBIGUITY,0.82,Même contenu mais contextes/pages ou profils relationnels différents.,"P1_E010,P2_E024",SYMPTOME,confusion,,,,,,,,Même type + même contenu avec plusieurs IDs
RA_000111,img20250709_16233563_trace_sepsis_V1.6-V6.5-SELECTIVE_PRECISION.json,DUPLICATE_ENTITY_CONTENT,DATA_AMBIGUITY,0.82,Même contenu mais contextes/pages ou profils relationnels différents.,"P2_E025,P4_E016",SYMPTOME,agitation,,,,,,,,Même type + même contenu avec plusieurs IDs
RA_000112,img20250709_16233563_trace_sepsis_V1.6-V6.5-SELECTIVE_PRECISION.json,DUPLICATE_ENTITY_CONTENT,DATA_AMBIGUITY,0.82,Même contenu mais contextes/pages ou profils relationnels différents.,"P2_E045,P5_E037",DONNEE_PATIENT,Le patient | patient,,,,,,,,Même type + même contenu avec plusieurs IDs
RA_000113,img20250709_16233563_trace_sepsis_V1.6-V6.5-SELECTIVE_PRECISION.json,DUPLICATE_ENTITY_CONTENT,AUTO_CORRECTABLE,0.88,Entités dupliquées sur le même contexte avec profils relationnels identiques.,"P4_V66_E002,P6_V66_E003",MICRO_ORGANISME,pneumocoque,,,,,,,,Même type + même contenu avec plusieurs IDs
RA_000114,img20250709_16254831_trace_sepsis_V1.6-V6.5-SELECTIVE_PRECISION.json,DUPLICATE_ENTITY_CONTENT,DATA_AMBIGUITY,0.82,Même contenu mais contextes/pages ou profils relationnels différents.,"P1_E030,P5_E032",DONNEE_PATIENT,51 ans | 51 | age,,,,,,,,Même type + même contenu avec plusieurs IDs
RA_000115,img20250709_16254831_trace_sepsis_V1.6-V6.5-SELECTIVE_PRECISION.json,DUPLICATE_ENTITY_CONTENT,DATA_AMBIGUITY,0.82,Même contenu mais contextes/pages ou profils relationnels différents.,"P2_E001,P5_E014",TRAITEMENT,Lovenox | anticoagulant,,,,,,,,Même type + même contenu avec plusieurs IDs
RA_000116,img20250709_16254831_trace_sepsis_V1.6-V6.5-SELECTIVE_PRECISION.json,DUPLICATE_ENTITY_CONTENT,DATA_AMBIGUITY,0.82,Même contenu mais contextes/pages ou profils relationnels différents.,"P2_E056,P4_E032",IMAGERIE_PROCEDURE,ECG | ecg,,,,,,,,Même type + même contenu avec plusieurs IDs
RA_000117,img20250709_16270030_trace_sepsis_V1.6-V6.5-SELECTIVE_PRECISION.json,DUPLICATE_ENTITY_CONTENT,DATA_AMBIGUITY,0.82,Même contenu mais contextes/pages ou profils relationnels différents.,"P1_E002,P6_E002",FOYER_INFECTIEUX,point de départ pulmonaire,,,,,,,,Même type + même contenu avec plusieurs IDs
RA_000118,img20250709_16270030_trace_sepsis_V1.6-V6.5-SELECTIVE_PRECISION.json,DUPLICATE_ENTITY_CONTENT,DATA_AMBIGUITY,0.82,Même contenu mais contextes/pages ou profils relationnels différents.,"P1_E015,P3_E034",DONNEE_PATIENT,Patient | patient,,,,,,,,Même type + même contenu avec plusieurs IDs
RA_000119,img20250709_16270030_trace_sepsis_V1.6-V6.5-SELECTIVE_PRECISION.json,DUPLICATE_ENTITY_CONTENT,DATA_AMBIGUITY,0.82,Même contenu mais contextes/pages ou profils relationnels différents.,"P5_E029,P6_E007",DONNEE_PATIENT,patient,,,,,,,,Même type + même contenu avec plusieurs IDs
RA_000120,img20250709_16270030_trace_sepsis_V1.6-V6.5-SELECTIVE_PRECISION.json,INVALID_RELATION_TARGET_TYPE,SCHEMA_AMBIGUITY,0.8,"L'entité reste plausible comme SIGNE_VITAL, mais la relation presente_symptome exige SYMPTOME.",P2_E022,SIGNE_VITAL,polypnée à 35 cycles/min | 35 | polypnee,R_V69K_00012,presente_symptome,P2_E054,P2_E022,SIGNE_VITAL,SYMPTOME,2,Le type cible ne respecte pas l'image TRACE
RA_000121,img20250709_16270030_trace_sepsis_V1.6-V6.5-SELECTIVE_PRECISION.json,INVALID_RELATION_TARGET_TYPE,SCHEMA_AMBIGUITY,0.8,"L'entité reste plausible comme TRAITEMENT, mais la relation traitement_a_pour_posologie exige POSOLOGIE.",P2_E026,TRAITEMENT,2L de voluven | volume,R_V69K_00036,traitement_a_pour_posologie,P2_E005,P2_E026,TRAITEMENT,POSOLOGIE,2,Le type cible ne respecte pas l'image TRACE
RA_000122,img20250709_16270030_trace_sepsis_V1.6-V6.5-SELECTIVE_PRECISION.json,ORPHAN_RELATION_TARGET,DATA_AMBIGUITY,0.84,Plusieurs endpoints compatibles possibles pour le type attendu POSOLOGIE.,,,,R_V69K_00074,traitement_a_pour_posologie,P5_E020,P5_E036,,,5,Cible absente du graphe
RA_000123,img20250709_16270030_trace_sepsis_V1.6-V6.5-SELECTIVE_PRECISION.json,INVALID_RELATION_TARGET_TYPE,SCHEMA_AMBIGUITY,0.8,"L'entité reste plausible comme TRAITEMENT, mais la relation presente_symptome exige SYMPTOME.",P2_E036,TRAITEMENT,oxygénodépendant | oxygenotherapie,R_V69K_00089,presente_symptome,P2_E054,P2_E036,TRAITEMENT,SYMPTOME,,Le type cible ne respecte pas l'image TRACE
RA_000124,img20250709_16270030_trace_sepsis_V1.6-V6.5-SELECTIVE_PRECISION.json,INVALID_RELATION_SOURCE_TYPE,SCHEMA_AMBIGUITY,0.8,"L'entité reste plausible comme FOYER_INFECTIEUX, mais la relation imagerie_objective_foyer exige IMAGERIE_PROCEDURE.",P4_E029,FOYER_INFECTIEUX,Radiographie pulmonaire | radiographie,R_V69K_00092,imagerie_objective_foyer,P4_E029,P4_E030,FOYER_INFECTIEUX,IMAGERIE_PROCEDURE,,Le type source ne respecte pas le domaine TRACE
RA_000125,img20250709_16270030_trace_sepsis_V1.6-V6.5-SELECTIVE_PRECISION.json,INVALID_RELATION_TARGET_TYPE,SCHEMA_AMBIGUITY,0.8,"L'entité reste plausible comme SYMPTOME, mais la relation imagerie_objective_foyer exige FOYER_INFECTIEUX.",P4_E030,SYMPTOME,Opacités bilatérales des bases | dyspnee,R_V69K_00092,imagerie_objective_foyer,P4_E029,P4_E030,SYMPTOME,FOYER_INFECTIEUX,,Le type cible ne respecte pas l'image TRACE
RA_000126,img20250709_16271908_trace_sepsis_V1.6-V6.5-SELECTIVE_PRECISION.json,DUPLICATE_ENTITY_CONTENT,DATA_AMBIGUITY,0.82,Même contenu mais contextes/pages ou profils relationnels différents.,"P1_E017,P3_E037",DONNEE_PATIENT,Patient | patient,,,,,,,,Même type + même contenu avec plusieurs IDs
RA_000127,img20250709_16271908_trace_sepsis_V1.6-V6.5-SELECTIVE_PRECISION.json,DUPLICATE_ENTITY_CONTENT,DATA_AMBIGUITY,0.82,Même contenu mais contextes/pages ou profils relationnels différents.,"P2_E034,P5_E038",DONNEE_PATIENT,patient,,,,,,,,Même type + même contenu avec plusieurs IDs
RA_000128,img20250709_16271908_trace_sepsis_V1.6-V6.5-SELECTIVE_PRECISION.json,DUPLICATE_RELATION,AUTO_CORRECTABLE,0.99,"Relation strictement dupliquée : même type, même source et même cible.",,,,"R_V69K_00043,R_V69K_00062",presente_symptome,P5_E038,P5_E011,,,5,2 relations identiques
RA_000129,img20250709_16271908_trace_sepsis_V1.6-V6.5-SELECTIVE_PRECISION.json,INVALID_RELATION_SOURCE_TYPE,SCHEMA_AMBIGUITY,0.8,"L'entité reste plausible comme FOYER_INFECTIEUX, mais la relation imagerie_objective_foyer exige IMAGERIE_PROCEDURE.",P4_E027,FOYER_INFECTIEUX,Radiographie pulmonaire | radiographie,R_V69K_00074,imagerie_objective_foyer,P4_E027,P4_E028,FOYER_INFECTIEUX,IMAGERIE_PROCEDURE,,Le type source ne respecte pas le domaine TRACE
RA_000130,img20250709_16271908_trace_sepsis_V1.6-V6.5-SELECTIVE_PRECISION.json,INVALID_RELATION_TARGET_TYPE,SCHEMA_AMBIGUITY,0.8,"L'entité reste plausible comme SYMPTOME, mais la relation imagerie_objective_foyer exige FOYER_INFECTIEUX.",P4_E028,SYMPTOME,Opacités alvéolaires bilatérales prédominant aux bases | dyspnee,R_V69K_00074,imagerie_objective_foyer,P4_E027,P4_E028,SYMPTOME,FOYER_INFECTIEUX,,Le type cible ne respecte pas l'image TRACE
RA_000131,img20250709_16273897_trace_sepsis_V1.6-V6.5-SELECTIVE_PRECISION.json,DUPLICATE_ENTITY_CONTENT,DATA_AMBIGUITY,0.82,Même contenu mais contextes/pages ou profils relationnels différents.,"P1_E001,P4_E023",LABEL_NOSOLOGIQUE,Sepsis sévère | sepsis_severe,,,,,,,,Même type + même contenu avec plusieurs IDs
RA_000132,img20250709_16273897_trace_sepsis_V1.6-V6.5-SELECTIVE_PRECISION.json,DUPLICATE_ENTITY_CONTENT,DATA_AMBIGUITY,0.82,Même contenu mais contextes/pages ou profils relationnels différents.,"P1_E034,P4_E051",LABEL_NOSOLOGIQUE,Sepsis | sepsis,,,,,,,,Même type + même contenu avec plusieurs IDs
RA_000133,img20250709_16273897_trace_sepsis_V1.6-V6.5-SELECTIVE_PRECISION.json,DUPLICATE_ENTITY_CONTENT,DATA_AMBIGUITY,0.82,Même contenu mais contextes/pages ou profils relationnels différents.,"P2_E062,P3_E034",TRAITEMENT,O2 | o2,,,,,,,,Même type + même contenu avec plusieurs IDs
RA_000134,img20250709_16273897_trace_sepsis_V1.6-V6.5-SELECTIVE_PRECISION.json,DUPLICATE_ENTITY_CONTENT,DATA_AMBIGUITY,0.82,Même contenu mais contextes/pages ou profils relationnels différents.,"P4_E050,P5_E023",DEFAILLANCE_ORGANE,SDRA | respiratoire,,,,,,,,Même type + même contenu avec plusieurs IDs
RA_000135,img20250709_16281006_trace_sepsis_V1.6-V6.5-SELECTIVE_PRECISION.json,DUPLICATE_ENTITY_CONTENT,DATA_AMBIGUITY,0.82,Même contenu mais contextes/pages ou profils relationnels différents.,"P1_E010,P6_E006",TRAITEMENT,Inexium | autre,,,,,,,,Même type + même contenu avec plusieurs IDs
RA_000136,img20250709_16281006_trace_sepsis_V1.6-V6.5-SELECTIVE_PRECISION.json,DUPLICATE_ENTITY_CONTENT,DATA_AMBIGUITY,0.82,Même contenu mais contextes/pages ou profils relationnels différents.,"P1_E017,P5_E054",DONNEE_PATIENT,42 ans | 42 | age,,,,,,,,Même type + même contenu avec plusieurs IDs
RA_000137,img20250709_16281006_trace_sepsis_V1.6-V6.5-SELECTIVE_PRECISION.json,DUPLICATE_ENTITY_CONTENT,DATA_AMBIGUITY,0.82,Même contenu mais contextes/pages ou profils relationnels différents.,"P1_E023,P2_E053",LABEL_NOSOLOGIQUE,Acidose métabolique | metabolique,,,,,,,,Même type + même contenu avec plusieurs IDs
RA_000138,img20250709_16281006_trace_sepsis_V1.6-V6.5-SELECTIVE_PRECISION.json,DUPLICATE_ENTITY_CONTENT,AUTO_CORRECTABLE,0.88,Entités dupliquées sur le même contexte avec profils relationnels identiques.,"P5_V66_E002,P6_V66_E002",CONTEXTE_ACQUISITION,pneumopathie nosocomiale,,,,,,,,Même type + même contenu avec plusieurs IDs
RA_000139,img20250709_16281006_trace_sepsis_V1.6-V6.5-SELECTIVE_PRECISION.json,INVALID_RELATION_TARGET_TYPE,SCHEMA_AMBIGUITY,0.8,"L'entité reste plausible comme BIOMARQUEUR, mais la relation presente_symptome exige SYMPTOME.",P5_E044,BIOMARQUEUR,thrombopénie | plaquettes,R_V69K_00045,presente_symptome,P5_E055,P5_E044,BIOMARQUEUR,SYMPTOME,5,Le type cible ne respecte pas l'image TRACE
RA_000140,img20250709_16281006_trace_sepsis_V1.6-V6.5-SELECTIVE_PRECISION.json,INVALID_RELATION_SOURCE_TYPE,SCHEMA_AMBIGUITY,0.8,"L'entité reste plausible comme LABEL_NOSOLOGIQUE, mais la relation a_pour_contexte_acquisition exige COMORBIDITE_ANTECEDENT.",P6_E002,LABEL_NOSOLOGIQUE,pneumopathie nosocomiale | pneumopathie_nosocomiale,R_V69K_00091,a_pour_contexte_acquisition,P6_E002,P6_E023,LABEL_NOSOLOGIQUE,COMORBIDITE_ANTECEDENT,6,Le type source ne respecte pas le domaine TRACE
RA_000141,img20250709_16281006_trace_sepsis_V1.6-V6.5-SELECTIVE_PRECISION.json,INVALID_RELATION_TARGET_TYPE,AUTO_CORRECTABLE,0.86,Plusieurs relations incidentes convergent vers FOYER_INFECTIEUX (2/2).,P6_E001,LABEL_NOSOLOGIQUE,Pneumopathie lobaire inférieure gauche communautaire | pneumopathie_communautaire,R_V69K_00101,micro_organisme_isole_dans,P5_E029,P6_E001,LABEL_NOSOLOGIQUE,FOYER_INFECTIEUX,,Le type cible ne respecte pas l'image TRACE
RA_000142,img20250709_16281006_trace_sepsis_V1.6-V6.5-SELECTIVE_PRECISION.json,INVALID_RELATION_TARGET_TYPE,AUTO_CORRECTABLE,0.86,Plusieurs relations incidentes convergent vers FOYER_INFECTIEUX (2/2).,P6_E001,LABEL_NOSOLOGIQUE,Pneumopathie lobaire inférieure gauche communautaire | pneumopathie_communautaire,R_V69K_00102,micro_organisme_isole_dans,P5_E021,P6_E001,LABEL_NOSOLOGIQUE,FOYER_INFECTIEUX,,Le type cible ne respecte pas l'image TRACE
RA_000143,img20250709_16283177_trace_sepsis_V1.6-V6.5-SELECTIVE_PRECISION.json,DUPLICATE_ENTITY_CONTENT,DATA_AMBIGUITY,0.82,Même contenu mais contextes/pages ou profils relationnels différents.,"P1_E001,P2_E001",LABEL_NOSOLOGIQUE,sepsis sévère | sepsis_severe,,,,,,,,Même type + même contenu avec plusieurs IDs
RA_000144,img20250709_16283177_trace_sepsis_V1.6-V6.5-SELECTIVE_PRECISION.json,DUPLICATE_ENTITY_CONTENT,DATA_AMBIGUITY,0.82,Même contenu mais contextes/pages ou profils relationnels différents.,"P1_E019,P2_E054,P5_E035",DONNEE_PATIENT,Patient | patient,,,,,,,,Même type + même contenu avec plusieurs IDs
RA_000145,img20250709_16283177_trace_sepsis_V1.6-V6.5-SELECTIVE_PRECISION.json,DUPLICATE_ENTITY_CONTENT,DATA_AMBIGUITY,0.82,Même contenu mais contextes/pages ou profils relationnels différents.,"P1_E022,P2_E061",LABEL_NOSOLOGIQUE,sepsis,,,,,,,,Même type + même contenu avec plusieurs IDs
RA_000146,img20250709_16283177_trace_sepsis_V1.6-V6.5-SELECTIVE_PRECISION.json,DUPLICATE_ENTITY_CONTENT,DATA_AMBIGUITY,0.82,Même contenu mais contextes/pages ou profils relationnels différents.,"P2_E004,P5_E026",TRAITEMENT,VANCOMYCINE | antibiotique,,,,,,,,Même type + même contenu avec plusieurs IDs
RA_000147,img20250709_16283177_trace_sepsis_V1.6-V6.5-SELECTIVE_PRECISION.json,DUPLICATE_ENTITY_CONTENT,DATA_AMBIGUITY,0.82,Même contenu mais contextes/pages ou profils relationnels différents.,"P2_E040,P3_E008",SYMPTOME,légèrement confus | confusion,,,,,,,,Même type + même contenu avec plusieurs IDs
RA_000148,img20250709_16283177_trace_sepsis_V1.6-V6.5-SELECTIVE_PRECISION.json,DUPLICATE_ENTITY_CONTENT,DATA_AMBIGUITY,0.82,Même contenu mais contextes/pages ou profils relationnels différents.,"P2_E043,P5_E024",TRAITEMENT,remplissage | remplissage_vasculaire,,,,,,,,Même type + même contenu avec plusieurs IDs
RA_000149,img20250709_16283177_trace_sepsis_V1.6-V6.5-SELECTIVE_PRECISION.json,DUPLICATE_ENTITY_CONTENT,DATA_AMBIGUITY,0.82,Même contenu mais contextes/pages ou profils relationnels différents.,"P2_E062,P6_E065",COMORBIDITE_ANTECEDENT,varices oesophagiennes | varices_oesophagiennes,,,,,,,,Même type + même contenu avec plusieurs IDs
RA_000150,img20250709_16283177_trace_sepsis_V1.6-V6.5-SELECTIVE_PRECISION.json,DUPLICATE_ENTITY_CONTENT,DATA_AMBIGUITY,0.82,Même contenu mais contextes/pages ou profils relationnels différents.,"P2_E069,P6_E070",IMAGERIE_PROCEDURE,Ponction d’ascite | autre,,,,,,,,Même type + même contenu avec plusieurs IDs
RA_000151,img20250709_16283177_trace_sepsis_V1.6-V6.5-SELECTIVE_PRECISION.json,DUPLICATE_ENTITY_CONTENT,DATA_AMBIGUITY,0.82,Même contenu mais contextes/pages ou profils relationnels différents.,"P2_E070,P6_E071",MICRO_ORGANISME,SARM,,,,,,,,Même type + même contenu avec plusieurs IDs
RA_000152,img20250709_16283177_trace_sepsis_V1.6-V6.5-SELECTIVE_PRECISION.json,ORPHAN_RELATION_TARGET,DATA_AMBIGUITY,0.84,Plusieurs endpoints compatibles possibles pour le type attendu POSOLOGIE.,,,,R_V69K_00029,traitement_a_pour_posologie,P2_E027,P2_E028,,,2,Cible absente du graphe
RA_000153,img20250709_16283177_trace_sepsis_V1.6-V6.5-SELECTIVE_PRECISION.json,INVALID_RELATION_TARGET_TYPE,SCHEMA_AMBIGUITY,0.8,"L'entité reste plausible comme SYMPTOME, mais la relation presente_suspicion_infection exige FOYER_INFECTIEUX.",P5_E029,SYMPTOME,Cicatrice inflammatoire avec écoulement purulent | douleur_lombaire,R_V69K_00085,presente_suspicion_infection,P5_E035,P5_E029,SYMPTOME,FOYER_INFECTIEUX,5,Le type cible ne respecte pas l'image TRACE
RA_000154,img20250709_16283177_trace_sepsis_V1.6-V6.5-SELECTIVE_PRECISION.json,INVALID_RELATION_TARGET_TYPE,SCHEMA_AMBIGUITY,0.8,"L'entité reste plausible comme SYMPTOME, mais la relation patient_a_pour_evolution exige EVOLUTION_PRONOSTIC.",P5_E028,SYMPTOME,diminution du syndrome inflammatoire biologique | alteration_etat_general,R_V69K_00088,patient_a_pour_evolution,P5_E035,P5_E028,SYMPTOME,EVOLUTION_PRONOSTIC,5,Le type cible ne respecte pas l'image TRACE
RA_000155,img20250709_16283177_trace_sepsis_V1.6-V6.5-SELECTIVE_PRECISION.json,ORPHAN_RELATION_TARGET,DATA_AMBIGUITY,0.84,Plusieurs endpoints compatibles possibles pour le type attendu DEFAILLANCE_ORGANE.,,,,R_V69K_00092,presente_dysfonction_organe,P6_E047,P6_E005,,,6,Cible absente du graphe
RA_000156,img20250709_16283177_trace_sepsis_V1.6-V6.5-SELECTIVE_PRECISION.json,ORPHAN_RELATION_TARGET,DATA_AMBIGUITY,0.84,Plusieurs endpoints compatibles possibles pour le type attendu POSOLOGIE.,,,,R_V69K_00144,traitement_a_pour_posologie,P2_E031,P2_E028,,,,Cible absente du graphe
RA_000157,img20250709_16283177_trace_sepsis_V1.6-V6.5-SELECTIVE_PRECISION.json,INVALID_RELATION_TARGET_TYPE,SCHEMA_AMBIGUITY,0.8,"L'entité reste plausible comme SIGNE_VITAL, mais la relation presente_symptome exige SYMPTOME.",P6_E025,SIGNE_VITAL,hémorragie digestif | pression_arterielle_systolique,R_V69K_00145,presente_symptome,P1_E019,P6_E025,SIGNE_VITAL,SYMPTOME,,Le type cible ne respecte pas l'image TRACE
RA_000158,img20250709_16295211_trace_sepsis_V1.6-V6.5-SELECTIVE_PRECISION.json,DUPLICATE_ENTITY_CONTENT,DATA_AMBIGUITY,0.82,Même contenu mais contextes/pages ou profils relationnels différents.,"P1_E002,P2_E068,P7_E049",LABEL_NOSOLOGIQUE,sepsis,,,,,,,,Même type + même contenu avec plusieurs IDs
RA_000159,img20250709_16295211_trace_sepsis_V1.6-V6.5-SELECTIVE_PRECISION.json,DUPLICATE_ENTITY_CONTENT,DATA_AMBIGUITY,0.82,Même contenu mais contextes/pages ou profils relationnels différents.,"P1_E005,P2_E003",TRAITEMENT,Clamoxyl | antibiotique,,,,,,,,Même type + même contenu avec plusieurs IDs
RA_000160,img20250709_16295211_trace_sepsis_V1.6-V6.5-SELECTIVE_PRECISION.json,DUPLICATE_ENTITY_CONTENT,DATA_AMBIGUITY,0.82,Même contenu mais contextes/pages ou profils relationnels différents.,"P1_E010,P2_E002",TRAITEMENT,Dalacine | antibiotique,,,,,,,,Même type + même contenu avec plusieurs IDs
RA_000161,img20250709_16295211_trace_sepsis_V1.6-V6.5-SELECTIVE_PRECISION.json,DUPLICATE_ENTITY_CONTENT,DATA_AMBIGUITY,0.82,Même contenu mais contextes/pages ou profils relationnels différents.,"P1_E019,P8_E009",DONNEE_PATIENT,71 ans | 71 | age,,,,,,,,Même type + même contenu avec plusieurs IDs
RA_000162,img20250709_16295211_trace_sepsis_V1.6-V6.5-SELECTIVE_PRECISION.json,DUPLICATE_ENTITY_CONTENT,DATA_AMBIGUITY,0.82,Même contenu mais contextes/pages ou profils relationnels différents.,"P1_E021,P2_E063",SERVICE_MEDICAL,réanimation,,,,,,,,Même type + même contenu avec plusieurs IDs
RA_000163,img20250709_16295211_trace_sepsis_V1.6-V6.5-SELECTIVE_PRECISION.json,DUPLICATE_ENTITY_CONTENT,DATA_AMBIGUITY,0.82,Même contenu mais contextes/pages ou profils relationnels différents.,"P2_E059,P5_E047",LABEL_NOSOLOGIQUE,acidose métabolique | metabolique,,,,,,,,Même type + même contenu avec plusieurs IDs
RA_000164,img20250709_16295211_trace_sepsis_V1.6-V6.5-SELECTIVE_PRECISION.json,DUPLICATE_ENTITY_CONTENT,DATA_AMBIGUITY,0.82,Même contenu mais contextes/pages ou profils relationnels différents.,"P2_E067,P3_E040",TRAITEMENT,O2 | o2,,,,,,,,Même type + même contenu avec plusieurs IDs
RA_000165,img20250709_16295211_trace_sepsis_V1.6-V6.5-SELECTIVE_PRECISION.json,DUPLICATE_ENTITY_CONTENT,DATA_AMBIGUITY,0.82,Même contenu mais contextes/pages ou profils relationnels différents.,"P3_E037,P5_E043,P6_E035,P8_E010",DONNEE_PATIENT,patient,,,,,,,,Même type + même contenu avec plusieurs IDs
RA_000166,img20250709_16295211_trace_sepsis_V1.6-V6.5-SELECTIVE_PRECISION.json,DUPLICATE_ENTITY_CONTENT,DATA_AMBIGUITY,0.82,Même contenu mais contextes/pages ou profils relationnels différents.,"P5_E046,P6_E040",IMAGERIE_PROCEDURE,PDP | pdp,,,,,,,,Même type + même contenu avec plusieurs IDs
RA_000167,img20250709_16295211_trace_sepsis_V1.6-V6.5-SELECTIVE_PRECISION.json,DUPLICATE_ENTITY_CONTENT,DATA_AMBIGUITY,0.82,Même contenu mais contextes/pages ou profils relationnels différents.,"P5_E049,P7_E048,P8_E012",LABEL_NOSOLOGIQUE,choc septique | choc_septique,,,,,,,,Même type + même contenu avec plusieurs IDs
RA_000168,img20250709_16295211_trace_sepsis_V1.6-V6.5-SELECTIVE_PRECISION.json,DUPLICATE_ENTITY_CONTENT,DATA_AMBIGUITY,0.82,Même contenu mais contextes/pages ou profils relationnels différents.,"P6_E044,P7_E052",MICRO_ORGANISME,SARM,,,,,,,,Même type + même contenu avec plusieurs IDs
RA_000169,img20250709_16295211_trace_sepsis_V1.6-V6.5-SELECTIVE_PRECISION.json,DUPLICATE_ENTITY_CONTENT,DATA_AMBIGUITY,0.82,Même contenu mais contextes/pages ou profils relationnels différents.,"P7_E044,P8_E002",DEFAILLANCE_ORGANE,SDRA | respiratoire,,,,,,,,Même type + même contenu avec plusieurs IDs
RA_000170,img20250709_16295211_trace_sepsis_V1.6-V6.5-SELECTIVE_PRECISION.json,ORPHAN_RELATION_SOURCE,DATA_AMBIGUITY,0.84,Plusieurs endpoints compatibles possibles pour le type attendu SERVICE_MEDICAL.,,,,R_V69K_00037,service_medical_accueille,P2_E006,P2_E062,,,2,Source absente du graphe
RA_000171,img20250709_16295211_trace_sepsis_V1.6-V6.5-SELECTIVE_PRECISION.json,INVALID_RELATION_TARGET_TYPE,AUTO_CORRECTABLE,0.97,Plusieurs relations incidentes convergent vers DONNEE_PATIENT (15/15).,P2_E061,DEFAILLANCE_ORGANE,Mr Kokolo | age,R_V69K_00106,service_medical_accueille,P2_E011,P2_E061,DEFAILLANCE_ORGANE,DONNEE_PATIENT,,Le type cible ne respecte pas l'image TRACE
RA_000172,img20250709_16295211_trace_sepsis_V1.6-V6.5-SELECTIVE_PRECISION.json,INVALID_RELATION_TARGET_TYPE,AUTO_CORRECTABLE,0.97,Plusieurs relations incidentes convergent vers DONNEE_PATIENT (15/15).,P2_E061,DEFAILLANCE_ORGANE,Mr Kokolo | age,R_V69K_00107,service_medical_accueille,P1_E021,P2_E061,DEFAILLANCE_ORGANE,DONNEE_PATIENT,,Le type cible ne respecte pas l'image TRACE
RA_000173,img20250709_16295211_trace_sepsis_V1.6-V6.5-SELECTIVE_PRECISION.json,INVALID_RELATION_SOURCE_TYPE,AUTO_CORRECTABLE,0.97,Plusieurs relations incidentes convergent vers DONNEE_PATIENT (15/15).,P2_E061,DEFAILLANCE_ORGANE,Mr Kokolo | age,R_V69K_00113,presente_symptome,P2_E061,P2_E023,DEFAILLANCE_ORGANE,DONNEE_PATIENT,,Le type source ne respecte pas le domaine TRACE
RA_000174,img20250709_16295211_trace_sepsis_V1.6-V6.5-SELECTIVE_PRECISION.json,INVALID_RELATION_TARGET_TYPE,SCHEMA_AMBIGUITY,0.8,"L'entité reste plausible comme SIGNE_VITAL, mais la relation presente_symptome exige SYMPTOME.",P2_E023,SIGNE_VITAL,pic fébrile à 39.4 | 39.4 | temperature_corporelle,R_V69K_00113,presente_symptome,P2_E061,P2_E023,SIGNE_VITAL,SYMPTOME,,Le type cible ne respecte pas l'image TRACE
RA_000175,img20250709_16295211_trace_sepsis_V1.6-V6.5-SELECTIVE_PRECISION.json,INVALID_RELATION_SOURCE_TYPE,AUTO_CORRECTABLE,0.97,Plusieurs relations incidentes convergent vers DONNEE_PATIENT (15/15).,P2_E061,DEFAILLANCE_ORGANE,Mr Kokolo | age,R_V69K_00114,a_pour_label_nosologique,P2_E061,P2_E010,DEFAILLANCE_ORGANE,DONNEE_PATIENT,,Le type source ne respecte pas le domaine TRACE
RA_000176,img20250709_16295211_trace_sepsis_V1.6-V6.5-SELECTIVE_PRECISION.json,INVALID_RELATION_SOURCE_TYPE,AUTO_CORRECTABLE,0.97,Plusieurs relations incidentes convergent vers DONNEE_PATIENT (15/15).,P2_E061,DEFAILLANCE_ORGANE,Mr Kokolo | age,R_V69K_00115,a_pour_label_nosologique,P2_E061,P2_E013,DEFAILLANCE_ORGANE,DONNEE_PATIENT,,Le type source ne respecte pas le domaine TRACE
RA_000177,img20250709_16295211_trace_sepsis_V1.6-V6.5-SELECTIVE_PRECISION.json,INVALID_RELATION_SOURCE_TYPE,AUTO_CORRECTABLE,0.97,Plusieurs relations incidentes convergent vers DONNEE_PATIENT (15/15).,P2_E061,DEFAILLANCE_ORGANE,Mr Kokolo | age,R_V69K_00116,a_pour_label_nosologique,P2_E061,P2_E055,DEFAILLANCE_ORGANE,DONNEE_PATIENT,,Le type source ne respecte pas le domaine TRACE
RA_000178,img20250709_16295211_trace_sepsis_V1.6-V6.5-SELECTIVE_PRECISION.json,INVALID_RELATION_SOURCE_TYPE,AUTO_CORRECTABLE,0.97,Plusieurs relations incidentes convergent vers DONNEE_PATIENT (15/15).,P2_E061,DEFAILLANCE_ORGANE,Mr Kokolo | age,R_V69K_00117,presente_dysfonction_organe,P2_E061,P2_E029,DEFAILLANCE_ORGANE,DONNEE_PATIENT,,Le type source ne respecte pas le domaine TRACE
RA_000179,img20250709_16295211_trace_sepsis_V1.6-V6.5-SELECTIVE_PRECISION.json,INVALID_RELATION_SOURCE_TYPE,AUTO_CORRECTABLE,0.97,Plusieurs relations incidentes convergent vers DONNEE_PATIENT (15/15).,P2_E061,DEFAILLANCE_ORGANE,Mr Kokolo | age,R_V69K_00118,presente_dysfonction_organe,P2_E061,P2_E059,DEFAILLANCE_ORGANE,DONNEE_PATIENT,,Le type source ne respecte pas le domaine TRACE
RA_000180,img20250709_16295211_trace_sepsis_V1.6-V6.5-SELECTIVE_PRECISION.json,INVALID_RELATION_TARGET_TYPE,AUTO_CORRECTABLE,0.89,Plusieurs relations incidentes convergent vers DEFAILLANCE_ORGANE (3/3).,P2_E059,LABEL_NOSOLOGIQUE,acidose métabolique | metabolique,R_V69K_00118,presente_dysfonction_organe,P2_E061,P2_E059,LABEL_NOSOLOGIQUE,DEFAILLANCE_ORGANE,,Le type cible ne respecte pas l'image TRACE
RA_000181,img20250709_16295211_trace_sepsis_V1.6-V6.5-SELECTIVE_PRECISION.json,INVALID_RELATION_SOURCE_TYPE,AUTO_CORRECTABLE,0.97,Plusieurs relations incidentes convergent vers DONNEE_PATIENT (15/15).,P2_E061,DEFAILLANCE_ORGANE,Mr Kokolo | age,R_V69K_00119,presente_dysfonction_organe,P2_E061,P2_E057,DEFAILLANCE_ORGANE,DONNEE_PATIENT,,Le type source ne respecte pas le domaine TRACE
RA_000182,img20250709_16295211_trace_sepsis_V1.6-V6.5-SELECTIVE_PRECISION.json,INVALID_RELATION_SOURCE_TYPE,AUTO_CORRECTABLE,0.97,Plusieurs relations incidentes convergent vers DONNEE_PATIENT (15/15).,P2_E061,DEFAILLANCE_ORGANE,Mr Kokolo | age,R_V69K_00120,presente_symptome,P2_E061,P2_E027,DEFAILLANCE_ORGANE,DONNEE_PATIENT,,Le type source ne respecte pas le domaine TRACE
RA_000183,img20250709_16295211_trace_sepsis_V1.6-V6.5-SELECTIVE_PRECISION.json,INVALID_RELATION_SOURCE_TYPE,AUTO_CORRECTABLE,0.97,Plusieurs relations incidentes convergent vers DONNEE_PATIENT (15/15).,P2_E061,DEFAILLANCE_ORGANE,Mr Kokolo | age,R_V69K_00121,presente_symptome,P2_E061,P2_E028,DEFAILLANCE_ORGANE,DONNEE_PATIENT,,Le type source ne respecte pas le domaine TRACE
RA_000184,img20250709_16295211_trace_sepsis_V1.6-V6.5-SELECTIVE_PRECISION.json,INVALID_RELATION_SOURCE_TYPE,AUTO_CORRECTABLE,0.97,Plusieurs relations incidentes convergent vers DONNEE_PATIENT (15/15).,P2_E061,DEFAILLANCE_ORGANE,Mr Kokolo | age,R_V69K_00122,presente_symptome,P2_E061,P2_E030,DEFAILLANCE_ORGANE,DONNEE_PATIENT,,Le type source ne respecte pas le domaine TRACE
RA_000185,img20250709_16295211_trace_sepsis_V1.6-V6.5-SELECTIVE_PRECISION.json,INVALID_RELATION_SOURCE_TYPE,AUTO_CORRECTABLE,0.97,Plusieurs relations incidentes convergent vers DONNEE_PATIENT (15/15).,P2_E061,DEFAILLANCE_ORGANE,Mr Kokolo | age,R_V69K_00123,presente_symptome,P2_E061,P2_E033,DEFAILLANCE_ORGANE,DONNEE_PATIENT,,Le type source ne respecte pas le domaine TRACE
RA_000186,img20250709_16295211_trace_sepsis_V1.6-V6.5-SELECTIVE_PRECISION.json,INVALID_RELATION_SOURCE_TYPE,AUTO_CORRECTABLE,0.97,Plusieurs relations incidentes convergent vers DONNEE_PATIENT (15/15).,P2_E061,DEFAILLANCE_ORGANE,Mr Kokolo | age,R_V69K_00124,presente_symptome,P2_E061,P2_E036,DEFAILLANCE_ORGANE,DONNEE_PATIENT,,Le type source ne respecte pas le domaine TRACE
RA_000187,img20250709_16295211_trace_sepsis_V1.6-V6.5-SELECTIVE_PRECISION.json,INVALID_RELATION_SOURCE_TYPE,AUTO_CORRECTABLE,0.97,Plusieurs relations incidentes convergent vers DONNEE_PATIENT (15/15).,P2_E061,DEFAILLANCE_ORGANE,Mr Kokolo | age,R_V69K_00125,presente_symptome,P2_E061,P2_E037,DEFAILLANCE_ORGANE,DONNEE_PATIENT,,Le type source ne respecte pas le domaine TRACE
RA_000188,img20250709_16295211_trace_sepsis_V1.6-V6.5-SELECTIVE_PRECISION.json,INVALID_RELATION_SOURCE_TYPE,SCHEMA_AMBIGUITY,0.8,"L'entité reste plausible comme DEFAILLANCE_ORGANE, mais la relation biomarqueur_supporte_defaillance_organe exige BIOMARQUEUR.",P2_E039,DEFAILLANCE_ORGANE,GDS pH 7.22 | 7.22 | pH_arteriel,R_V69K_00128,biomarqueur_supporte_defaillance_organe,P2_E039,P2_E059,DEFAILLANCE_ORGANE,BIOMARQUEUR,,Le type source ne respecte pas le domaine TRACE
RA_000189,img20250709_16295211_trace_sepsis_V1.6-V6.5-SELECTIVE_PRECISION.json,INVALID_RELATION_TARGET_TYPE,AUTO_CORRECTABLE,0.89,Plusieurs relations incidentes convergent vers DEFAILLANCE_ORGANE (3/3).,P2_E059,LABEL_NOSOLOGIQUE,acidose métabolique | metabolique,R_V69K_00128,biomarqueur_supporte_defaillance_organe,P2_E039,P2_E059,LABEL_NOSOLOGIQUE,DEFAILLANCE_ORGANE,,Le type cible ne respecte pas l'image TRACE
RA_000190,img20250709_16295211_trace_sepsis_V1.6-V6.5-SELECTIVE_PRECISION.json,INVALID_RELATION_SOURCE_TYPE,SCHEMA_AMBIGUITY,0.8,"L'entité reste plausible comme DEFAILLANCE_ORGANE, mais la relation biomarqueur_supporte_defaillance_organe exige BIOMARQUEUR.",P2_E041,DEFAILLANCE_ORGANE,bicar 12.5 | 12.5 | bicarbonates,R_V69K_00129,biomarqueur_supporte_defaillance_organe,P2_E041,P2_E059,DEFAILLANCE_ORGANE,BIOMARQUEUR,,Le type source ne respecte pas le domaine TRACE
RA_000191,img20250709_16295211_trace_sepsis_V1.6-V6.5-SELECTIVE_PRECISION.json,INVALID_RELATION_TARGET_TYPE,AUTO_CORRECTABLE,0.89,Plusieurs relations incidentes convergent vers DEFAILLANCE_ORGANE (3/3).,P2_E059,LABEL_NOSOLOGIQUE,acidose métabolique | metabolique,R_V69K_00129,biomarqueur_supporte_defaillance_organe,P2_E041,P2_E059,LABEL_NOSOLOGIQUE,DEFAILLANCE_ORGANE,,Le type cible ne respecte pas l'image TRACE
RA_000192,img20250709_16295211_trace_sepsis_V1.6-V6.5-SELECTIVE_PRECISION.json,INVALID_RELATION_SOURCE_TYPE,SCHEMA_AMBIGUITY,0.8,"L'entité reste plausible comme FOYER_INFECTIEUX, mais la relation micro_organisme_isole_dans exige MICRO_ORGANISME.",P7_E039,FOYER_INFECTIEUX,2 colonie d'enterobacter cloacae BLSE | enterobacter_cloacae_BLSE,R_V69K_00142,micro_organisme_isole_dans,P7_E039,P7_E034,FOYER_INFECTIEUX,MICRO_ORGANISME,,Le type source ne respecte pas le domaine TRACE
RA_000193,img20250709_16295211_trace_sepsis_V1.6-V6.5-SELECTIVE_PRECISION.json,INVALID_RELATION_TARGET_TYPE,SCHEMA_AMBIGUITY,0.8,"L'entité reste plausible comme IMAGERIE_PROCEDURE, mais la relation micro_organisme_isole_dans exige FOYER_INFECTIEUX.",P7_E034,IMAGERIE_PROCEDURE,ECBU positif à la pose de la sonde Urinaire | ECBU,R_V69K_00142,micro_organisme_isole_dans,P7_E039,P7_E034,IMAGERIE_PROCEDURE,FOYER_INFECTIEUX,,Le type cible ne respecte pas l'image TRACE
RA_000194,img20250709_16301193_trace_sepsis_V1.6-V6.5-SELECTIVE_PRECISION.json,DUPLICATE_ENTITY_CONTENT,DATA_AMBIGUITY,0.82,Même contenu mais contextes/pages ou profils relationnels différents.,"P1_E001,P5_E022",LABEL_NOSOLOGIQUE,Choc septique | choc_septique,,,,,,,,Même type + même contenu avec plusieurs IDs
RA_000195,img20250709_16301193_trace_sepsis_V1.6-V6.5-SELECTIVE_PRECISION.json,DUPLICATE_ENTITY_CONTENT,DATA_AMBIGUITY,0.82,Même contenu mais contextes/pages ou profils relationnels différents.,"P1_E023,P4_E036",LABEL_NOSOLOGIQUE,Thrombose | thrombose,,,,,,,,Même type + même contenu avec plusieurs IDs
RA_000196,img20250709_16301193_trace_sepsis_V1.6-V6.5-SELECTIVE_PRECISION.json,DUPLICATE_ENTITY_CONTENT,DATA_AMBIGUITY,0.82,Même contenu mais contextes/pages ou profils relationnels différents.,"P1_E027,P5_E057",IMAGERIE_PROCEDURE,ponction d’ascite | autre,,,,,,,,Même type + même contenu avec plusieurs IDs
RA_000197,img20250709_16301193_trace_sepsis_V1.6-V6.5-SELECTIVE_PRECISION.json,DUPLICATE_ENTITY_CONTENT,DATA_AMBIGUITY,0.82,Même contenu mais contextes/pages ou profils relationnels différents.,"P2_E016,P5_E005",BIOMARQUEUR,hématies à 850/mm3 | 850 | hematies,,,,,,,,Même type + même contenu avec plusieurs IDs
RA_000198,img20250709_16301193_trace_sepsis_V1.6-V6.5-SELECTIVE_PRECISION.json,DUPLICATE_ENTITY_CONTENT,DATA_AMBIGUITY,0.82,Même contenu mais contextes/pages ou profils relationnels différents.,"P2_E057,P3_E038",TRAITEMENT,O2 | o2,,,,,,,,Même type + même contenu avec plusieurs IDs
RA_000199,img20250709_16301193_trace_sepsis_V1.6-V6.5-SELECTIVE_PRECISION.json,INVALID_RELATION_SOURCE_TYPE,AUTO_CORRECTABLE,0.97,Plusieurs relations incidentes convergent vers DONNEE_PATIENT (8/8).,P5_E046,LABEL_NOSOLOGIQUE,La patiente | patient,R_V69K_00047,a_pour_label_nosologique,P5_E046,P5_E022,LABEL_NOSOLOGIQUE,DONNEE_PATIENT,5,Le type source ne respecte pas le domaine TRACE
RA_000200,img20250709_16301193_trace_sepsis_V1.6-V6.5-SELECTIVE_PRECISION.json,INVALID_RELATION_SOURCE_TYPE,AUTO_CORRECTABLE,0.97,Plusieurs relations incidentes convergent vers DONNEE_PATIENT (8/8).,P5_E046,LABEL_NOSOLOGIQUE,La patiente | patient,R_V69K_00048,presente_suspicion_infection,P5_E046,P5_E023,LABEL_NOSOLOGIQUE,DONNEE_PATIENT,5,Le type source ne respecte pas le domaine TRACE
RA_000201,img20250709_16301193_trace_sepsis_V1.6-V6.5-SELECTIVE_PRECISION.json,INVALID_RELATION_SOURCE_TYPE,AUTO_CORRECTABLE,0.97,Plusieurs relations incidentes convergent vers DONNEE_PATIENT (8/8).,P5_E046,LABEL_NOSOLOGIQUE,La patiente | patient,R_V69K_00049,a_pour_label_nosologique,P5_E046,P5_E008,LABEL_NOSOLOGIQUE,DONNEE_PATIENT,5,Le type source ne respecte pas le domaine TRACE
RA_000202,img20250709_16301193_trace_sepsis_V1.6-V6.5-SELECTIVE_PRECISION.json,INVALID_RELATION_SOURCE_TYPE,AUTO_CORRECTABLE,0.97,Plusieurs relations incidentes convergent vers DONNEE_PATIENT (8/8).,P5_E046,LABEL_NOSOLOGIQUE,La patiente | patient,R_V69K_00060,presente_symptome,P5_E046,P5_E002,LABEL_NOSOLOGIQUE,DONNEE_PATIENT,5,Le type source ne respecte pas le domaine TRACE
RA_000203,img20250709_16301193_trace_sepsis_V1.6-V6.5-SELECTIVE_PRECISION.json,INVALID_RELATION_SOURCE_TYPE,AUTO_CORRECTABLE,0.97,Plusieurs relations incidentes convergent vers DONNEE_PATIENT (8/8).,P5_E046,LABEL_NOSOLOGIQUE,La patiente | patient,R_V69K_00061,presente_symptome,P5_E046,P5_E025,LABEL_NOSOLOGIQUE,DONNEE_PATIENT,5,Le type source ne respecte pas le domaine TRACE
RA_000204,img20250709_16301193_trace_sepsis_V1.6-V6.5-SELECTIVE_PRECISION.json,INVALID_RELATION_SOURCE_TYPE,AUTO_CORRECTABLE,0.97,Plusieurs relations incidentes convergent vers DONNEE_PATIENT (8/8).,P5_E046,LABEL_NOSOLOGIQUE,La patiente | patient,R_V69K_00062,a_pour_label_nosologique,P5_E046,P5_E028,LABEL_NOSOLOGIQUE,DONNEE_PATIENT,5,Le type source ne respecte pas le domaine TRACE
RA_000205,img20250709_16301193_trace_sepsis_V1.6-V6.5-SELECTIVE_PRECISION.json,INVALID_RELATION_TARGET_TYPE,SCHEMA_AMBIGUITY,0.8,"L'entité reste plausible comme SYMPTOME, mais la relation a_pour_label_nosologique exige LABEL_NOSOLOGIQUE.",P5_E028,SYMPTOME,Hypokaliémie | hypokaliemie,R_V69K_00062,a_pour_label_nosologique,P5_E046,P5_E028,SYMPTOME,LABEL_NOSOLOGIQUE,5,Le type cible ne respecte pas l'image TRACE
RA_000206,img20250709_16301193_trace_sepsis_V1.6-V6.5-SELECTIVE_PRECISION.json,INVALID_RELATION_SOURCE_TYPE,AUTO_CORRECTABLE,0.97,Plusieurs relations incidentes convergent vers DONNEE_PATIENT (8/8).,P5_E046,LABEL_NOSOLOGIQUE,La patiente | patient,R_V69K_00063,a_pour_label_nosologique,P5_E046,P5_E044,LABEL_NOSOLOGIQUE,DONNEE_PATIENT,5,Le type source ne respecte pas le domaine TRACE
RA_000207,img20250709_16301193_trace_sepsis_V1.6-V6.5-SELECTIVE_PRECISION.json,INVALID_RELATION_SOURCE_TYPE,AUTO_CORRECTABLE,0.97,Plusieurs relations incidentes convergent vers DONNEE_PATIENT (8/8).,P5_E046,LABEL_NOSOLOGIQUE,La patiente | patient,R_V69K_00064,a_pour_label_nosologique,P5_E046,P5_E048,LABEL_NOSOLOGIQUE,DONNEE_PATIENT,5,Le type source ne respecte pas le domaine TRACE
RA_000208,img20250709_16304515_trace_sepsis_V1.6-V6.5-SELECTIVE_PRECISION.json,DUPLICATE_ENTITY_CONTENT,DATA_AMBIGUITY,0.82,Même contenu mais contextes/pages ou profils relationnels différents.,"P2_E028,P5_E038",DONNEE_PATIENT,patient,,,,,,,,Même type + même contenu avec plusieurs IDs
RA_000209,img20250709_16304515_trace_sepsis_V1.6-V6.5-SELECTIVE_PRECISION.json,DUPLICATE_ENTITY_CONTENT,DATA_AMBIGUITY,0.82,Même contenu mais contextes/pages ou profils relationnels différents.,"P5_E019,P6_E012",DEFAILLANCE_ORGANE,SDRA | respiratoire,,,,,,,,Même type + même contenu avec plusieurs IDs
RA_000210,img20250709_16304515_trace_sepsis_V1.6-V6.5-SELECTIVE_PRECISION.json,DUPLICATE_ENTITY_CONTENT,DATA_AMBIGUITY,0.82,Même contenu mais contextes/pages ou profils relationnels différents.,"P5_E024,P6_E010",DEFAILLANCE_ORGANE,insuffisance rénale | renal,,,,,,,,Même type + même contenu avec plusieurs IDs
RA_000211,img20250709_16304515_trace_sepsis_V1.6-V6.5-SELECTIVE_PRECISION.json,INVALID_RELATION_TARGET_TYPE,SCHEMA_AMBIGUITY,0.8,"L'entité reste plausible comme SIGNE_VITAL, mais la relation presente_symptome exige SYMPTOME.",P2_E012,SIGNE_VITAL,tachypnée 50cpm | 50 | frequence_respiratoire,R_V69K_00064,presente_symptome,P1_E015,P2_E012,SIGNE_VITAL,SYMPTOME,,Le type cible ne respecte pas l'image TRACE
RA_000212,img20250709_16304515_trace_sepsis_V1.6-V6.5-SELECTIVE_PRECISION.json,INVALID_RELATION_SOURCE_TYPE,SCHEMA_AMBIGUITY,0.8,"L'entité reste plausible comme FOYER_INFECTIEUX, mais la relation imagerie_objective_foyer exige IMAGERIE_PROCEDURE.",P4_E024,FOYER_INFECTIEUX,Radiographie pulmonaire | radiographie,R_V69K_00065,imagerie_objective_foyer,P4_E024,P4_E025,FOYER_INFECTIEUX,IMAGERIE_PROCEDURE,,Le type source ne respecte pas le domaine TRACE
RA_000213,img20250709_16304515_trace_sepsis_V1.6-V6.5-SELECTIVE_PRECISION.json,INVALID_RELATION_TARGET_TYPE,SCHEMA_AMBIGUITY,0.8,"L'entité reste plausible comme SYMPTOME, mais la relation imagerie_objective_foyer exige FOYER_INFECTIEUX.",P4_E025,SYMPTOME,opacités pulmonaires droites diffuses | dyspnee,R_V69K_00065,imagerie_objective_foyer,P4_E024,P4_E025,SYMPTOME,FOYER_INFECTIEUX,,Le type cible ne respecte pas l'image TRACE
RA_000214,img20250709_16313543_trace_sepsis_V1.6-V6.5-SELECTIVE_PRECISION.json,DUPLICATE_ENTITY_CONTENT,DATA_AMBIGUITY,0.82,Même contenu mais contextes/pages ou profils relationnels différents.,"P1_E011,P6_E001",LABEL_NOSOLOGIQUE,tuberculose pulmonaire | tuberculose,,,,,,,,Même type + même contenu avec plusieurs IDs
RA_000215,img20250709_16313543_trace_sepsis_V1.6-V6.5-SELECTIVE_PRECISION.json,DUPLICATE_ENTITY_CONTENT,DATA_AMBIGUITY,0.82,Même contenu mais contextes/pages ou profils relationnels différents.,"P1_E013,P4_E027",DEFAILLANCE_ORGANE,Détresse respiratoire aiguë | respiratoire,,,,,,,,Même type + même contenu avec plusieurs IDs
RA_000216,img20250709_16313543_trace_sepsis_V1.6-V6.5-SELECTIVE_PRECISION.json,DUPLICATE_ENTITY_CONTENT,DATA_AMBIGUITY,0.82,Même contenu mais contextes/pages ou profils relationnels différents.,"P1_E020,P4_E044",DEFAILLANCE_ORGANE,Détresse respiratoire | détresse_respiratoire,,,,,,,,Même type + même contenu avec plusieurs IDs
RA_000217,img20250709_16313543_trace_sepsis_V1.6-V6.5-SELECTIVE_PRECISION.json,DUPLICATE_ENTITY_CONTENT,DATA_AMBIGUITY,0.82,Même contenu mais contextes/pages ou profils relationnels différents.,"P2_E056,P3_E029,P4_E040",DONNEE_PATIENT,patient,,,,,,,,Même type + même contenu avec plusieurs IDs
RA_000218,img20250709_16313543_trace_sepsis_V1.6-V6.5-SELECTIVE_PRECISION.json,DUPLICATE_ENTITY_CONTENT,DATA_AMBIGUITY,0.82,Même contenu mais contextes/pages ou profils relationnels différents.,"P2_E061,P6_E020",DEFAILLANCE_ORGANE,détresse respiratoire aiguë | respiratoire,,,,,,,,Même type + même contenu avec plusieurs IDs
RA_000219,img20250709_16313543_trace_sepsis_V1.6-V6.5-SELECTIVE_PRECISION.json,DUPLICATE_ENTITY_CONTENT,DATA_AMBIGUITY,0.82,Même contenu mais contextes/pages ou profils relationnels différents.,"P2_E062,P3_E030,P4_E043",TRAITEMENT,O2 | o2,,,,,,,,Même type + même contenu avec plusieurs IDs
RA_000220,img20250709_16313543_trace_sepsis_V1.6-V6.5-SELECTIVE_PRECISION.json,DUPLICATE_ENTITY_CONTENT,AUTO_CORRECTABLE,0.88,Entités dupliquées sur le même contexte avec profils relationnels identiques.,"P2_V66_E001,P4_V66_E001",TRAITEMENT,VNI,,,,,,,,Même type + même contenu avec plusieurs IDs
RA_000221,img20250709_16313543_trace_sepsis_V1.6-V6.5-SELECTIVE_PRECISION.json,DUPLICATE_ENTITY_CONTENT,DATA_AMBIGUITY,0.82,Même contenu mais contextes/pages ou profils relationnels différents.,"P4_E036,P6_E009",TRAITEMENT,trachéotomie | tracheotomie,,,,,,,,Même type + même contenu avec plusieurs IDs
RA_000222,img20250709_16313543_trace_sepsis_V1.6-V6.5-SELECTIVE_PRECISION.json,DUPLICATE_ENTITY_CONTENT,DATA_AMBIGUITY,0.82,Même contenu mais contextes/pages ou profils relationnels différents.,"P4_E041,P5_E043",IMAGERIE_PROCEDURE,ECG | ecg,,,,,,,,Même type + même contenu avec plusieurs IDs
RA_000223,img20250709_16313543_trace_sepsis_V1.6-V6.5-SELECTIVE_PRECISION.json,DUPLICATE_ENTITY_CONTENT,DATA_AMBIGUITY,0.82,Même contenu mais contextes/pages ou profils relationnels différents.,"P5_E005,P6_E010",TRAITEMENT,noradrénaline | vasopresseur,,,,,,,,Même type + même contenu avec plusieurs IDs
RA_000224,img20250709_16313543_trace_sepsis_V1.6-V6.5-SELECTIVE_PRECISION.json,INVALID_RELATION_SOURCE_TYPE,AUTO_CORRECTABLE,0.97,Plusieurs relations incidentes convergent vers DONNEE_PATIENT (13/13).,P5_E042,LABEL_NOSOLOGIQUE,patient,R_V69K_00075,presente_dysfonction_organe,P5_E042,P5_E010,LABEL_NOSOLOGIQUE,DONNEE_PATIENT,5,Le type source ne respecte pas le domaine TRACE
RA_000225,img20250709_16313543_trace_sepsis_V1.6-V6.5-SELECTIVE_PRECISION.json,INVALID_RELATION_SOURCE_TYPE,AUTO_CORRECTABLE,0.97,Plusieurs relations incidentes convergent vers DONNEE_PATIENT (13/13).,P5_E042,LABEL_NOSOLOGIQUE,patient,R_V69K_00077,presente_dysfonction_organe,P5_E042,P5_E015,LABEL_NOSOLOGIQUE,DONNEE_PATIENT,5,Le type source ne respecte pas le domaine TRACE
RA_000226,img20250709_16313543_trace_sepsis_V1.6-V6.5-SELECTIVE_PRECISION.json,INVALID_RELATION_SOURCE_TYPE,AUTO_CORRECTABLE,0.97,Plusieurs relations incidentes convergent vers DONNEE_PATIENT (13/13).,P5_E042,LABEL_NOSOLOGIQUE,patient,R_V69K_00080,a_pour_label_nosologique,P5_E042,P5_E040,LABEL_NOSOLOGIQUE,DONNEE_PATIENT,5,Le type source ne respecte pas le domaine TRACE
RA_000227,img20250709_16313543_trace_sepsis_V1.6-V6.5-SELECTIVE_PRECISION.json,INVALID_RELATION_SOURCE_TYPE,AUTO_CORRECTABLE,0.97,Plusieurs relations incidentes convergent vers DONNEE_PATIENT (13/13).,P5_E042,LABEL_NOSOLOGIQUE,patient,R_V69K_00081,a_pour_label_nosologique,P5_E042,P5_E019,LABEL_NOSOLOGIQUE,DONNEE_PATIENT,5,Le type source ne respecte pas le domaine TRACE
RA_000228,img20250709_16313543_trace_sepsis_V1.6-V6.5-SELECTIVE_PRECISION.json,INVALID_RELATION_TARGET_TYPE,SCHEMA_AMBIGUITY,0.8,"L'entité reste plausible comme DEFAILLANCE_ORGANE, mais la relation a_pour_label_nosologique exige LABEL_NOSOLOGIQUE.",P5_E019,DEFAILLANCE_ORGANE,HTAP | cardiaque,R_V69K_00081,a_pour_label_nosologique,P5_E042,P5_E019,DEFAILLANCE_ORGANE,LABEL_NOSOLOGIQUE,5,Le type cible ne respecte pas l'image TRACE
RA_000229,img20250709_16313543_trace_sepsis_V1.6-V6.5-SELECTIVE_PRECISION.json,INVALID_RELATION_SOURCE_TYPE,AUTO_CORRECTABLE,0.97,Plusieurs relations incidentes convergent vers DONNEE_PATIENT (13/13).,P5_E042,LABEL_NOSOLOGIQUE,patient,R_V69K_00082,a_pour_label_nosologique,P5_E042,P5_E020,LABEL_NOSOLOGIQUE,DONNEE_PATIENT,5,Le type source ne respecte pas le domaine TRACE
RA_000230,img20250709_16313543_trace_sepsis_V1.6-V6.5-SELECTIVE_PRECISION.json,INVALID_RELATION_SOURCE_TYPE,AUTO_CORRECTABLE,0.97,Plusieurs relations incidentes convergent vers DONNEE_PATIENT (13/13).,P5_E042,LABEL_NOSOLOGIQUE,patient,R_V69K_00083,a_pour_label_nosologique,P5_E042,P5_E027,LABEL_NOSOLOGIQUE,DONNEE_PATIENT,5,Le type source ne respecte pas le domaine TRACE
RA_000231,img20250709_16313543_trace_sepsis_V1.6-V6.5-SELECTIVE_PRECISION.json,INVALID_RELATION_SOURCE_TYPE,AUTO_CORRECTABLE,0.97,Plusieurs relations incidentes convergent vers DONNEE_PATIENT (13/13).,P5_E042,LABEL_NOSOLOGIQUE,patient,R_V69K_00084,presente_symptome,P5_E042,P5_E030,LABEL_NOSOLOGIQUE,DONNEE_PATIENT,5,Le type source ne respecte pas le domaine TRACE
RA_000232,img20250709_16313543_trace_sepsis_V1.6-V6.5-SELECTIVE_PRECISION.json,INVALID_RELATION_SOURCE_TYPE,AUTO_CORRECTABLE,0.97,Plusieurs relations incidentes convergent vers DONNEE_PATIENT (13/13).,P5_E042,LABEL_NOSOLOGIQUE,patient,R_V69K_00085,a_pour_label_nosologique,P5_E042,P5_E039,LABEL_NOSOLOGIQUE,DONNEE_PATIENT,5,Le type source ne respecte pas le domaine TRACE
RA_000233,img20250709_16313543_trace_sepsis_V1.6-V6.5-SELECTIVE_PRECISION.json,INVALID_RELATION_TARGET_TYPE,SCHEMA_AMBIGUITY,0.8,"L'entité reste plausible comme SYMPTOME, mais la relation a_pour_label_nosologique exige LABEL_NOSOLOGIQUE.",P5_E039,SYMPTOME,ulcère gastrique,R_V69K_00085,a_pour_label_nosologique,P5_E042,P5_E039,SYMPTOME,LABEL_NOSOLOGIQUE,5,Le type cible ne respecte pas l'image TRACE
RA_000234,img20250709_16313543_trace_sepsis_V1.6-V6.5-SELECTIVE_PRECISION.json,INVALID_RELATION_SOURCE_TYPE,AUTO_CORRECTABLE,0.97,Plusieurs relations incidentes convergent vers DONNEE_PATIENT (13/13).,P5_E042,LABEL_NOSOLOGIQUE,patient,R_V69K_00086,presente_symptome,P5_E042,P5_E035,LABEL_NOSOLOGIQUE,DONNEE_PATIENT,5,Le type source ne respecte pas le domaine TRACE
RA_000235,img20250709_16313543_trace_sepsis_V1.6-V6.5-SELECTIVE_PRECISION.json,INVALID_RELATION_SOURCE_TYPE,AUTO_CORRECTABLE,0.97,Plusieurs relations incidentes convergent vers DONNEE_PATIENT (13/13).,P5_E042,LABEL_NOSOLOGIQUE,patient,R_V69K_00087,presente_symptome,P5_E042,P5_E036,LABEL_NOSOLOGIQUE,DONNEE_PATIENT,5,Le type source ne respecte pas le domaine TRACE
RA_000236,img20250709_16313543_trace_sepsis_V1.6-V6.5-SELECTIVE_PRECISION.json,INVALID_RELATION_SOURCE_TYPE,AUTO_CORRECTABLE,0.97,Plusieurs relations incidentes convergent vers DONNEE_PATIENT (13/13).,P5_E042,LABEL_NOSOLOGIQUE,patient,R_V69K_00088,presente_symptome,P5_E042,P5_E037,LABEL_NOSOLOGIQUE,DONNEE_PATIENT,5,Le type source ne respecte pas le domaine TRACE
RA_000237,img20250709_16313543_trace_sepsis_V1.6-V6.5-SELECTIVE_PRECISION.json,INVALID_RELATION_SOURCE_TYPE,AUTO_CORRECTABLE,0.97,Plusieurs relations incidentes convergent vers DONNEE_PATIENT (13/13).,P5_E042,LABEL_NOSOLOGIQUE,patient,R_V69K_00089,presente_symptome,P5_E042,P5_E038,LABEL_NOSOLOGIQUE,DONNEE_PATIENT,5,Le type source ne respecte pas le domaine TRACE
RA_000238,img20250709_16313543_trace_sepsis_V1.6-V6.5-SELECTIVE_PRECISION.json,INVALID_RELATION_SOURCE_TYPE,AUTO_CORRECTABLE,0.97,Plusieurs relations incidentes convergent vers DONNEE_PATIENT (13/13).,P5_E042,LABEL_NOSOLOGIQUE,patient,R_V69K_00090,presente_dysfonction_organe,P5_E042,P5_E053,LABEL_NOSOLOGIQUE,DONNEE_PATIENT,5,Le type source ne respecte pas le domaine TRACE
RA_000239,img20250709_16313543_trace_sepsis_V1.6-V6.5-SELECTIVE_PRECISION.json,INVALID_RELATION_SOURCE_TYPE,AUTO_CORRECTABLE,0.97,Plusieurs relations incidentes convergent vers DONNEE_PATIENT (9/9).,P6_E025,LABEL_NOSOLOGIQUE,Patient | patient,R_V69K_00102,a_pour_label_nosologique,P6_E025,P6_E001,LABEL_NOSOLOGIQUE,DONNEE_PATIENT,6,Le type source ne respecte pas le domaine TRACE
RA_000240,img20250709_16313543_trace_sepsis_V1.6-V6.5-SELECTIVE_PRECISION.json,INVALID_RELATION_SOURCE_TYPE,AUTO_CORRECTABLE,0.97,Plusieurs relations incidentes convergent vers DONNEE_PATIENT (9/9).,P6_E025,LABEL_NOSOLOGIQUE,Patient | patient,R_V69K_00103,presente_suspicion_infection,P6_E025,P6_E002,LABEL_NOSOLOGIQUE,DONNEE_PATIENT,6,Le type source ne respecte pas le domaine TRACE
RA_000241,img20250709_16313543_trace_sepsis_V1.6-V6.5-SELECTIVE_PRECISION.json,INVALID_RELATION_SOURCE_TYPE,AUTO_CORRECTABLE,0.97,Plusieurs relations incidentes convergent vers DONNEE_PATIENT (9/9).,P6_E025,LABEL_NOSOLOGIQUE,Patient | patient,R_V69K_00104,presente_dysfonction_organe,P6_E025,P6_E012,LABEL_NOSOLOGIQUE,DONNEE_PATIENT,6,Le type source ne respecte pas le domaine TRACE
RA_000242,img20250709_16313543_trace_sepsis_V1.6-V6.5-SELECTIVE_PRECISION.json,INVALID_RELATION_SOURCE_TYPE,AUTO_CORRECTABLE,0.97,Plusieurs relations incidentes convergent vers DONNEE_PATIENT (9/9).,P6_E025,LABEL_NOSOLOGIQUE,Patient | patient,R_V69K_00105,presente_dysfonction_organe,P6_E025,P6_E013,LABEL_NOSOLOGIQUE,DONNEE_PATIENT,6,Le type source ne respecte pas le domaine TRACE
RA_000243,img20250709_16313543_trace_sepsis_V1.6-V6.5-SELECTIVE_PRECISION.json,INVALID_RELATION_SOURCE_TYPE,AUTO_CORRECTABLE,0.97,Plusieurs relations incidentes convergent vers DONNEE_PATIENT (9/9).,P6_E025,LABEL_NOSOLOGIQUE,Patient | patient,R_V69K_00106,a_pour_label_nosologique,P6_E025,P6_E014,LABEL_NOSOLOGIQUE,DONNEE_PATIENT,6,Le type source ne respecte pas le domaine TRACE
RA_000244,img20250709_16313543_trace_sepsis_V1.6-V6.5-SELECTIVE_PRECISION.json,INVALID_RELATION_SOURCE_TYPE,AUTO_CORRECTABLE,0.97,Plusieurs relations incidentes convergent vers DONNEE_PATIENT (9/9).,P6_E025,LABEL_NOSOLOGIQUE,Patient | patient,R_V69K_00107,presente_symptome,P6_E025,P6_E021,LABEL_NOSOLOGIQUE,DONNEE_PATIENT,6,Le type source ne respecte pas le domaine TRACE
RA_000245,img20250709_16313543_trace_sepsis_V1.6-V6.5-SELECTIVE_PRECISION.json,INVALID_RELATION_SOURCE_TYPE,AUTO_CORRECTABLE,0.97,Plusieurs relations incidentes convergent vers DONNEE_PATIENT (9/9).,P6_E025,LABEL_NOSOLOGIQUE,Patient | patient,R_V69K_00108,presente_dysfonction_organe,P6_E025,P6_E020,LABEL_NOSOLOGIQUE,DONNEE_PATIENT,6,Le type source ne respecte pas le domaine TRACE
RA_000246,img20250709_16313543_trace_sepsis_V1.6-V6.5-SELECTIVE_PRECISION.json,INVALID_RELATION_SOURCE_TYPE,AUTO_CORRECTABLE,0.97,Plusieurs relations incidentes convergent vers DONNEE_PATIENT (9/9).,P6_E025,LABEL_NOSOLOGIQUE,Patient | patient,R_V69K_00109,a_pour_label_nosologique,P6_E025,P6_E022,LABEL_NOSOLOGIQUE,DONNEE_PATIENT,6,Le type source ne respecte pas le domaine TRACE
RA_000247,img20250709_16313543_trace_sepsis_V1.6-V6.5-SELECTIVE_PRECISION.json,INVALID_RELATION_TARGET_TYPE,SCHEMA_AMBIGUITY,0.8,"L'entité reste plausible comme DEFAILLANCE_ORGANE, mais la relation a_pour_label_nosologique exige LABEL_NOSOLOGIQUE.",P6_E022,DEFAILLANCE_ORGANE,HTAP secondaire aux lésions pulmonaires | autre,R_V69K_00109,a_pour_label_nosologique,P6_E025,P6_E022,DEFAILLANCE_ORGANE,LABEL_NOSOLOGIQUE,6,Le type cible ne respecte pas l'image TRACE
RA_000248,img20250709_16313543_trace_sepsis_V1.6-V6.5-SELECTIVE_PRECISION.json,INVALID_RELATION_SOURCE_TYPE,AUTO_CORRECTABLE,0.97,Plusieurs relations incidentes convergent vers DONNEE_PATIENT (9/9).,P6_E025,LABEL_NOSOLOGIQUE,Patient | patient,R_V69K_00110,a_pour_label_nosologique,P6_E025,P6_E031,LABEL_NOSOLOGIQUE,DONNEE_PATIENT,6,Le type source ne respecte pas le domaine TRACE
RA_000249,img20250709_16313543_trace_sepsis_V1.6-V6.5-SELECTIVE_PRECISION.json,INVALID_RELATION_TARGET_TYPE,SCHEMA_AMBIGUITY,0.8,"L'entité reste plausible comme DONNEE_PATIENT, mais la relation presente_symptome exige SYMPTOME.",P1_E017,DONNEE_PATIENT,perte d'environ 20 kg | poids_kg,R_V69K_00132,presente_symptome,P1_E018,P1_E017,DONNEE_PATIENT,SYMPTOME,,Le type cible ne respecte pas l'image TRACE
RA_000250,img20250709_16321359_trace_sepsis_V1.6-V6.5-SELECTIVE_PRECISION.json,DUPLICATE_ENTITY_CONTENT,DATA_AMBIGUITY,0.82,Même contenu mais contextes/pages ou profils relationnels différents.,"P1_E002,P2_E005",DEFAILLANCE_ORGANE,détresse respiratoire | respiratoire,,,,,,,,Même type + même contenu avec plusieurs IDs
RA_000251,img20250709_16321359_trace_sepsis_V1.6-V6.5-SELECTIVE_PRECISION.json,DUPLICATE_ENTITY_CONTENT,DATA_AMBIGUITY,0.82,Même contenu mais contextes/pages ou profils relationnels différents.,"P2_E038,P5_E006",DONNEE_PATIENT,Patiente | patient,,,,,,,,Même type + même contenu avec plusieurs IDs
RA_000252,img20250709_16321359_trace_sepsis_V1.6-V6.5-SELECTIVE_PRECISION.json,INVALID_RELATION_SOURCE_TYPE,AUTO_CORRECTABLE,0.97,Plusieurs relations incidentes convergent vers DONNEE_PATIENT (10/10).,P4_E036,DEFAILLANCE_ORGANE,La patiente | patient,R_V69K_00040,a_pour_label_nosologique,P4_E036,P4_E001,DEFAILLANCE_ORGANE,DONNEE_PATIENT,4,Le type source ne respecte pas le domaine TRACE
RA_000253,img20250709_16321359_trace_sepsis_V1.6-V6.5-SELECTIVE_PRECISION.json,INVALID_RELATION_SOURCE_TYPE,AUTO_CORRECTABLE,0.97,Plusieurs relations incidentes convergent vers DONNEE_PATIENT (10/10).,P4_E036,DEFAILLANCE_ORGANE,La patiente | patient,R_V69K_00041,presente_suspicion_infection,P4_E036,P4_E002,DEFAILLANCE_ORGANE,DONNEE_PATIENT,4,Le type source ne respecte pas le domaine TRACE
RA_000254,img20250709_16321359_trace_sepsis_V1.6-V6.5-SELECTIVE_PRECISION.json,INVALID_RELATION_SOURCE_TYPE,AUTO_CORRECTABLE,0.97,Plusieurs relations incidentes convergent vers DONNEE_PATIENT (10/10).,P4_E036,DEFAILLANCE_ORGANE,La patiente | patient,R_V69K_00042,presente_dysfonction_organe,P4_E036,P4_E031,DEFAILLANCE_ORGANE,DONNEE_PATIENT,4,Le type source ne respecte pas le domaine TRACE
RA_000255,img20250709_16321359_trace_sepsis_V1.6-V6.5-SELECTIVE_PRECISION.json,INVALID_RELATION_SOURCE_TYPE,AUTO_CORRECTABLE,0.97,Plusieurs relations incidentes convergent vers DONNEE_PATIENT (10/10).,P4_E036,DEFAILLANCE_ORGANE,La patiente | patient,R_V69K_00054,presente_symptome,P4_E036,P4_E032,DEFAILLANCE_ORGANE,DONNEE_PATIENT,4,Le type source ne respecte pas le domaine TRACE
RA_000256,img20250709_16321359_trace_sepsis_V1.6-V6.5-SELECTIVE_PRECISION.json,INVALID_RELATION_SOURCE_TYPE,AUTO_CORRECTABLE,0.97,Plusieurs relations incidentes convergent vers DONNEE_PATIENT (10/10).,P4_E036,DEFAILLANCE_ORGANE,La patiente | patient,R_V69K_00055,presente_symptome,P4_E036,P4_E033,DEFAILLANCE_ORGANE,DONNEE_PATIENT,4,Le type source ne respecte pas le domaine TRACE
RA_000257,img20250709_16321359_trace_sepsis_V1.6-V6.5-SELECTIVE_PRECISION.json,INVALID_RELATION_SOURCE_TYPE,AUTO_CORRECTABLE,0.97,Plusieurs relations incidentes convergent vers DONNEE_PATIENT (10/10).,P4_E036,DEFAILLANCE_ORGANE,La patiente | patient,R_V69K_00057,patient_a_pour_evolution,P4_E036,P4_E049,DEFAILLANCE_ORGANE,DONNEE_PATIENT,4,Le type source ne respecte pas le domaine TRACE
RA_000258,img20250709_16321359_trace_sepsis_V1.6-V6.5-SELECTIVE_PRECISION.json,INVALID_RELATION_SOURCE_TYPE,AUTO_CORRECTABLE,0.97,Plusieurs relations incidentes convergent vers DONNEE_PATIENT (10/10).,P4_E036,DEFAILLANCE_ORGANE,La patiente | patient,R_V69K_00058,presente_dysfonction_organe,P4_E036,P4_E039,DEFAILLANCE_ORGANE,DONNEE_PATIENT,4,Le type source ne respecte pas le domaine TRACE
RA_000259,img20250709_16321359_trace_sepsis_V1.6-V6.5-SELECTIVE_PRECISION.json,INVALID_RELATION_TARGET_TYPE,SCHEMA_AMBIGUITY,0.8,"L'entité reste plausible comme SYMPTOME, mais la relation presente_dysfonction_organe exige DEFAILLANCE_ORGANE.",P4_E039,SYMPTOME,anurie | renal,R_V69K_00058,presente_dysfonction_organe,P4_E036,P4_E039,SYMPTOME,DEFAILLANCE_ORGANE,4,Le type cible ne respecte pas l'image TRACE
RA_000260,img20250709_16321359_trace_sepsis_V1.6-V6.5-SELECTIVE_PRECISION.json,INVALID_RELATION_SOURCE_TYPE,AUTO_CORRECTABLE,0.97,Plusieurs relations incidentes convergent vers DONNEE_PATIENT (10/10).,P4_E036,DEFAILLANCE_ORGANE,La patiente | patient,R_V69K_00059,presente_dysfonction_organe,P4_E036,P4_E041,DEFAILLANCE_ORGANE,DONNEE_PATIENT,4,Le type source ne respecte pas le domaine TRACE
RA_000261,img20250709_16321359_trace_sepsis_V1.6-V6.5-SELECTIVE_PRECISION.json,INVALID_RELATION_SOURCE_TYPE,AUTO_CORRECTABLE,0.97,Plusieurs relations incidentes convergent vers DONNEE_PATIENT (10/10).,P4_E036,DEFAILLANCE_ORGANE,La patiente | patient,R_V69K_00060,presente_symptome,P4_E036,P4_E043,DEFAILLANCE_ORGANE,DONNEE_PATIENT,4,Le type source ne respecte pas le domaine TRACE
RA_000262,img20250709_16321359_trace_sepsis_V1.6-V6.5-SELECTIVE_PRECISION.json,INVALID_RELATION_SOURCE_TYPE,AUTO_CORRECTABLE,0.97,Plusieurs relations incidentes convergent vers DONNEE_PATIENT (10/10).,P4_E036,DEFAILLANCE_ORGANE,La patiente | patient,R_V69K_00061,patient_a_pour_evolution,P4_E036,P4_E047,DEFAILLANCE_ORGANE,DONNEE_PATIENT,4,Le type source ne respecte pas le domaine TRACE
RA_000263,img20250709_16321359_trace_sepsis_V1.6-V6.5-SELECTIVE_PRECISION.json,INVALID_RELATION_SOURCE_TYPE,AUTO_CORRECTABLE,0.97,Plusieurs relations incidentes convergent vers DONNEE_PATIENT (10/10).,P4_E036,DEFAILLANCE_ORGANE,La patiente | patient,,presente_dysfonction_organe,P4_E036,P4_V75_001,DEFAILLANCE_ORGANE,DONNEE_PATIENT,,Le type source ne respecte pas le domaine TRACE
RA_000264,img20250709_16331952_trace_sepsis_V1.6-V6.5-SELECTIVE_PRECISION.json,DUPLICATE_ENTITY_CONTENT,DATA_AMBIGUITY,0.82,Même contenu mais contextes/pages ou profils relationnels différents.,"P1_E001,P2_E049,P4_E006,P5_E049",LABEL_NOSOLOGIQUE,choc septique | choc_septique,,,,,,,,Même type + même contenu avec plusieurs IDs
RA_000265,img20250709_16331952_trace_sepsis_V1.6-V6.5-SELECTIVE_PRECISION.json,DUPLICATE_ENTITY_CONTENT,DATA_AMBIGUITY,0.82,Même contenu mais contextes/pages ou profils relationnels différents.,"P1_E020,P5_E041,P7_E041",DONNEE_PATIENT,Patient | patient,,,,,,,,Même type + même contenu avec plusieurs IDs
RA_000266,img20250709_16331952_trace_sepsis_V1.6-V6.5-SELECTIVE_PRECISION.json,DUPLICATE_ENTITY_CONTENT,DATA_AMBIGUITY,0.82,Même contenu mais contextes/pages ou profils relationnels différents.,"P1_E021,P2_E035",SERVICE_MEDICAL,réanimation,,,,,,,,Même type + même contenu avec plusieurs IDs
RA_000267,img20250709_16331952_trace_sepsis_V1.6-V6.5-SELECTIVE_PRECISION.json,DUPLICATE_ENTITY_CONTENT,DATA_AMBIGUITY,0.82,Même contenu mais contextes/pages ou profils relationnels différents.,"P1_E022,P2_E043",SERVICE_MEDICAL,urgences,,,,,,,,Même type + même contenu avec plusieurs IDs
RA_000268,img20250709_16331952_trace_sepsis_V1.6-V6.5-SELECTIVE_PRECISION.json,DUPLICATE_ENTITY_CONTENT,DATA_AMBIGUITY,0.82,Même contenu mais contextes/pages ou profils relationnels différents.,"P1_E024,P2_E054",EVENEMENT_TEMPOREL,2013 | date_clinique,,,,,,,,Même type + même contenu avec plusieurs IDs
RA_000269,img20250709_16331952_trace_sepsis_V1.6-V6.5-SELECTIVE_PRECISION.json,DUPLICATE_ENTITY_CONTENT,DATA_AMBIGUITY,0.82,Même contenu mais contextes/pages ou profils relationnels différents.,"P2_E004,P4_E014",TRAITEMENT,noradrénaline | vasopresseur,,,,,,,,Même type + même contenu avec plusieurs IDs
RA_000270,img20250709_16331952_trace_sepsis_V1.6-V6.5-SELECTIVE_PRECISION.json,DUPLICATE_ENTITY_CONTENT,DATA_AMBIGUITY,0.82,Même contenu mais contextes/pages ou profils relationnels différents.,"P2_E045,P4_E034",IMAGERIE_PROCEDURE,ECG | ecg,,,,,,,,Même type + même contenu avec plusieurs IDs
RA_000271,img20250709_16331952_trace_sepsis_V1.6-V6.5-SELECTIVE_PRECISION.json,DUPLICATE_ENTITY_CONTENT,DATA_AMBIGUITY,0.82,Même contenu mais contextes/pages ou profils relationnels différents.,"P4_E007,P5_E008,P7_E008",DEFAILLANCE_ORGANE,SDRA | respiratoire,,,,,,,,Même type + même contenu avec plusieurs IDs
RA_000272,img20250709_16331952_trace_sepsis_V1.6-V6.5-SELECTIVE_PRECISION.json,DUPLICATE_ENTITY_CONTENT,DATA_AMBIGUITY,0.82,Même contenu mais contextes/pages ou profils relationnels différents.,"P4_E011,P5_E027",IMAGERIE_PROCEDURE,PDP,,,,,,,,Même type + même contenu avec plusieurs IDs
RA_000273,img20250709_16331952_trace_sepsis_V1.6-V6.5-SELECTIVE_PRECISION.json,DUPLICATE_ENTITY_CONTENT,DATA_AMBIGUITY,0.82,Même contenu mais contextes/pages ou profils relationnels différents.,"P4_E023,P7_E023",LABEL_NOSOLOGIQUE,sepsis,,,,,,,,Même type + même contenu avec plusieurs IDs
RA_000274,img20250709_16331952_trace_sepsis_V1.6-V6.5-SELECTIVE_PRECISION.json,DUPLICATE_ENTITY_CONTENT,DATA_AMBIGUITY,0.82,Même contenu mais contextes/pages ou profils relationnels différents.,"P4_E033,P7_E042",DONNEE_PATIENT,60 ans | age,,,,,,,,Même type + même contenu avec plusieurs IDs
RA_000275,img20250709_16331952_trace_sepsis_V1.6-V6.5-SELECTIVE_PRECISION.json,DUPLICATE_ENTITY_CONTENT,DATA_AMBIGUITY,0.82,Même contenu mais contextes/pages ou profils relationnels différents.,"P4_E035,P6_E030",IMAGERIE_PROCEDURE,ETT | ett,,,,,,,,Même type + même contenu avec plusieurs IDs
RA_000276,img20250709_16331952_trace_sepsis_V1.6-V6.5-SELECTIVE_PRECISION.json,DUPLICATE_ENTITY_CONTENT,DATA_AMBIGUITY,0.82,Même contenu mais contextes/pages ou profils relationnels différents.,"P4_E036,P7_E044",DEFAILLANCE_ORGANE,insuffisance rénale | renal,,,,,,,,Même type + même contenu avec plusieurs IDs
RA_000277,img20250709_16331952_trace_sepsis_V1.6-V6.5-SELECTIVE_PRECISION.json,DUPLICATE_ENTITY_CONTENT,DATA_AMBIGUITY,0.82,Même contenu mais contextes/pages ou profils relationnels différents.,"P5_E017,P7_E009",DEFAILLANCE_ORGANE,insuffisance rénale aiguë | renal,,,,,,,,Même type + même contenu avec plusieurs IDs
RA_000278,img20250709_16331952_trace_sepsis_V1.6-V6.5-SELECTIVE_PRECISION.json,DUPLICATE_ENTITY_CONTENT,DATA_AMBIGUITY,0.82,Même contenu mais contextes/pages ou profils relationnels différents.,"P5_E047,P6_E035",TRAITEMENT,augmentin,,,,,,,,Même type + même contenu avec plusieurs IDs
RA_000279,img20250709_16331952_trace_sepsis_V1.6-V6.5-SELECTIVE_PRECISION.json,DUPLICATE_ENTITY_CONTENT,DATA_AMBIGUITY,0.82,Même contenu mais contextes/pages ou profils relationnels différents.,"P5_E057,P6_E047,P7_E035",MICRO_ORGANISME,SARM,,,,,,,,Même type + même contenu avec plusieurs IDs
RA_000280,img20250709_16331952_trace_sepsis_V1.6-V6.5-SELECTIVE_PRECISION.json,DUPLICATE_ENTITY_CONTENT,DATA_AMBIGUITY,0.82,Même contenu mais contextes/pages ou profils relationnels différents.,"P7_E001,P8_E001",TRAITEMENT,Colimycine | antibiotique,,,,,,,,Même type + même contenu avec plusieurs IDs
RA_000281,img20250709_16331952_trace_sepsis_V1.6-V6.5-SELECTIVE_PRECISION.json,DUPLICATE_ENTITY_CONTENT,DATA_AMBIGUITY,0.82,Même contenu mais contextes/pages ou profils relationnels différents.,"P7_E036,P8_E022",MICRO_ORGANISME,acinetobacter baumani | acinetobacter_baumani,,,,,,,,Même type + même contenu avec plusieurs IDs
RA_000282,img20250709_16331952_trace_sepsis_V1.6-V6.5-SELECTIVE_PRECISION.json,INVALID_RELATION_SOURCE_TYPE,AUTO_CORRECTABLE,0.97,Plusieurs relations incidentes convergent vers DONNEE_PATIENT (6/6).,P4_E032,DEFAILLANCE_ORGANE,patient,R_V69K_00045,a_pour_label_nosologique,P4_E032,P4_E006,DEFAILLANCE_ORGANE,DONNEE_PATIENT,4,Le type source ne respecte pas le domaine TRACE
RA_000283,img20250709_16331952_trace_sepsis_V1.6-V6.5-SELECTIVE_PRECISION.json,INVALID_RELATION_SOURCE_TYPE,AUTO_CORRECTABLE,0.97,Plusieurs relations incidentes convergent vers DONNEE_PATIENT (6/6).,P4_E032,DEFAILLANCE_ORGANE,patient,R_V69K_00046,presente_dysfonction_organe,P4_E032,P4_E007,DEFAILLANCE_ORGANE,DONNEE_PATIENT,4,Le type source ne respecte pas le domaine TRACE
RA_000284,img20250709_16331952_trace_sepsis_V1.6-V6.5-SELECTIVE_PRECISION.json,INVALID_RELATION_SOURCE_TYPE,AUTO_CORRECTABLE,0.97,Plusieurs relations incidentes convergent vers DONNEE_PATIENT (6/6).,P4_E032,DEFAILLANCE_ORGANE,patient,R_V69K_00047,presente_dysfonction_organe,P4_E032,P4_E008,DEFAILLANCE_ORGANE,DONNEE_PATIENT,4,Le type source ne respecte pas le domaine TRACE
RA_000285,img20250709_16331952_trace_sepsis_V1.6-V6.5-SELECTIVE_PRECISION.json,INVALID_RELATION_SOURCE_TYPE,AUTO_CORRECTABLE,0.97,Plusieurs relations incidentes convergent vers DONNEE_PATIENT (6/6).,P4_E032,DEFAILLANCE_ORGANE,patient,R_V69K_00048,presente_dysfonction_organe,P4_E032,P4_E036,DEFAILLANCE_ORGANE,DONNEE_PATIENT,4,Le type source ne respecte pas le domaine TRACE
RA_000286,img20250709_16331952_trace_sepsis_V1.6-V6.5-SELECTIVE_PRECISION.json,INVALID_RELATION_SOURCE_TYPE,AUTO_CORRECTABLE,0.97,Plusieurs relations incidentes convergent vers DONNEE_PATIENT (6/6).,P4_E032,DEFAILLANCE_ORGANE,patient,R_V69K_00049,presente_dysfonction_organe,P4_E032,P4_E029,DEFAILLANCE_ORGANE,DONNEE_PATIENT,4,Le type source ne respecte pas le domaine TRACE
RA_000287,img20250709_16331952_trace_sepsis_V1.6-V6.5-SELECTIVE_PRECISION.json,INVALID_RELATION_TARGET_TYPE,SCHEMA_AMBIGUITY,0.8,"L'entité reste plausible comme SYMPTOME, mais la relation presente_dysfonction_organe exige DEFAILLANCE_ORGANE.",P4_E029,SYMPTOME,anurie | renal,R_V69K_00049,presente_dysfonction_organe,P4_E032,P4_E029,SYMPTOME,DEFAILLANCE_ORGANE,4,Le type cible ne respecte pas l'image TRACE
RA_000288,img20250709_16331952_trace_sepsis_V1.6-V6.5-SELECTIVE_PRECISION.json,INVALID_RELATION_SOURCE_TYPE,AUTO_CORRECTABLE,0.97,Plusieurs relations incidentes convergent vers DONNEE_PATIENT (6/6).,P4_E032,DEFAILLANCE_ORGANE,patient,R_V69K_00058,presente_suspicion_infection,P4_E032,P4_E030,DEFAILLANCE_ORGANE,DONNEE_PATIENT,4,Le type source ne respecte pas le domaine TRACE
RA_000289,img20250709_16331952_trace_sepsis_V1.6-V6.5-SELECTIVE_PRECISION.json,INVALID_RELATION_TARGET_TYPE,SCHEMA_AMBIGUITY,0.8,"L'entité reste plausible comme DEFAILLANCE_ORGANE, mais la relation presente_symptome exige SYMPTOME.",P6_E014,DEFAILLANCE_ORGANE,lésion spontanément dense d'environ 25 mm du muscle piriforme gauche | lésion du muscle piriforme,R_V69K_00111,presente_symptome,P6_E028,P6_E014,DEFAILLANCE_ORGANE,SYMPTOME,6,Le type cible ne respecte pas l'image TRACE
RA_000290,img20250709_16340712_trace_sepsis_V1.6-V6.5-SELECTIVE_PRECISION.json,DUPLICATE_ENTITY_CONTENT,DATA_AMBIGUITY,0.82,Même contenu mais contextes/pages ou profils relationnels différents.,"P1_E001,P4_E015",COMORBIDITE_ANTECEDENT,BPCO,,,,,,,,Même type + même contenu avec plusieurs IDs
RA_000291,img20250709_16340712_trace_sepsis_V1.6-V6.5-SELECTIVE_PRECISION.json,DUPLICATE_ENTITY_CONTENT,DATA_AMBIGUITY,0.82,Même contenu mais contextes/pages ou profils relationnels différents.,"P1_E024,P5_E049",DONNEE_PATIENT,Patient | patient,,,,,,,,Même type + même contenu avec plusieurs IDs
RA_000292,img20250709_16340712_trace_sepsis_V1.6-V6.5-SELECTIVE_PRECISION.json,DUPLICATE_ENTITY_CONTENT,DATA_AMBIGUITY,0.82,Même contenu mais contextes/pages ou profils relationnels différents.,"P1_E028,P6_E043",POSOLOGIE,30 UI | posologie,,,,,,,,Même type + même contenu avec plusieurs IDs
RA_000293,img20250709_16340712_trace_sepsis_V1.6-V6.5-SELECTIVE_PRECISION.json,DUPLICATE_ENTITY_CONTENT,DATA_AMBIGUITY,0.82,Même contenu mais contextes/pages ou profils relationnels différents.,"P2_E019,P4_E016",TRAITEMENT,Oxygénothérapie au masque haute concentration | Oxygénothérapie | oxygenotherapie,,,,,,,,Même type + même contenu avec plusieurs IDs
RA_000294,img20250709_16340712_trace_sepsis_V1.6-V6.5-SELECTIVE_PRECISION.json,DUPLICATE_ENTITY_CONTENT,DATA_AMBIGUITY,0.82,Même contenu mais contextes/pages ou profils relationnels différents.,"P2_E022,P5_E009",TRAITEMENT,Rovamycine | antibiotique,,,,,,,,Même type + même contenu avec plusieurs IDs
RA_000295,img20250709_16340712_trace_sepsis_V1.6-V6.5-SELECTIVE_PRECISION.json,DUPLICATE_ENTITY_CONTENT,DATA_AMBIGUITY,0.82,Même contenu mais contextes/pages ou profils relationnels différents.,"P2_E052,P3_E034",TRAITEMENT,O2 | o2,,,,,,,,Même type + même contenu avec plusieurs IDs
RA_000296,img20250709_16340712_trace_sepsis_V1.6-V6.5-SELECTIVE_PRECISION.json,DUPLICATE_ENTITY_CONTENT,DATA_AMBIGUITY,0.82,Même contenu mais contextes/pages ou profils relationnels différents.,"P2_E053,P5_E061",LABEL_NOSOLOGIQUE,syndrome inflammatoire | syndrome_inflammatoire,,,,,,,,Même type + même contenu avec plusieurs IDs
RA_000297,img20250709_16340712_trace_sepsis_V1.6-V6.5-SELECTIVE_PRECISION.json,DUPLICATE_ENTITY_CONTENT,DATA_AMBIGUITY,0.82,Même contenu mais contextes/pages ou profils relationnels différents.,"P4_E035,P6_E009",TRAITEMENT,drainage thoracique | drainage,,,,,,,,Même type + même contenu avec plusieurs IDs
RA_000298,img20250709_16340712_trace_sepsis_V1.6-V6.5-SELECTIVE_PRECISION.json,DUPLICATE_ENTITY_CONTENT,AUTO_CORRECTABLE,0.88,Entités dupliquées sur le même contexte avec profils relationnels identiques.,"P4_V66_E002,P6_V66_E001",MICRO_ORGANISME,pneumocoque,,,,,,,,Même type + même contenu avec plusieurs IDs
RA_000299,img20250709_16340712_trace_sepsis_V1.6-V6.5-SELECTIVE_PRECISION.json,ORPHAN_RELATION_SOURCE,DATA_AMBIGUITY,0.84,Plusieurs endpoints compatibles possibles pour le type attendu TRAITEMENT.,,,,R_V69K_00048,traitement_administre_a,P5_E024,P5_E049,,,5,Source absente du graphe
RA_000300,img20250709_16344492_trace_sepsis_V1.6-V6.5-SELECTIVE_PRECISION.json,DUPLICATE_ENTITY_CONTENT,DATA_AMBIGUITY,0.82,Même contenu mais contextes/pages ou profils relationnels différents.,"P1_E013,P2_E018,P3_E022",DONNEE_PATIENT,Patient | patient,,,,,,,,Même type + même contenu avec plusieurs IDs
RA_000301,img20250709_16344492_trace_sepsis_V1.6-V6.5-SELECTIVE_PRECISION.json,DUPLICATE_ENTITY_CONTENT,DATA_AMBIGUITY,0.82,Même contenu mais contextes/pages ou profils relationnels différents.,"P1_V66_E002,P2_E001,P5_E001",TRAITEMENT,VNI,,,,,,,,Même type + même contenu avec plusieurs IDs
RA_000302,img20250709_16344492_trace_sepsis_V1.6-V6.5-SELECTIVE_PRECISION.json,DUPLICATE_ENTITY_CONTENT,DATA_AMBIGUITY,0.82,Même contenu mais contextes/pages ou profils relationnels différents.,"P2_E023,P3_E024",TRAITEMENT,O2 | o2,,,,,,,,Même type + même contenu avec plusieurs IDs
RA_000303,img20250709_16351550_trace_sepsis_V1.6-V6.5-SELECTIVE_PRECISION.json,DUPLICATE_ENTITY_CONTENT,DATA_AMBIGUITY,0.82,Même contenu mais contextes/pages ou profils relationnels différents.,"P1_E031,P5_E016",DONNEE_PATIENT,64 ans | 64 | age,,,,,,,,Même type + même contenu avec plusieurs IDs
RA_000304,img20250709_16351550_trace_sepsis_V1.6-V6.5-SELECTIVE_PRECISION.json,DUPLICATE_ENTITY_CONTENT,DATA_AMBIGUITY,0.82,Même contenu mais contextes/pages ou profils relationnels différents.,"P1_E033,P2_E024,P4_E035",SERVICE_MEDICAL,réanimation,,,,,,,,Même type + même contenu avec plusieurs IDs
RA_000305,img20250709_16351550_trace_sepsis_V1.6-V6.5-SELECTIVE_PRECISION.json,DUPLICATE_ENTITY_CONTENT,DATA_AMBIGUITY,0.82,Même contenu mais contextes/pages ou profils relationnels différents.,"P1_E036,P4_E045,P5_E019",COMORBIDITE_ANTECEDENT,adénocarcinome,,,,,,,,Même type + même contenu avec plusieurs IDs
RA_000306,img20250709_16351550_trace_sepsis_V1.6-V6.5-SELECTIVE_PRECISION.json,DUPLICATE_ENTITY_CONTENT,DATA_AMBIGUITY,0.82,Même contenu mais contextes/pages ou profils relationnels différents.,"P2_E032,P5_E017",DONNEE_PATIENT,Le patient | patient,,,,,,,,Même type + même contenu avec plusieurs IDs
RA_000307,img20250709_16351550_trace_sepsis_V1.6-V6.5-SELECTIVE_PRECISION.json,DUPLICATE_ENTITY_CONTENT,DATA_AMBIGUITY,0.82,Même contenu mais contextes/pages ou profils relationnels différents.,"P4_E006,P5_E012",LABEL_NOSOLOGIQUE,Etat de mal épileptique | etat_de_mal_epileptique,,,,,,,,Même type + même contenu avec plusieurs IDs
RA_000308,img20250709_16351550_trace_sepsis_V1.6-V6.5-SELECTIVE_PRECISION.json,DUPLICATE_ENTITY_CONTENT,DATA_AMBIGUITY,0.82,Même contenu mais contextes/pages ou profils relationnels différents.,"P4_E029,P5_E015",LABEL_NOSOLOGIQUE,métastase cérébrale,,,,,,,,Même type + même contenu avec plusieurs IDs
RA_000309,img20250709_16351550_trace_sepsis_V1.6-V6.5-SELECTIVE_PRECISION.json,DUPLICATE_ENTITY_CONTENT,DATA_AMBIGUITY,0.82,Même contenu mais contextes/pages ou profils relationnels différents.,"P4_E054,P5_E022",EVENEMENT_TEMPOREL,2011 | date_clinique,,,,,,,,Même type + même contenu avec plusieurs IDs
RA_000310,img20250709_16360688_trace_sepsis_V1.6-V6.5-SELECTIVE_PRECISION.json,DUPLICATE_ENTITY_CONTENT,DATA_AMBIGUITY,0.82,Même contenu mais contextes/pages ou profils relationnels différents.,"P1_E041,P3_E026",DONNEE_PATIENT,Patient | patient,,,,,,,,Même type + même contenu avec plusieurs IDs
RA_000311,img20250709_16360688_trace_sepsis_V1.6-V6.5-SELECTIVE_PRECISION.json,DUPLICATE_ENTITY_CONTENT,DATA_AMBIGUITY,0.82,Même contenu mais contextes/pages ou profils relationnels différents.,"P1_E042,P2_E061",SERVICE_MEDICAL,réanimation,,,,,,,,Même type + même contenu avec plusieurs IDs
RA_000312,img20250709_16360688_trace_sepsis_V1.6-V6.5-SELECTIVE_PRECISION.json,DUPLICATE_ENTITY_CONTENT,DATA_AMBIGUITY,0.82,Même contenu mais contextes/pages ou profils relationnels différents.,"P2_E003,P5_E021,P6_E012",DEFAILLANCE_ORGANE,IRA | renal,,,,,,,,Même type + même contenu avec plusieurs IDs
RA_000313,img20250709_16360688_trace_sepsis_V1.6-V6.5-SELECTIVE_PRECISION.json,DUPLICATE_ENTITY_CONTENT,DATA_AMBIGUITY,0.82,Même contenu mais contextes/pages ou profils relationnels différents.,"P2_E025,P5_E018",TRAITEMENT,Zyvoxid | antibiotique,,,,,,,,Même type + même contenu avec plusieurs IDs
RA_000314,img20250709_16360688_trace_sepsis_V1.6-V6.5-SELECTIVE_PRECISION.json,DUPLICATE_ENTITY_CONTENT,DATA_AMBIGUITY,0.82,Même contenu mais contextes/pages ou profils relationnels différents.,"P2_E063,P5_E046",IMAGERIE_PROCEDURE,ECG | ecg,,,,,,,,Même type + même contenu avec plusieurs IDs
RA_000315,img20250709_16360688_trace_sepsis_V1.6-V6.5-SELECTIVE_PRECISION.json,DUPLICATE_ENTITY_CONTENT,DATA_AMBIGUITY,0.82,Même contenu mais contextes/pages ou profils relationnels différents.,"P2_E069,P6_E023",LABEL_NOSOLOGIQUE,syndrome inflammatoire | syndrome_inflammatoire,,,,,,,,Même type + même contenu avec plusieurs IDs
RA_000316,img20250709_16360688_trace_sepsis_V1.6-V6.5-SELECTIVE_PRECISION.json,DUPLICATE_ENTITY_CONTENT,DATA_AMBIGUITY,0.82,Même contenu mais contextes/pages ou profils relationnels différents.,"P5_E010,P6_E013",COMORBIDITE_ANTECEDENT,diabétique | diabete,,,,,,,,Même type + même contenu avec plusieurs IDs
RA_000317,img20250709_16360688_trace_sepsis_V1.6-V6.5-SELECTIVE_PRECISION.json,DUPLICATE_ENTITY_CONTENT,DATA_AMBIGUITY,0.82,Même contenu mais contextes/pages ou profils relationnels différents.,"P5_E012,P6_E009",TRAITEMENT,amputation du MIG | chirurgie,,,,,,,,Même type + même contenu avec plusieurs IDs
RA_000318,img20250709_16360688_trace_sepsis_V1.6-V6.5-SELECTIVE_PRECISION.json,DUPLICATE_ENTITY_CONTENT,DATA_AMBIGUITY,0.82,Même contenu mais contextes/pages ou profils relationnels différents.,"P5_E015,P6_E010",TRAITEMENT,oxygénothérapie hyperbare | oxygénothérapie | oxygenotherapie,,,,,,,,Même type + même contenu avec plusieurs IDs
RA_000319,img20250709_16360688_trace_sepsis_V1.6-V6.5-SELECTIVE_PRECISION.json,DUPLICATE_ENTITY_CONTENT,DATA_AMBIGUITY,0.82,Même contenu mais contextes/pages ou profils relationnels différents.,"P5_E042,P6_E018",DONNEE_PATIENT,patient de 66 ans | 66 | age,,,,,,,,Même type + même contenu avec plusieurs IDs
RA_000320,img20250709_16360688_trace_sepsis_V1.6-V6.5-SELECTIVE_PRECISION.json,DUPLICATE_ENTITY_CONTENT,DATA_AMBIGUITY,0.82,Même contenu mais contextes/pages ou profils relationnels différents.,"P5_E043,P6_E019",DONNEE_PATIENT,patient,,,,,,,,Même type + même contenu avec plusieurs IDs
RA_000321,img20250709_16360688_trace_sepsis_V1.6-V6.5-SELECTIVE_PRECISION.json,DUPLICATE_ENTITY_CONTENT,DATA_AMBIGUITY,0.82,Même contenu mais contextes/pages ou profils relationnels différents.,"P5_E044,P6_E020",DONNEE_PATIENT,66 ans | age,,,,,,,,Même type + même contenu avec plusieurs IDs
RA_000322,img20250709_16360688_trace_sepsis_V1.6-V6.5-SELECTIVE_PRECISION.json,INVALID_RELATION_SOURCE_TYPE,AUTO_CORRECTABLE,0.97,Plusieurs relations incidentes convergent vers DONNEE_PATIENT (14/14).,P2_E060,DEFAILLANCE_ORGANE,patient,R_V69K_00028,a_pour_label_nosologique,P2_E060,P2_E001,DEFAILLANCE_ORGANE,DONNEE_PATIENT,2,Le type source ne respecte pas le domaine TRACE
RA_000323,img20250709_16360688_trace_sepsis_V1.6-V6.5-SELECTIVE_PRECISION.json,INVALID_RELATION_TARGET_TYPE,SCHEMA_AMBIGUITY,0.8,"L'entité reste plausible comme FOYER_INFECTIEUX, mais la relation a_pour_label_nosologique exige LABEL_NOSOLOGIQUE.",P2_E001,FOYER_INFECTIEUX,Gangrene gazeuse | gangrene_gazeuse,R_V69K_00028,a_pour_label_nosologique,P2_E060,P2_E001,FOYER_INFECTIEUX,LABEL_NOSOLOGIQUE,2,Le type cible ne respecte pas l'image TRACE
RA_000324,img20250709_16360688_trace_sepsis_V1.6-V6.5-SELECTIVE_PRECISION.json,INVALID_RELATION_SOURCE_TYPE,AUTO_CORRECTABLE,0.97,Plusieurs relations incidentes convergent vers DONNEE_PATIENT (14/14).,P2_E060,DEFAILLANCE_ORGANE,patient,R_V69K_00029,presente_suspicion_infection,P2_E060,P2_E002,DEFAILLANCE_ORGANE,DONNEE_PATIENT,2,Le type source ne respecte pas le domaine TRACE
RA_000325,img20250709_16360688_trace_sepsis_V1.6-V6.5-SELECTIVE_PRECISION.json,INVALID_RELATION_SOURCE_TYPE,AUTO_CORRECTABLE,0.97,Plusieurs relations incidentes convergent vers DONNEE_PATIENT (14/14).,P2_E060,DEFAILLANCE_ORGANE,patient,R_V69K_00030,presente_dysfonction_organe,P2_E060,P2_E003,DEFAILLANCE_ORGANE,DONNEE_PATIENT,2,Le type source ne respecte pas le domaine TRACE
RA_000326,img20250709_16360688_trace_sepsis_V1.6-V6.5-SELECTIVE_PRECISION.json,INVALID_RELATION_TARGET_TYPE,AUTO_CORRECTABLE,0.97,Plusieurs relations incidentes convergent vers DONNEE_PATIENT (14/14).,P2_E060,DEFAILLANCE_ORGANE,patient,R_V69K_00034,service_medical_accueille,P2_E012,P2_E060,DEFAILLANCE_ORGANE,DONNEE_PATIENT,2,Le type cible ne respecte pas l'image TRACE
RA_000327,img20250709_16360688_trace_sepsis_V1.6-V6.5-SELECTIVE_PRECISION.json,INVALID_RELATION_SOURCE_TYPE,AUTO_CORRECTABLE,0.97,Plusieurs relations incidentes convergent vers DONNEE_PATIENT (14/14).,P2_E060,DEFAILLANCE_ORGANE,patient,R_V69K_00035,presente_symptome,P2_E060,P2_E016,DEFAILLANCE_ORGANE,DONNEE_PATIENT,2,Le type source ne respecte pas le domaine TRACE
RA_000328,img20250709_16360688_trace_sepsis_V1.6-V6.5-SELECTIVE_PRECISION.json,INVALID_RELATION_SOURCE_TYPE,AUTO_CORRECTABLE,0.97,Plusieurs relations incidentes convergent vers DONNEE_PATIENT (14/14).,P2_E060,DEFAILLANCE_ORGANE,patient,R_V69K_00036,a_pour_label_nosologique,P2_E060,P2_E017,DEFAILLANCE_ORGANE,DONNEE_PATIENT,2,Le type source ne respecte pas le domaine TRACE
RA_000329,img20250709_16360688_trace_sepsis_V1.6-V6.5-SELECTIVE_PRECISION.json,INVALID_RELATION_SOURCE_TYPE,AUTO_CORRECTABLE,0.97,Plusieurs relations incidentes convergent vers DONNEE_PATIENT (14/14).,P2_E060,DEFAILLANCE_ORGANE,patient,R_V69K_00037,presente_suspicion_infection,P2_E060,P2_E018,DEFAILLANCE_ORGANE,DONNEE_PATIENT,2,Le type source ne respecte pas le domaine TRACE
RA_000330,img20250709_16360688_trace_sepsis_V1.6-V6.5-SELECTIVE_PRECISION.json,INVALID_RELATION_SOURCE_TYPE,AUTO_CORRECTABLE,0.97,Plusieurs relations incidentes convergent vers DONNEE_PATIENT (14/14).,P2_E060,DEFAILLANCE_ORGANE,patient,R_V69K_00038,presente_symptome,P2_E060,P2_E019,DEFAILLANCE_ORGANE,DONNEE_PATIENT,2,Le type source ne respecte pas le domaine TRACE
RA_000331,img20250709_16360688_trace_sepsis_V1.6-V6.5-SELECTIVE_PRECISION.json,INVALID_RELATION_SOURCE_TYPE,AUTO_CORRECTABLE,0.97,Plusieurs relations incidentes convergent vers DONNEE_PATIENT (14/14).,P2_E060,DEFAILLANCE_ORGANE,patient,R_V69K_00039,presente_symptome,P2_E060,P2_E020,DEFAILLANCE_ORGANE,DONNEE_PATIENT,2,Le type source ne respecte pas le domaine TRACE
RA_000332,img20250709_16360688_trace_sepsis_V1.6-V6.5-SELECTIVE_PRECISION.json,INVALID_RELATION_SOURCE_TYPE,AUTO_CORRECTABLE,0.97,Plusieurs relations incidentes convergent vers DONNEE_PATIENT (14/14).,P2_E060,DEFAILLANCE_ORGANE,patient,R_V69K_00049,presente_dysfonction_organe,P2_E060,P2_E037,DEFAILLANCE_ORGANE,DONNEE_PATIENT,2,Le type source ne respecte pas le domaine TRACE
RA_000333,img20250709_16360688_trace_sepsis_V1.6-V6.5-SELECTIVE_PRECISION.json,INVALID_RELATION_TARGET_TYPE,SCHEMA_AMBIGUITY,0.8,"L'entité reste plausible comme SYMPTOME, mais la relation presente_dysfonction_organe exige DEFAILLANCE_ORGANE.",P2_E037,SYMPTOME,initialement anurie | renal,R_V69K_00049,presente_dysfonction_organe,P2_E060,P2_E037,SYMPTOME,DEFAILLANCE_ORGANE,2,Le type cible ne respecte pas l'image TRACE
RA_000334,img20250709_16360688_trace_sepsis_V1.6-V6.5-SELECTIVE_PRECISION.json,INVALID_RELATION_SOURCE_TYPE,AUTO_CORRECTABLE,0.97,Plusieurs relations incidentes convergent vers DONNEE_PATIENT (14/14).,P2_E060,DEFAILLANCE_ORGANE,patient,R_V69K_00051,presente_dysfonction_organe,P2_E060,P2_E044,DEFAILLANCE_ORGANE,DONNEE_PATIENT,2,Le type source ne respecte pas le domaine TRACE
RA_000335,img20250709_16360688_trace_sepsis_V1.6-V6.5-SELECTIVE_PRECISION.json,INVALID_RELATION_TARGET_TYPE,SCHEMA_AMBIGUITY,0.8,"L'entité reste plausible comme SYMPTOME, mais la relation presente_dysfonction_organe exige DEFAILLANCE_ORGANE.",P2_E044,SYMPTOME,persistance de l'anurie | renal,R_V69K_00051,presente_dysfonction_organe,P2_E060,P2_E044,SYMPTOME,DEFAILLANCE_ORGANE,2,Le type cible ne respecte pas l'image TRACE
RA_000336,img20250709_16360688_trace_sepsis_V1.6-V6.5-SELECTIVE_PRECISION.json,INVALID_RELATION_SOURCE_TYPE,AUTO_CORRECTABLE,0.97,Plusieurs relations incidentes convergent vers DONNEE_PATIENT (14/14).,P2_E060,DEFAILLANCE_ORGANE,patient,R_V69K_00052,presente_dysfonction_organe,P2_E060,P2_E048,DEFAILLANCE_ORGANE,DONNEE_PATIENT,2,Le type source ne respecte pas le domaine TRACE
RA_000337,img20250709_16360688_trace_sepsis_V1.6-V6.5-SELECTIVE_PRECISION.json,INVALID_RELATION_SOURCE_TYPE,AUTO_CORRECTABLE,0.97,Plusieurs relations incidentes convergent vers DONNEE_PATIENT (14/14).,P2_E060,DEFAILLANCE_ORGANE,patient,R_V69K_00054,presente_dysfonction_organe,P2_E060,P2_E065,DEFAILLANCE_ORGANE,DONNEE_PATIENT,2,Le type source ne respecte pas le domaine TRACE
RA_000338,img20250709_16360688_trace_sepsis_V1.6-V6.5-SELECTIVE_PRECISION.json,INVALID_RELATION_TARGET_TYPE,SCHEMA_AMBIGUITY,0.8,"L'entité reste plausible comme SYMPTOME, mais la relation presente_dysfonction_organe exige DEFAILLANCE_ORGANE.",P2_E065,SYMPTOME,anurie | renal,R_V69K_00054,presente_dysfonction_organe,P2_E060,P2_E065,SYMPTOME,DEFAILLANCE_ORGANE,2,Le type cible ne respecte pas l'image TRACE
RA_000339,img20250709_16360688_trace_sepsis_V1.6-V6.5-SELECTIVE_PRECISION.json,INVALID_RELATION_SOURCE_TYPE,AUTO_CORRECTABLE,0.97,Plusieurs relations incidentes convergent vers DONNEE_PATIENT (14/14).,P2_E060,DEFAILLANCE_ORGANE,patient,R_V69K_00055,a_pour_label_nosologique,P2_E060,P2_E066,DEFAILLANCE_ORGANE,DONNEE_PATIENT,2,Le type source ne respecte pas le domaine TRACE
RA_000340,img20250709_16360688_trace_sepsis_V1.6-V6.5-SELECTIVE_PRECISION.json,INVALID_RELATION_TARGET_TYPE,SCHEMA_AMBIGUITY,0.8,"L'entité reste plausible comme TRAITEMENT, mais la relation traitement_a_pour_posologie exige POSOLOGIE.",P2_E029,TRAITEMENT,remplissage de 2500 ml de sérum phy/ringer lactate | 2500 | volume,R_V69K_00056,traitement_a_pour_posologie,P2_E010,P2_E029,TRAITEMENT,POSOLOGIE,2,Le type cible ne respecte pas l'image TRACE
RA_000341,img20250709_16374548_trace_sepsis_V1.6-V6.5-SELECTIVE_PRECISION.json,DUPLICATE_ENTITY_CONTENT,DATA_AMBIGUITY,0.82,Même contenu mais contextes/pages ou profils relationnels différents.,"P1_E011,P2_E022",TRAITEMENT,Buspirone 10 : 0-0-1 | Buspirone | traitement_habituel,,,,,,,,Même type + même contenu avec plusieurs IDs
RA_000342,img20250709_16374548_trace_sepsis_V1.6-V6.5-SELECTIVE_PRECISION.json,DUPLICATE_ENTITY_CONTENT,DATA_AMBIGUITY,0.82,Même contenu mais contextes/pages ou profils relationnels différents.,"P1_E012,P2_E024",TRAITEMENT,Perindopril 4 : 1/2-0-0 | Perindopril | traitement_habituel,,,,,,,,Même type + même contenu avec plusieurs IDs
RA_000343,img20250709_16374548_trace_sepsis_V1.6-V6.5-SELECTIVE_PRECISION.json,DUPLICATE_ENTITY_CONTENT,DATA_AMBIGUITY,0.82,Même contenu mais contextes/pages ou profils relationnels différents.,"P1_E017,P6_E025",DONNEE_PATIENT,Patient | patient,,,,,,,,Même type + même contenu avec plusieurs IDs
RA_000344,img20250709_16374548_trace_sepsis_V1.6-V6.5-SELECTIVE_PRECISION.json,DUPLICATE_ENTITY_CONTENT,DATA_AMBIGUITY,0.82,Même contenu mais contextes/pages ou profils relationnels différents.,"P1_E019,P2_E015",SERVICE_MEDICAL,réanimation,,,,,,,,Même type + même contenu avec plusieurs IDs
RA_000345,img20250709_16374548_trace_sepsis_V1.6-V6.5-SELECTIVE_PRECISION.json,DUPLICATE_ENTITY_CONTENT,DATA_AMBIGUITY,0.82,Même contenu mais contextes/pages ou profils relationnels différents.,"P1_E021,P2_E055",POSOLOGIE,2-0-0 | posologie,,,,,,,,Même type + même contenu avec plusieurs IDs
RA_000346,img20250709_16374548_trace_sepsis_V1.6-V6.5-SELECTIVE_PRECISION.json,DUPLICATE_ENTITY_CONTENT,DATA_AMBIGUITY,0.82,Même contenu mais contextes/pages ou profils relationnels différents.,"P2_E030,P8_E011",TRAITEMENT,Ventilateur utilisé : éole3 | ventilation_mecanique,,,,,,,,Même type + même contenu avec plusieurs IDs
RA_000347,img20250709_16374548_trace_sepsis_V1.6-V6.5-SELECTIVE_PRECISION.json,DUPLICATE_ENTITY_CONTENT,DATA_AMBIGUITY,0.82,Même contenu mais contextes/pages ou profils relationnels différents.,"P2_E033,P8_E014",POSOLOGIE,VC (mL) : 470 ml | 470 | volume,,,,,,,,Même type + même contenu avec plusieurs IDs
RA_000348,img20250709_16374548_trace_sepsis_V1.6-V6.5-SELECTIVE_PRECISION.json,DUPLICATE_ENTITY_CONTENT,DATA_AMBIGUITY,0.82,Même contenu mais contextes/pages ou profils relationnels différents.,"P2_E041,P8_E023",POSOLOGIE,FiO2 : 21% | 21 | FiO2,,,,,,,,Même type + même contenu avec plusieurs IDs
RA_000349,img20250709_16374548_trace_sepsis_V1.6-V6.5-SELECTIVE_PRECISION.json,DUPLICATE_ENTITY_CONTENT,DATA_AMBIGUITY,0.82,Même contenu mais contextes/pages ou profils relationnels différents.,"P2_E042,P8_E024",TRAITEMENT,Ventilateur : LÉGENDAIR | ventilation_mecanique,,,,,,,,Même type + même contenu avec plusieurs IDs
RA_000350,img20250709_16374548_trace_sepsis_V1.6-V6.5-SELECTIVE_PRECISION.json,DUPLICATE_ENTITY_CONTENT,DATA_AMBIGUITY,0.82,Même contenu mais contextes/pages ou profils relationnels différents.,"P2_E043,P8_E025",POSOLOGIE,Vt 470 ml | 470 | volume,,,,,,,,Même type + même contenu avec plusieurs IDs
RA_000351,img20250709_16374548_trace_sepsis_V1.6-V6.5-SELECTIVE_PRECISION.json,DUPLICATE_ENTITY_CONTENT,DATA_AMBIGUITY,0.82,Même contenu mais contextes/pages ou profils relationnels différents.,"P2_E044,P8_E026",SIGNE_VITAL,FR 14 cpm | 14 | frequence_respiratoire,,,,,,,,Même type + même contenu avec plusieurs IDs
RA_000352,img20250709_16374548_trace_sepsis_V1.6-V6.5-SELECTIVE_PRECISION.json,DUPLICATE_ENTITY_CONTENT,DATA_AMBIGUITY,0.82,Même contenu mais contextes/pages ou profils relationnels différents.,"P3_E029,P5_E032",DONNEE_PATIENT,patient,,,,,,,,Même type + même contenu avec plusieurs IDs
RA_000353,img20250709_16374548_trace_sepsis_V1.6-V6.5-SELECTIVE_PRECISION.json,DUPLICATE_ENTITY_CONTENT,DATA_AMBIGUITY,0.82,Même contenu mais contextes/pages ou profils relationnels différents.,"P3_E032,P4_E042,P6_E031,P7_E029",TRAITEMENT,O2 | o2,,,,,,,,Même type + même contenu avec plusieurs IDs
RA_000354,img20250709_16374548_trace_sepsis_V1.6-V6.5-SELECTIVE_PRECISION.json,INVALID_RELATION_TARGET_TYPE,SCHEMA_AMBIGUITY,0.8,"L'entité reste plausible comme BIOMARQUEUR, mais la relation presente_symptome exige SYMPTOME.",P2_E001,BIOMARQUEUR,thrombopénie | plaquettes,R_V69K_00011,presente_symptome,P2_E052,P2_E001,BIOMARQUEUR,SYMPTOME,2,Le type cible ne respecte pas l'image TRACE
RA_000355,img20250709_16374548_trace_sepsis_V1.6-V6.5-SELECTIVE_PRECISION.json,ORPHAN_RELATION_SOURCE,DATA_AMBIGUITY,0.84,Plusieurs endpoints compatibles possibles pour le type attendu TRAITEMENT.,,,,R_V69K_00044,traitement_administre_a,P2_E031,P2_E052,,,2,Source absente du graphe
RA_000356,img20250709_16374548_trace_sepsis_V1.6-V6.5-SELECTIVE_PRECISION.json,INVALID_RELATION_TARGET_TYPE,SCHEMA_AMBIGUITY,0.8,"L'entité reste plausible comme BIOMARQUEUR, mais la relation presente_symptome exige SYMPTOME.",P5_E018,BIOMARQUEUR,thrombopénie,R_V69K_00076,presente_symptome,P5_E032,P5_E018,BIOMARQUEUR,SYMPTOME,5,Le type cible ne respecte pas l'image TRACE
RA_000357,img20250709_16374548_trace_sepsis_V1.6-V6.5-SELECTIVE_PRECISION.json,INVALID_RELATION_TARGET_TYPE,SCHEMA_AMBIGUITY,0.8,"L'entité reste plausible comme BIOMARQUEUR, mais la relation presente_symptome exige SYMPTOME.",P2_E002,BIOMARQUEUR,leucopénie | globules_blancs,R_V69K_00118,presente_symptome,P2_E052,P2_E002,BIOMARQUEUR,SYMPTOME,,Le type cible ne respecte pas l'image TRACE
RA_000358,img20250709_16374548_trace_sepsis_V1.6-V6.5-SELECTIVE_PRECISION.json,INVALID_RELATION_SOURCE_TYPE,SCHEMA_AMBIGUITY,0.8,"L'entité reste plausible comme POSOLOGIE, mais la relation traitement_administre_a exige TRAITEMENT.",P5_E008,POSOLOGIE,250ml de sérum phy | 250 | volume,R_V69K_00119,traitement_administre_a,P5_E008,P1_E017,POSOLOGIE,TRAITEMENT,,Le type source ne respecte pas le domaine TRACE
RA_000359,img20250709_16381567_trace_sepsis_V1.6-V6.5-SELECTIVE_PRECISION.json,DUPLICATE_ENTITY_CONTENT,DATA_AMBIGUITY,0.82,Même contenu mais contextes/pages ou profils relationnels différents.,"P1_E006,P5_E003",COMORBIDITE_ANTECEDENT,insuffisance gonadotrope | autre,,,,,,,,Même type + même contenu avec plusieurs IDs
RA_000360,img20250709_16381567_trace_sepsis_V1.6-V6.5-SELECTIVE_PRECISION.json,DUPLICATE_ENTITY_CONTENT,DATA_AMBIGUITY,0.82,Même contenu mais contextes/pages ou profils relationnels différents.,"P1_E027,P5_E045",DONNEE_PATIENT,57 ans | 57 | age,,,,,,,,Même type + même contenu avec plusieurs IDs
RA_000361,img20250709_16381567_trace_sepsis_V1.6-V6.5-SELECTIVE_PRECISION.json,DUPLICATE_ENTITY_CONTENT,DATA_AMBIGUITY,0.82,Même contenu mais contextes/pages ou profils relationnels différents.,"P1_E028,P2_E045",DONNEE_PATIENT,Patient | patient,,,,,,,,Même type + même contenu avec plusieurs IDs
RA_000362,img20250709_16381567_trace_sepsis_V1.6-V6.5-SELECTIVE_PRECISION.json,DUPLICATE_ENTITY_CONTENT,DATA_AMBIGUITY,0.82,Même contenu mais contextes/pages ou profils relationnels différents.,"P1_E031,P2_E012,P5_E047",SERVICE_MEDICAL,réanimation,,,,,,,,Même type + même contenu avec plusieurs IDs
RA_000363,img20250709_16381567_trace_sepsis_V1.6-V6.5-SELECTIVE_PRECISION.json,DUPLICATE_ENTITY_CONTENT,DATA_AMBIGUITY,0.82,Même contenu mais contextes/pages ou profils relationnels différents.,"P1_E039,P5_E049",POSOLOGIE,800 mg | posologie,,,,,,,,Même type + même contenu avec plusieurs IDs
RA_000364,img20250709_16381567_trace_sepsis_V1.6-V6.5-SELECTIVE_PRECISION.json,DUPLICATE_ENTITY_CONTENT,DATA_AMBIGUITY,0.82,Même contenu mais contextes/pages ou profils relationnels différents.,"P1_E041,P5_E052",COMORBIDITE_ANTECEDENT,hernie discale | hernie_discale,,,,,,,,Même type + même contenu avec plusieurs IDs
RA_000365,img20250709_16381567_trace_sepsis_V1.6-V6.5-SELECTIVE_PRECISION.json,DUPLICATE_ENTITY_CONTENT,DATA_AMBIGUITY,0.82,Même contenu mais contextes/pages ou profils relationnels différents.,"P2_E005,P5_E023",TRAITEMENT,Doliprane | antalgique,,,,,,,,Même type + même contenu avec plusieurs IDs
RA_000366,img20250709_16381567_trace_sepsis_V1.6-V6.5-SELECTIVE_PRECISION.json,DUPLICATE_ENTITY_CONTENT,DATA_AMBIGUITY,0.82,Même contenu mais contextes/pages ou profils relationnels différents.,"P2_E048,P3_E039",TRAITEMENT,O2 | o2,,,,,,,,Même type + même contenu avec plusieurs IDs
RA_000367,img20250709_16381567_trace_sepsis_V1.6-V6.5-SELECTIVE_PRECISION.json,DUPLICATE_ENTITY_CONTENT,DATA_AMBIGUITY,0.82,Même contenu mais contextes/pages ou profils relationnels différents.,"P3_E037,P4_E055",IMAGERIE_PROCEDURE,ECG | ecg,,,,,,,,Même type + même contenu avec plusieurs IDs
RA_000368,img20250709_16381567_trace_sepsis_V1.6-V6.5-SELECTIVE_PRECISION.json,DUPLICATE_ENTITY_CONTENT,DATA_AMBIGUITY,0.82,Même contenu mais contextes/pages ou profils relationnels différents.,"P4_E046,P5_E011",DEFAILLANCE_ORGANE,SDRA | respiratoire,,,,,,,,Même type + même contenu avec plusieurs IDs
RA_000369,img20250709_16381567_trace_sepsis_V1.6-V6.5-SELECTIVE_PRECISION.json,DUPLICATE_ENTITY_CONTENT,DATA_AMBIGUITY,0.82,Même contenu mais contextes/pages ou profils relationnels différents.,"P4_E058,P5_E010",LABEL_NOSOLOGIQUE,Choc septique | choc_septique,,,,,,,,Même type + même contenu avec plusieurs IDs
RA_000370,img20250709_16381567_trace_sepsis_V1.6-V6.5-SELECTIVE_PRECISION.json,DUPLICATE_ENTITY_CONTENT,AUTO_CORRECTABLE,0.88,Entités dupliquées sur le même contexte avec profils relationnels identiques.,"P4_V66_E002,P5_V66_E001",MICRO_ORGANISME,pneumocoque,,,,,,,,Même type + même contenu avec plusieurs IDs
RA_000371,img20250709_16381567_trace_sepsis_V1.6-V6.5-SELECTIVE_PRECISION.json,INVALID_RELATION_TARGET_TYPE,SCHEMA_AMBIGUITY,0.8,"L'entité reste plausible comme DEFAILLANCE_ORGANE, mais la relation presente_symptome exige SYMPTOME.",P5_E038,DEFAILLANCE_ORGANE,Neuropathie de réanimation | neurologique,R_V69K_00091,presente_symptome,P5_E046,P5_E038,DEFAILLANCE_ORGANE,SYMPTOME,5,Le type cible ne respecte pas l'image TRACE
RA_000372,img20250709_16381567_trace_sepsis_V1.6-V6.5-SELECTIVE_PRECISION.json,INVALID_RELATION_TARGET_TYPE,SCHEMA_AMBIGUITY,0.8,"L'entité reste plausible comme TRAITEMENT, mais la relation traitement_a_pour_posologie exige POSOLOGIE.",P5_E020,TRAITEMENT,kétamine per os | voie_administration,R_V69K_00104,traitement_a_pour_posologie,P5_E019,P5_E020,TRAITEMENT,POSOLOGIE,5,Le type cible ne respecte pas l'image TRACE
RA_000373,img20250709_16381567_trace_sepsis_V1.6-V6.5-SELECTIVE_PRECISION.json,ORPHAN_RELATION_SOURCE,DATA_AMBIGUITY,0.84,Plusieurs endpoints compatibles possibles pour le type attendu TRAITEMENT.,,,,R_V69K_00124,traitement_administre_a,P4_E062,P5_E046,,,,Source absente du graphe
RA_000374,img20250709_16381567_trace_sepsis_V1.6-V6.5-SELECTIVE_PRECISION.json,INVALID_RELATION_TARGET_TYPE,SCHEMA_AMBIGUITY,0.8,"L'entité reste plausible comme TRAITEMENT, mais la relation patient_a_pour_evolution exige EVOLUTION_PRONOSTIC.",P4_E031,TRAITEMENT,Extubation | extubation,R_V69K_00131,patient_a_pour_evolution,P1_E028,P4_E031,TRAITEMENT,EVOLUTION_PRONOSTIC,,Le type cible ne respecte pas l'image TRACE
RA_000375,img20250709_16393818_trace_sepsis_V1.6-V6.5-SELECTIVE_PRECISION.json,DUPLICATE_ENTITY_CONTENT,DATA_AMBIGUITY,0.82,Même contenu mais contextes/pages ou profils relationnels différents.,"P1_E022,P2_E055,P5_E070",DONNEE_PATIENT,Patient | patient,,,,,,,,Même type + même contenu avec plusieurs IDs
RA_000376,img20250709_16393818_trace_sepsis_V1.6-V6.5-SELECTIVE_PRECISION.json,DUPLICATE_ENTITY_CONTENT,DATA_AMBIGUITY,0.82,Même contenu mais contextes/pages ou profils relationnels différents.,"P1_E023,P2_E056,P4_E030,P5_E071,P6_E038",SERVICE_MEDICAL,réanimation,,,,,,,,Même type + même contenu avec plusieurs IDs
RA_000377,img20250709_16393818_trace_sepsis_V1.6-V6.5-SELECTIVE_PRECISION.json,DUPLICATE_ENTITY_CONTENT,DATA_AMBIGUITY,0.82,Même contenu mais contextes/pages ou profils relationnels différents.,"P1_E027,P2_E075",FOYER_INFECTIEUX,pneumopathie,,,,,,,,Même type + même contenu avec plusieurs IDs
RA_000378,img20250709_16393818_trace_sepsis_V1.6-V6.5-SELECTIVE_PRECISION.json,DUPLICATE_ENTITY_CONTENT,DATA_AMBIGUITY,0.82,Même contenu mais contextes/pages ou profils relationnels différents.,"P2_E002,P6_E011",SYMPTOME,encombrement bronchique | encombrement,,,,,,,,Même type + même contenu avec plusieurs IDs
RA_000379,img20250709_16393818_trace_sepsis_V1.6-V6.5-SELECTIVE_PRECISION.json,DUPLICATE_ENTITY_CONTENT,DATA_AMBIGUITY,0.82,Même contenu mais contextes/pages ou profils relationnels différents.,"P2_E062,P4_E033",TRAITEMENT,O2 | o2,,,,,,,,Même type + même contenu avec plusieurs IDs
RA_000380,img20250709_16393818_trace_sepsis_V1.6-V6.5-SELECTIVE_PRECISION.json,DUPLICATE_ENTITY_CONTENT,DATA_AMBIGUITY,0.82,Même contenu mais contextes/pages ou profils relationnels différents.,"P2_E064,P3_E029",POSOLOGIE,3 jours | posologie,,,,,,,,Même type + même contenu avec plusieurs IDs
RA_000381,img20250709_16393818_trace_sepsis_V1.6-V6.5-SELECTIVE_PRECISION.json,DUPLICATE_ENTITY_CONTENT,DATA_AMBIGUITY,0.82,Même contenu mais contextes/pages ou profils relationnels différents.,"P4_E025,P5_E008",TRAITEMENT,rovamycine | antibiotique,,,,,,,,Même type + même contenu avec plusieurs IDs
RA_000382,img20250709_16393818_trace_sepsis_V1.6-V6.5-SELECTIVE_PRECISION.json,DUPLICATE_ENTITY_CONTENT,DATA_AMBIGUITY,0.82,Même contenu mais contextes/pages ou profils relationnels différents.,"P5_E096,P6_E050",EVENEMENT_TEMPOREL,le 15/05 | date_clinique,,,,,,,,Même type + même contenu avec plusieurs IDs
RA_000383,img20250709_16393818_trace_sepsis_V1.6-V6.5-SELECTIVE_PRECISION.json,INVALID_RELATION_TARGET_TYPE,SCHEMA_AMBIGUITY,0.8,"L'entité reste plausible comme SYMPTOME, mais la relation presente_suspicion_infection exige FOYER_INFECTIEUX.",P5_E064,SYMPTOME,angiocholite,R_V69K_00062,presente_suspicion_infection,P5_E070,P5_E064,SYMPTOME,FOYER_INFECTIEUX,5,Le type cible ne respecte pas l'image TRACE
RA_000384,img20250709_16393818_trace_sepsis_V1.6-V6.5-SELECTIVE_PRECISION.json,INVALID_RELATION_SOURCE_TYPE,AUTO_CORRECTABLE,0.97,Plusieurs relations incidentes convergent vers DONNEE_PATIENT (12/13).,P6_E036,LABEL_NOSOLOGIQUE,Patient | patient,R_V69K_00104,a_pour_label_nosologique,P6_E036,P6_E001,LABEL_NOSOLOGIQUE,DONNEE_PATIENT,6,Le type source ne respecte pas le domaine TRACE
RA_000385,img20250709_16393818_trace_sepsis_V1.6-V6.5-SELECTIVE_PRECISION.json,INVALID_RELATION_SOURCE_TYPE,AUTO_CORRECTABLE,0.97,Plusieurs relations incidentes convergent vers DONNEE_PATIENT (12/13).,P6_E036,LABEL_NOSOLOGIQUE,Patient | patient,R_V69K_00105,presente_suspicion_infection,P6_E036,P6_E002,LABEL_NOSOLOGIQUE,DONNEE_PATIENT,6,Le type source ne respecte pas le domaine TRACE
RA_000386,img20250709_16393818_trace_sepsis_V1.6-V6.5-SELECTIVE_PRECISION.json,INVALID_RELATION_SOURCE_TYPE,AUTO_CORRECTABLE,0.97,Plusieurs relations incidentes convergent vers DONNEE_PATIENT (12/13).,P6_E036,LABEL_NOSOLOGIQUE,Patient | patient,R_V69K_00106,presente_dysfonction_organe,P6_E036,P6_E003,LABEL_NOSOLOGIQUE,DONNEE_PATIENT,6,Le type source ne respecte pas le domaine TRACE
RA_000387,img20250709_16393818_trace_sepsis_V1.6-V6.5-SELECTIVE_PRECISION.json,INVALID_RELATION_SOURCE_TYPE,AUTO_CORRECTABLE,0.97,Plusieurs relations incidentes convergent vers DONNEE_PATIENT (12/13).,P6_E036,LABEL_NOSOLOGIQUE,Patient | patient,R_V69K_00107,presente_dysfonction_organe,P6_E036,P6_E004,LABEL_NOSOLOGIQUE,DONNEE_PATIENT,6,Le type source ne respecte pas le domaine TRACE
RA_000388,img20250709_16393818_trace_sepsis_V1.6-V6.5-SELECTIVE_PRECISION.json,INVALID_RELATION_SOURCE_TYPE,AUTO_CORRECTABLE,0.97,Plusieurs relations incidentes convergent vers DONNEE_PATIENT (12/13).,P6_E036,LABEL_NOSOLOGIQUE,Patient | patient,R_V69K_00108,a_pour_label_nosologique,P6_E036,P6_E032,LABEL_NOSOLOGIQUE,DONNEE_PATIENT,6,Le type source ne respecte pas le domaine TRACE
RA_000389,img20250709_16393818_trace_sepsis_V1.6-V6.5-SELECTIVE_PRECISION.json,INVALID_RELATION_TARGET_TYPE,SCHEMA_AMBIGUITY,0.8,"L'entité reste plausible comme FOYER_INFECTIEUX, mais la relation a_pour_label_nosologique exige LABEL_NOSOLOGIQUE.",P6_E032,FOYER_INFECTIEUX,Angiocholite,R_V69K_00108,a_pour_label_nosologique,P6_E036,P6_E032,FOYER_INFECTIEUX,LABEL_NOSOLOGIQUE,6,Le type cible ne respecte pas l'image TRACE
RA_000390,img20250709_16393818_trace_sepsis_V1.6-V6.5-SELECTIVE_PRECISION.json,INVALID_RELATION_SOURCE_TYPE,AUTO_CORRECTABLE,0.97,Plusieurs relations incidentes convergent vers DONNEE_PATIENT (12/13).,P6_E036,LABEL_NOSOLOGIQUE,Patient | patient,R_V69K_00109,a_pour_label_nosologique,P6_E036,P6_E033,LABEL_NOSOLOGIQUE,DONNEE_PATIENT,6,Le type source ne respecte pas le domaine TRACE
RA_000391,img20250709_16393818_trace_sepsis_V1.6-V6.5-SELECTIVE_PRECISION.json,INVALID_RELATION_SOURCE_TYPE,AUTO_CORRECTABLE,0.97,Plusieurs relations incidentes convergent vers DONNEE_PATIENT (12/13).,P6_E036,LABEL_NOSOLOGIQUE,Patient | patient,R_V69K_00110,presente_suspicion_infection,P6_E036,P6_E006,LABEL_NOSOLOGIQUE,DONNEE_PATIENT,6,Le type source ne respecte pas le domaine TRACE
RA_000392,img20250709_16393818_trace_sepsis_V1.6-V6.5-SELECTIVE_PRECISION.json,INVALID_RELATION_SOURCE_TYPE,AUTO_CORRECTABLE,0.97,Plusieurs relations incidentes convergent vers DONNEE_PATIENT (12/13).,P6_E036,LABEL_NOSOLOGIQUE,Patient | patient,R_V69K_00113,presente_symptome,P6_E036,P6_E010,LABEL_NOSOLOGIQUE,DONNEE_PATIENT,6,Le type source ne respecte pas le domaine TRACE
RA_000393,img20250709_16393818_trace_sepsis_V1.6-V6.5-SELECTIVE_PRECISION.json,INVALID_RELATION_SOURCE_TYPE,AUTO_CORRECTABLE,0.97,Plusieurs relations incidentes convergent vers DONNEE_PATIENT (12/13).,P6_E036,LABEL_NOSOLOGIQUE,Patient | patient,R_V69K_00114,presente_symptome,P6_E036,P6_E011,LABEL_NOSOLOGIQUE,DONNEE_PATIENT,6,Le type source ne respecte pas le domaine TRACE
RA_000394,img20250709_16393818_trace_sepsis_V1.6-V6.5-SELECTIVE_PRECISION.json,INVALID_RELATION_TARGET_TYPE,AUTO_CORRECTABLE,0.97,Plusieurs relations incidentes convergent vers DONNEE_PATIENT (12/13).,P6_E036,LABEL_NOSOLOGIQUE,Patient | patient,R_V69K_00116,service_medical_accueille,P6_E015,P6_E036,LABEL_NOSOLOGIQUE,DONNEE_PATIENT,6,Le type cible ne respecte pas l'image TRACE
RA_000395,img20250709_16393818_trace_sepsis_V1.6-V6.5-SELECTIVE_PRECISION.json,INVALID_RELATION_SOURCE_TYPE,AUTO_CORRECTABLE,0.97,Plusieurs relations incidentes convergent vers DONNEE_PATIENT (12/13).,P6_E036,LABEL_NOSOLOGIQUE,Patient | patient,R_V69K_00132,presente_symptome,P6_E036,P6_E014,LABEL_NOSOLOGIQUE,DONNEE_PATIENT,6,Le type source ne respecte pas le domaine TRACE
RA_000396,img20250709_16393818_trace_sepsis_V1.6-V6.5-SELECTIVE_PRECISION.json,INVALID_RELATION_TARGET_TYPE,AUTO_CORRECTABLE,0.97,Plusieurs relations incidentes convergent vers DONNEE_PATIENT (12/13).,P6_E036,LABEL_NOSOLOGIQUE,Patient | patient,R_V69K_00133,service_medical_accueille,P6_E038,P6_E036,LABEL_NOSOLOGIQUE,DONNEE_PATIENT,6,Le type cible ne respecte pas l'image TRACE
RA_000397,img20250709_16393818_trace_sepsis_V1.6-V6.5-SELECTIVE_PRECISION.json,INVALID_RELATION_SOURCE_TYPE,SCHEMA_AMBIGUITY,0.8,"L'entité reste plausible comme LABEL_NOSOLOGIQUE, mais la relation a_pour_contexte_acquisition exige COMORBIDITE_ANTECEDENT.",P6_E036,LABEL_NOSOLOGIQUE,Patient | patient,R_V69K_00135,a_pour_contexte_acquisition,P6_E036,P6_E031,LABEL_NOSOLOGIQUE,COMORBIDITE_ANTECEDENT,6,Le type source ne respecte pas le domaine TRACE
RA_000398,img20250709_16393818_trace_sepsis_V1.6-V6.5-SELECTIVE_PRECISION.json,ORPHAN_RELATION_TARGET,DATA_AMBIGUITY,0.84,Plusieurs endpoints compatibles possibles pour le type attendu FOYER_INFECTIEUX.,,,,R_V69K_00139,micro_organisme_isole_dans,P6_E005,P5_E077,,,,Cible absente du graphe
RA_000399,img20250709_16393818_trace_sepsis_V1.6-V6.5-SELECTIVE_PRECISION.json,INVALID_RELATION_TARGET_TYPE,SCHEMA_AMBIGUITY,0.8,"L'entité reste plausible comme LABEL_NOSOLOGIQUE, mais la relation imagerie_objective_comorbidite exige COMORBIDITE_ANTECEDENT.",P5_E068,LABEL_NOSOLOGIQUE,leucoencéphalie,R_V69K_00140,imagerie_objective_comorbidite,P5_E017,P5_E068,LABEL_NOSOLOGIQUE,COMORBIDITE_ANTECEDENT,,Le type cible ne respecte pas l'image TRACE
RA_000400,img20250709_16395936_trace_sepsis_V1.6-V6.5-SELECTIVE_PRECISION.json,DUPLICATE_ENTITY_CONTENT,DATA_AMBIGUITY,0.82,Même contenu mais contextes/pages ou profils relationnels différents.,"P1_E003,P4_E002",COMORBIDITE_ANTECEDENT,insuffisance rénale chronique terminale | autre,,,,,,,,Même type + même contenu avec plusieurs IDs
RA_000401,img20250709_16395936_trace_sepsis_V1.6-V6.5-SELECTIVE_PRECISION.json,DUPLICATE_ENTITY_CONTENT,DATA_AMBIGUITY,0.82,Même contenu mais contextes/pages ou profils relationnels différents.,"P1_E033,P4_E031,P6_E037",DONNEE_PATIENT,40 ans | 40 | age,,,,,,,,Même type + même contenu avec plusieurs IDs
RA_000402,img20250709_16395936_trace_sepsis_V1.6-V6.5-SELECTIVE_PRECISION.json,DUPLICATE_ENTITY_CONTENT,DATA_AMBIGUITY,0.82,Même contenu mais contextes/pages ou profils relationnels différents.,"P1_E035,P5_E035",SERVICE_MEDICAL,réanimation,,,,,,,,Même type + même contenu avec plusieurs IDs
RA_000403,img20250709_16395936_trace_sepsis_V1.6-V6.5-SELECTIVE_PRECISION.json,DUPLICATE_ENTITY_CONTENT,DATA_AMBIGUITY,0.82,Même contenu mais contextes/pages ou profils relationnels différents.,"P1_E036,P4_E036",DEFAILLANCE_ORGANE,insuffisance rénale | renal,,,,,,,,Même type + même contenu avec plusieurs IDs
RA_000404,img20250709_16395936_trace_sepsis_V1.6-V6.5-SELECTIVE_PRECISION.json,DUPLICATE_ENTITY_CONTENT,DATA_AMBIGUITY,0.82,Même contenu mais contextes/pages ou profils relationnels différents.,"P2_E036,P5_E021",LABEL_NOSOLOGIQUE,choc septique,,,,,,,,Même type + même contenu avec plusieurs IDs
RA_000405,img20250709_16395936_trace_sepsis_V1.6-V6.5-SELECTIVE_PRECISION.json,DUPLICATE_ENTITY_CONTENT,DATA_AMBIGUITY,0.82,Même contenu mais contextes/pages ou profils relationnels différents.,"P5_E033,P6_E030",DEFAILLANCE_ORGANE,choc hémorragique | cardiovasculaire,,,,,,,,Même type + même contenu avec plusieurs IDs
RA_000406,img20250709_16395936_trace_sepsis_V1.6-V6.5-SELECTIVE_PRECISION.json,DUPLICATE_ENTITY_CONTENT,DATA_AMBIGUITY,0.82,Même contenu mais contextes/pages ou profils relationnels différents.,"P5_E047,P6_E002",LABEL_NOSOLOGIQUE,sepsis,,,,,,,,Même type + même contenu avec plusieurs IDs
RA_000407,img20250709_16395936_trace_sepsis_V1.6-V6.5-SELECTIVE_PRECISION.json,DUPLICATE_ENTITY_CONTENT,DATA_AMBIGUITY,0.82,Même contenu mais contextes/pages ou profils relationnels différents.,"P5_E054,P6_E047",MICRO_ORGANISME,SARM,,,,,,,,Même type + même contenu avec plusieurs IDs
RA_000408,img20250709_16395936_trace_sepsis_V1.6-V6.5-SELECTIVE_PRECISION.json,INVALID_RELATION_TARGET_TYPE,AUTO_CORRECTABLE,0.97,Plusieurs relations incidentes convergent vers DONNEE_PATIENT (6/6).,P1_E034,DEFAILLANCE_ORGANE,Patient | patient,R_V69K_00001,service_medical_accueille,P1_E035,P1_E034,DEFAILLANCE_ORGANE,DONNEE_PATIENT,1,Le type cible ne respecte pas l'image TRACE
RA_000409,img20250709_16395936_trace_sepsis_V1.6-V6.5-SELECTIVE_PRECISION.json,INVALID_RELATION_SOURCE_TYPE,AUTO_CORRECTABLE,0.97,Plusieurs relations incidentes convergent vers DONNEE_PATIENT (6/6).,P1_E034,DEFAILLANCE_ORGANE,Patient | patient,R_V69K_00002,presente_suspicion_infection,P1_E034,P1_E026,DEFAILLANCE_ORGANE,DONNEE_PATIENT,1,Le type source ne respecte pas le domaine TRACE
RA_000410,img20250709_16395936_trace_sepsis_V1.6-V6.5-SELECTIVE_PRECISION.json,INVALID_RELATION_SOURCE_TYPE,AUTO_CORRECTABLE,0.97,Plusieurs relations incidentes convergent vers DONNEE_PATIENT (6/6).,P1_E034,DEFAILLANCE_ORGANE,Patient | patient,R_V69K_00003,presente_dysfonction_organe,P1_E034,P1_E036,DEFAILLANCE_ORGANE,DONNEE_PATIENT,1,Le type source ne respecte pas le domaine TRACE
RA_000411,img20250709_16395936_trace_sepsis_V1.6-V6.5-SELECTIVE_PRECISION.json,INVALID_RELATION_SOURCE_TYPE,AUTO_CORRECTABLE,0.97,Plusieurs relations incidentes convergent vers DONNEE_PATIENT (6/6).,P1_E034,DEFAILLANCE_ORGANE,Patient | patient,R_V69K_00004,presente_dysfonction_organe,P1_E034,P1_E032,DEFAILLANCE_ORGANE,DONNEE_PATIENT,1,Le type source ne respecte pas le domaine TRACE
RA_000412,img20250709_16395936_trace_sepsis_V1.6-V6.5-SELECTIVE_PRECISION.json,INVALID_RELATION_TARGET_TYPE,SCHEMA_AMBIGUITY,0.8,"L'entité reste plausible comme COMORBIDITE_ANTECEDENT, mais la relation presente_dysfonction_organe exige DEFAILLANCE_ORGANE.",P1_E032,COMORBIDITE_ANTECEDENT,dénutrition sévère | autre,R_V69K_00004,presente_dysfonction_organe,P1_E034,P1_E032,COMORBIDITE_ANTECEDENT,DEFAILLANCE_ORGANE,1,Le type cible ne respecte pas l'image TRACE
RA_000413,img20250709_16395936_trace_sepsis_V1.6-V6.5-SELECTIVE_PRECISION.json,INVALID_RELATION_SOURCE_TYPE,AUTO_CORRECTABLE,0.97,Plusieurs relations incidentes convergent vers DONNEE_PATIENT (13/13).,P4_E032,DEFAILLANCE_ORGANE,patient,R_V69K_00050,presente_symptome,P4_E032,P4_E004,DEFAILLANCE_ORGANE,DONNEE_PATIENT,4,Le type source ne respecte pas le domaine TRACE
RA_000414,img20250709_16395936_trace_sepsis_V1.6-V6.5-SELECTIVE_PRECISION.json,INVALID_RELATION_SOURCE_TYPE,AUTO_CORRECTABLE,0.97,Plusieurs relations incidentes convergent vers DONNEE_PATIENT (13/13).,P4_E032,DEFAILLANCE_ORGANE,patient,R_V69K_00051,presente_symptome,P4_E032,P4_E005,DEFAILLANCE_ORGANE,DONNEE_PATIENT,4,Le type source ne respecte pas le domaine TRACE
RA_000415,img20250709_16395936_trace_sepsis_V1.6-V6.5-SELECTIVE_PRECISION.json,INVALID_RELATION_SOURCE_TYPE,AUTO_CORRECTABLE,0.97,Plusieurs relations incidentes convergent vers DONNEE_PATIENT (13/13).,P4_E032,DEFAILLANCE_ORGANE,patient,R_V69K_00052,presente_symptome,P4_E032,P4_E006,DEFAILLANCE_ORGANE,DONNEE_PATIENT,4,Le type source ne respecte pas le domaine TRACE
RA_000416,img20250709_16395936_trace_sepsis_V1.6-V6.5-SELECTIVE_PRECISION.json,INVALID_RELATION_SOURCE_TYPE,AUTO_CORRECTABLE,0.97,Plusieurs relations incidentes convergent vers DONNEE_PATIENT (13/13).,P4_E032,DEFAILLANCE_ORGANE,patient,R_V69K_00053,presente_symptome,P4_E032,P4_E007,DEFAILLANCE_ORGANE,DONNEE_PATIENT,4,Le type source ne respecte pas le domaine TRACE
RA_000417,img20250709_16395936_trace_sepsis_V1.6-V6.5-SELECTIVE_PRECISION.json,INVALID_RELATION_SOURCE_TYPE,AUTO_CORRECTABLE,0.97,Plusieurs relations incidentes convergent vers DONNEE_PATIENT (13/13).,P4_E032,DEFAILLANCE_ORGANE,patient,R_V69K_00057,presente_symptome,P4_E032,P4_E012,DEFAILLANCE_ORGANE,DONNEE_PATIENT,4,Le type source ne respecte pas le domaine TRACE
RA_000418,img20250709_16395936_trace_sepsis_V1.6-V6.5-SELECTIVE_PRECISION.json,INVALID_RELATION_SOURCE_TYPE,AUTO_CORRECTABLE,0.97,Plusieurs relations incidentes convergent vers DONNEE_PATIENT (13/13).,P4_E032,DEFAILLANCE_ORGANE,patient,R_V69K_00058,presente_symptome,P4_E032,P4_E013,DEFAILLANCE_ORGANE,DONNEE_PATIENT,4,Le type source ne respecte pas le domaine TRACE
RA_000419,img20250709_16395936_trace_sepsis_V1.6-V6.5-SELECTIVE_PRECISION.json,INVALID_RELATION_TARGET_TYPE,AUTO_CORRECTABLE,0.97,Plusieurs relations incidentes convergent vers DONNEE_PATIENT (13/13).,P4_E032,DEFAILLANCE_ORGANE,patient,R_V69K_00064,service_medical_accueille,P4_E024,P4_E032,DEFAILLANCE_ORGANE,DONNEE_PATIENT,4,Le type cible ne respecte pas l'image TRACE
RA_000420,img20250709_16395936_trace_sepsis_V1.6-V6.5-SELECTIVE_PRECISION.json,INVALID_RELATION_SOURCE_TYPE,AUTO_CORRECTABLE,0.97,Plusieurs relations incidentes convergent vers DONNEE_PATIENT (13/13).,P4_E032,DEFAILLANCE_ORGANE,patient,R_V69K_00066,a_pour_label_nosologique,P4_E032,P4_E029,DEFAILLANCE_ORGANE,DONNEE_PATIENT,4,Le type source ne respecte pas le domaine TRACE
RA_000421,img20250709_16395936_trace_sepsis_V1.6-V6.5-SELECTIVE_PRECISION.json,INVALID_RELATION_SOURCE_TYPE,AUTO_CORRECTABLE,0.97,Plusieurs relations incidentes convergent vers DONNEE_PATIENT (13/13).,P4_E032,DEFAILLANCE_ORGANE,patient,R_V69K_00067,a_pour_label_nosologique,P4_E032,P4_E030,DEFAILLANCE_ORGANE,DONNEE_PATIENT,4,Le type source ne respecte pas le domaine TRACE
RA_000422,img20250709_16395936_trace_sepsis_V1.6-V6.5-SELECTIVE_PRECISION.json,INVALID_RELATION_SOURCE_TYPE,AUTO_CORRECTABLE,0.97,Plusieurs relations incidentes convergent vers DONNEE_PATIENT (13/13).,P4_E032,DEFAILLANCE_ORGANE,patient,R_V69K_00068,presente_dysfonction_organe,P4_E032,P4_E027,DEFAILLANCE_ORGANE,DONNEE_PATIENT,4,Le type source ne respecte pas le domaine TRACE
RA_000423,img20250709_16395936_trace_sepsis_V1.6-V6.5-SELECTIVE_PRECISION.json,INVALID_RELATION_SOURCE_TYPE,AUTO_CORRECTABLE,0.97,Plusieurs relations incidentes convergent vers DONNEE_PATIENT (13/13).,P4_E032,DEFAILLANCE_ORGANE,patient,R_V69K_00069,presente_symptome,P4_E032,P4_E028,DEFAILLANCE_ORGANE,DONNEE_PATIENT,4,Le type source ne respecte pas le domaine TRACE
RA_000424,img20250709_16395936_trace_sepsis_V1.6-V6.5-SELECTIVE_PRECISION.json,INVALID_RELATION_TARGET_TYPE,SCHEMA_AMBIGUITY,0.8,"L'entité reste plausible comme DEFAILLANCE_ORGANE, mais la relation presente_symptome exige SYMPTOME.",P4_E028,DEFAILLANCE_ORGANE,dilatation des veines du membre supérieur gauche | autre,R_V69K_00069,presente_symptome,P4_E032,P4_E028,DEFAILLANCE_ORGANE,SYMPTOME,4,Le type cible ne respecte pas l'image TRACE
RA_000425,img20250709_16395936_trace_sepsis_V1.6-V6.5-SELECTIVE_PRECISION.json,INVALID_RELATION_SOURCE_TYPE,AUTO_CORRECTABLE,0.97,Plusieurs relations incidentes convergent vers DONNEE_PATIENT (13/13).,P4_E032,DEFAILLANCE_ORGANE,patient,R_V69K_00070,presente_dysfonction_organe,P4_E032,P4_E036,DEFAILLANCE_ORGANE,DONNEE_PATIENT,4,Le type source ne respecte pas le domaine TRACE
RA_000426,img20250709_16395936_trace_sepsis_V1.6-V6.5-SELECTIVE_PRECISION.json,INVALID_RELATION_SOURCE_TYPE,AUTO_CORRECTABLE,0.97,Plusieurs relations incidentes convergent vers DONNEE_PATIENT (13/13).,P4_E032,DEFAILLANCE_ORGANE,patient,R_V69K_00071,presente_dysfonction_organe,P4_E032,P4_E037,DEFAILLANCE_ORGANE,DONNEE_PATIENT,4,Le type source ne respecte pas le domaine TRACE
RA_000427,img20250709_16395936_trace_sepsis_V1.6-V6.5-SELECTIVE_PRECISION.json,INVALID_RELATION_TARGET_TYPE,SCHEMA_AMBIGUITY,0.8,"L'entité reste plausible comme SYMPTOME, mais la relation presente_dysfonction_organe exige DEFAILLANCE_ORGANE.",P4_E037,SYMPTOME,anurie | renal,R_V69K_00071,presente_dysfonction_organe,P4_E032,P4_E037,SYMPTOME,DEFAILLANCE_ORGANE,4,Le type cible ne respecte pas l'image TRACE
RA_000428,img20250709_16395936_trace_sepsis_V1.6-V6.5-SELECTIVE_PRECISION.json,INVALID_RELATION_SOURCE_TYPE,AUTO_CORRECTABLE,0.97,Plusieurs relations incidentes convergent vers DONNEE_PATIENT (6/6).,P1_E034,DEFAILLANCE_ORGANE,Patient | patient,R_V69K_00088,a_pour_label_nosologique,P1_E034,P4_E003,DEFAILLANCE_ORGANE,DONNEE_PATIENT,,Le type source ne respecte pas le domaine TRACE
RA_000429,img20250709_16395936_trace_sepsis_V1.6-V6.5-SELECTIVE_PRECISION.json,INVALID_RELATION_SOURCE_TYPE,AUTO_CORRECTABLE,0.97,Plusieurs relations incidentes convergent vers DONNEE_PATIENT (6/6).,P1_E034,DEFAILLANCE_ORGANE,Patient | patient,R_V69K_00094,patient_a_pour_evolution,P1_E034,P4_E044,DEFAILLANCE_ORGANE,DONNEE_PATIENT,,Le type source ne respecte pas le domaine TRACE
RA_000430,img20250709_16395936_trace_sepsis_V1.6-V6.5-SELECTIVE_PRECISION.json,INVALID_RELATION_TARGET_TYPE,AUTO_CORRECTABLE,0.97,Plusieurs relations incidentes convergent vers DONNEE_PATIENT (6/6).,P1_E034,DEFAILLANCE_ORGANE,Patient | patient,,traitement_administre_a,P5_V75_001,P1_E034,DEFAILLANCE_ORGANE,DONNEE_PATIENT,,Le type cible ne respecte pas l'image TRACE
RA_000431,img20250709_16414914_trace_sepsis_V1.6-V6.5-SELECTIVE_PRECISION.json,DUPLICATE_ENTITY_CONTENT,DATA_AMBIGUITY,0.82,Même contenu mais contextes/pages ou profils relationnels différents.,"P1_E027,P4_E030",DONNEE_PATIENT,Patient | patient,,,,,,,,Même type + même contenu avec plusieurs IDs
RA_000432,img20250709_16414914_trace_sepsis_V1.6-V6.5-SELECTIVE_PRECISION.json,DUPLICATE_ENTITY_CONTENT,DATA_AMBIGUITY,0.82,Même contenu mais contextes/pages ou profils relationnels différents.,"P2_E043,P4_E032",IMAGERIE_PROCEDURE,ECG | ecg,,,,,,,,Même type + même contenu avec plusieurs IDs
RA_000433,img20250709_16414914_trace_sepsis_V1.6-V6.5-SELECTIVE_PRECISION.json,DUPLICATE_ENTITY_CONTENT,DATA_AMBIGUITY,0.82,Même contenu mais contextes/pages ou profils relationnels différents.,"P4_E007,P5_E015",FOYER_INFECTIEUX,infection du liquide d'ascite,,,,,,,,Même type + même contenu avec plusieurs IDs
RA_000434,img20250709_16414914_trace_sepsis_V1.6-V6.5-SELECTIVE_PRECISION.json,DUPLICATE_RELATION,AUTO_CORRECTABLE,0.99,"Relation strictement dupliquée : même type, même source et même cible.",,,,"R_V69K_00003,R_V69K_00010",presente_dysfonction_organe,P1_E027,P1_E006,,,1,2 relations identiques
RA_000435,img20250709_16414914_trace_sepsis_V1.6-V6.5-SELECTIVE_PRECISION.json,INVALID_RELATION_SOURCE_TYPE,AUTO_CORRECTABLE,0.97,Plusieurs relations incidentes convergent vers DONNEE_PATIENT (24/24).,P2_E040,DEFAILLANCE_ORGANE,patient | age,R_V69K_00011,presente_suspicion_infection,P2_E040,P2_E010,DEFAILLANCE_ORGANE,DONNEE_PATIENT,2,Le type source ne respecte pas le domaine TRACE
RA_000436,img20250709_16414914_trace_sepsis_V1.6-V6.5-SELECTIVE_PRECISION.json,INVALID_RELATION_SOURCE_TYPE,AUTO_CORRECTABLE,0.97,Plusieurs relations incidentes convergent vers DONNEE_PATIENT (24/24).,P2_E040,DEFAILLANCE_ORGANE,patient | age,R_V69K_00012,presente_symptome,P2_E040,P2_E011,DEFAILLANCE_ORGANE,DONNEE_PATIENT,2,Le type source ne respecte pas le domaine TRACE
RA_000437,img20250709_16414914_trace_sepsis_V1.6-V6.5-SELECTIVE_PRECISION.json,INVALID_RELATION_SOURCE_TYPE,AUTO_CORRECTABLE,0.97,Plusieurs relations incidentes convergent vers DONNEE_PATIENT (24/24).,P2_E040,DEFAILLANCE_ORGANE,patient | age,R_V69K_00013,presente_symptome,P2_E040,P2_E012,DEFAILLANCE_ORGANE,DONNEE_PATIENT,2,Le type source ne respecte pas le domaine TRACE
RA_000438,img20250709_16414914_trace_sepsis_V1.6-V6.5-SELECTIVE_PRECISION.json,INVALID_RELATION_SOURCE_TYPE,AUTO_CORRECTABLE,0.97,Plusieurs relations incidentes convergent vers DONNEE_PATIENT (24/24).,P2_E040,DEFAILLANCE_ORGANE,patient | age,R_V69K_00014,presente_symptome,P2_E040,P2_E013,DEFAILLANCE_ORGANE,DONNEE_PATIENT,2,Le type source ne respecte pas le domaine TRACE
RA_000439,img20250709_16414914_trace_sepsis_V1.6-V6.5-SELECTIVE_PRECISION.json,INVALID_RELATION_SOURCE_TYPE,AUTO_CORRECTABLE,0.97,Plusieurs relations incidentes convergent vers DONNEE_PATIENT (24/24).,P2_E040,DEFAILLANCE_ORGANE,patient | age,R_V69K_00015,presente_symptome,P2_E040,P2_E014,DEFAILLANCE_ORGANE,DONNEE_PATIENT,2,Le type source ne respecte pas le domaine TRACE
RA_000440,img20250709_16414914_trace_sepsis_V1.6-V6.5-SELECTIVE_PRECISION.json,INVALID_RELATION_SOURCE_TYPE,AUTO_CORRECTABLE,0.97,Plusieurs relations incidentes convergent vers DONNEE_PATIENT (24/24).,P2_E040,DEFAILLANCE_ORGANE,patient | age,R_V69K_00016,presente_symptome,P2_E040,P2_E015,DEFAILLANCE_ORGANE,DONNEE_PATIENT,2,Le type source ne respecte pas le domaine TRACE
RA_000441,img20250709_16414914_trace_sepsis_V1.6-V6.5-SELECTIVE_PRECISION.json,INVALID_RELATION_SOURCE_TYPE,AUTO_CORRECTABLE,0.97,Plusieurs relations incidentes convergent vers DONNEE_PATIENT (24/24).,P2_E040,DEFAILLANCE_ORGANE,patient | age,R_V69K_00017,presente_symptome,P2_E040,P2_E016,DEFAILLANCE_ORGANE,DONNEE_PATIENT,2,Le type source ne respecte pas le domaine TRACE
RA_000442,img20250709_16414914_trace_sepsis_V1.6-V6.5-SELECTIVE_PRECISION.json,INVALID_RELATION_SOURCE_TYPE,AUTO_CORRECTABLE,0.97,Plusieurs relations incidentes convergent vers DONNEE_PATIENT (24/24).,P2_E040,DEFAILLANCE_ORGANE,patient | age,R_V69K_00018,presente_symptome,P2_E040,P2_E017,DEFAILLANCE_ORGANE,DONNEE_PATIENT,2,Le type source ne respecte pas le domaine TRACE
RA_000443,img20250709_16414914_trace_sepsis_V1.6-V6.5-SELECTIVE_PRECISION.json,INVALID_RELATION_SOURCE_TYPE,AUTO_CORRECTABLE,0.97,Plusieurs relations incidentes convergent vers DONNEE_PATIENT (24/24).,P2_E040,DEFAILLANCE_ORGANE,patient | age,R_V69K_00019,presente_symptome,P2_E040,P2_E019,DEFAILLANCE_ORGANE,DONNEE_PATIENT,2,Le type source ne respecte pas le domaine TRACE
RA_000444,img20250709_16414914_trace_sepsis_V1.6-V6.5-SELECTIVE_PRECISION.json,INVALID_RELATION_SOURCE_TYPE,AUTO_CORRECTABLE,0.97,Plusieurs relations incidentes convergent vers DONNEE_PATIENT (24/24).,P2_E040,DEFAILLANCE_ORGANE,patient | age,R_V69K_00020,presente_symptome,P2_E040,P2_E020,DEFAILLANCE_ORGANE,DONNEE_PATIENT,2,Le type source ne respecte pas le domaine TRACE
RA_000445,img20250709_16414914_trace_sepsis_V1.6-V6.5-SELECTIVE_PRECISION.json,INVALID_RELATION_SOURCE_TYPE,AUTO_CORRECTABLE,0.97,Plusieurs relations incidentes convergent vers DONNEE_PATIENT (24/24).,P2_E040,DEFAILLANCE_ORGANE,patient | age,R_V69K_00021,presente_symptome,P2_E040,P2_E021,DEFAILLANCE_ORGANE,DONNEE_PATIENT,2,Le type source ne respecte pas le domaine TRACE
RA_000446,img20250709_16414914_trace_sepsis_V1.6-V6.5-SELECTIVE_PRECISION.json,INVALID_RELATION_SOURCE_TYPE,AUTO_CORRECTABLE,0.97,Plusieurs relations incidentes convergent vers DONNEE_PATIENT (24/24).,P2_E040,DEFAILLANCE_ORGANE,patient | age,R_V69K_00022,presente_symptome,P2_E040,P2_E022,DEFAILLANCE_ORGANE,DONNEE_PATIENT,2,Le type source ne respecte pas le domaine TRACE
RA_000447,img20250709_16414914_trace_sepsis_V1.6-V6.5-SELECTIVE_PRECISION.json,INVALID_RELATION_SOURCE_TYPE,AUTO_CORRECTABLE,0.97,Plusieurs relations incidentes convergent vers DONNEE_PATIENT (24/24).,P2_E040,DEFAILLANCE_ORGANE,patient | age,R_V69K_00023,presente_symptome,P2_E040,P2_E023,DEFAILLANCE_ORGANE,DONNEE_PATIENT,2,Le type source ne respecte pas le domaine TRACE
RA_000448,img20250709_16414914_trace_sepsis_V1.6-V6.5-SELECTIVE_PRECISION.json,INVALID_RELATION_SOURCE_TYPE,AUTO_CORRECTABLE,0.97,Plusieurs relations incidentes convergent vers DONNEE_PATIENT (24/24).,P2_E040,DEFAILLANCE_ORGANE,patient | age,R_V69K_00024,presente_symptome,P2_E040,P2_E027,DEFAILLANCE_ORGANE,DONNEE_PATIENT,2,Le type source ne respecte pas le domaine TRACE
RA_000449,img20250709_16414914_trace_sepsis_V1.6-V6.5-SELECTIVE_PRECISION.json,INVALID_RELATION_SOURCE_TYPE,AUTO_CORRECTABLE,0.97,Plusieurs relations incidentes convergent vers DONNEE_PATIENT (24/24).,P2_E040,DEFAILLANCE_ORGANE,patient | age,R_V69K_00025,presente_symptome,P2_E040,P2_E028,DEFAILLANCE_ORGANE,DONNEE_PATIENT,2,Le type source ne respecte pas le domaine TRACE
RA_000450,img20250709_16414914_trace_sepsis_V1.6-V6.5-SELECTIVE_PRECISION.json,INVALID_RELATION_SOURCE_TYPE,AUTO_CORRECTABLE,0.97,Plusieurs relations incidentes convergent vers DONNEE_PATIENT (24/24).,P2_E040,DEFAILLANCE_ORGANE,patient | age,R_V69K_00026,presente_symptome,P2_E040,P2_E029,DEFAILLANCE_ORGANE,DONNEE_PATIENT,2,Le type source ne respecte pas le domaine TRACE
RA_000451,img20250709_16414914_trace_sepsis_V1.6-V6.5-SELECTIVE_PRECISION.json,INVALID_RELATION_SOURCE_TYPE,AUTO_CORRECTABLE,0.97,Plusieurs relations incidentes convergent vers DONNEE_PATIENT (24/24).,P2_E040,DEFAILLANCE_ORGANE,patient | age,R_V69K_00027,presente_symptome,P2_E040,P2_E030,DEFAILLANCE_ORGANE,DONNEE_PATIENT,2,Le type source ne respecte pas le domaine TRACE
RA_000452,img20250709_16414914_trace_sepsis_V1.6-V6.5-SELECTIVE_PRECISION.json,INVALID_RELATION_SOURCE_TYPE,AUTO_CORRECTABLE,0.97,Plusieurs relations incidentes convergent vers DONNEE_PATIENT (24/24).,P2_E040,DEFAILLANCE_ORGANE,patient | age,R_V69K_00028,presente_symptome,P2_E040,P2_E031,DEFAILLANCE_ORGANE,DONNEE_PATIENT,2,Le type source ne respecte pas le domaine TRACE
RA_000453,img20250709_16414914_trace_sepsis_V1.6-V6.5-SELECTIVE_PRECISION.json,INVALID_RELATION_SOURCE_TYPE,AUTO_CORRECTABLE,0.97,Plusieurs relations incidentes convergent vers DONNEE_PATIENT (24/24).,P2_E040,DEFAILLANCE_ORGANE,patient | age,R_V69K_00029,presente_symptome,P2_E040,P2_E032,DEFAILLANCE_ORGANE,DONNEE_PATIENT,2,Le type source ne respecte pas le domaine TRACE
RA_000454,img20250709_16414914_trace_sepsis_V1.6-V6.5-SELECTIVE_PRECISION.json,INVALID_RELATION_SOURCE_TYPE,AUTO_CORRECTABLE,0.97,Plusieurs relations incidentes convergent vers DONNEE_PATIENT (24/24).,P2_E040,DEFAILLANCE_ORGANE,patient | age,R_V69K_00030,presente_symptome,P2_E040,P2_E033,DEFAILLANCE_ORGANE,DONNEE_PATIENT,2,Le type source ne respecte pas le domaine TRACE
RA_000455,img20250709_16414914_trace_sepsis_V1.6-V6.5-SELECTIVE_PRECISION.json,INVALID_RELATION_SOURCE_TYPE,AUTO_CORRECTABLE,0.97,Plusieurs relations incidentes convergent vers DONNEE_PATIENT (24/24).,P2_E040,DEFAILLANCE_ORGANE,patient | age,R_V69K_00031,presente_dysfonction_organe,P2_E040,P2_E045,DEFAILLANCE_ORGANE,DONNEE_PATIENT,2,Le type source ne respecte pas le domaine TRACE
RA_000456,img20250709_16414914_trace_sepsis_V1.6-V6.5-SELECTIVE_PRECISION.json,INVALID_RELATION_TARGET_TYPE,SCHEMA_AMBIGUITY,0.8,"L'entité reste plausible comme SYMPTOME, mais la relation presente_dysfonction_organe exige DEFAILLANCE_ORGANE.",P2_E045,SYMPTOME,Anurie | renal,R_V69K_00031,presente_dysfonction_organe,P2_E040,P2_E045,SYMPTOME,DEFAILLANCE_ORGANE,2,Le type cible ne respecte pas l'image TRACE
RA_000457,img20250709_16414914_trace_sepsis_V1.6-V6.5-SELECTIVE_PRECISION.json,INVALID_RELATION_TARGET_TYPE,AUTO_CORRECTABLE,0.97,Plusieurs relations incidentes convergent vers DONNEE_PATIENT (24/24).,P2_E040,DEFAILLANCE_ORGANE,patient | age,R_V69K_00037,service_medical_accueille,P2_E001,P2_E040,DEFAILLANCE_ORGANE,DONNEE_PATIENT,2,Le type cible ne respecte pas l'image TRACE
RA_000458,img20250709_16414914_trace_sepsis_V1.6-V6.5-SELECTIVE_PRECISION.json,INVALID_RELATION_SOURCE_TYPE,AUTO_CORRECTABLE,0.97,Plusieurs relations incidentes convergent vers DONNEE_PATIENT (24/24).,P2_E040,DEFAILLANCE_ORGANE,patient | age,R_V69K_00038,presente_symptome,P2_E040,P2_E035,DEFAILLANCE_ORGANE,DONNEE_PATIENT,2,Le type source ne respecte pas le domaine TRACE
RA_000459,img20250709_16414914_trace_sepsis_V1.6-V6.5-SELECTIVE_PRECISION.json,INVALID_RELATION_SOURCE_TYPE,AUTO_CORRECTABLE,0.97,Plusieurs relations incidentes convergent vers DONNEE_PATIENT (24/24).,P2_E040,DEFAILLANCE_ORGANE,patient | age,R_V69K_00039,presente_symptome,P2_E040,P2_E036,DEFAILLANCE_ORGANE,DONNEE_PATIENT,2,Le type source ne respecte pas le domaine TRACE
RA_000460,img20250709_16414914_trace_sepsis_V1.6-V6.5-SELECTIVE_PRECISION.json,INVALID_RELATION_SOURCE_TYPE,AUTO_CORRECTABLE,0.97,Plusieurs relations incidentes convergent vers DONNEE_PATIENT (11/11).,P5_E020,DEFAILLANCE_ORGANE,patient,R_V69K_00053,a_pour_label_nosologique,P5_E020,P5_E024,DEFAILLANCE_ORGANE,DONNEE_PATIENT,5,Le type source ne respecte pas le domaine TRACE
RA_000461,img20250709_16414914_trace_sepsis_V1.6-V6.5-SELECTIVE_PRECISION.json,INVALID_RELATION_SOURCE_TYPE,AUTO_CORRECTABLE,0.97,Plusieurs relations incidentes convergent vers DONNEE_PATIENT (11/11).,P5_E020,DEFAILLANCE_ORGANE,patient,R_V69K_00054,a_pour_label_nosologique,P5_E020,P5_E014,DEFAILLANCE_ORGANE,DONNEE_PATIENT,5,Le type source ne respecte pas le domaine TRACE
RA_000462,img20250709_16414914_trace_sepsis_V1.6-V6.5-SELECTIVE_PRECISION.json,INVALID_RELATION_SOURCE_TYPE,AUTO_CORRECTABLE,0.97,Plusieurs relations incidentes convergent vers DONNEE_PATIENT (11/11).,P5_E020,DEFAILLANCE_ORGANE,patient,R_V69K_00055,presente_suspicion_infection,P5_E020,P5_E015,DEFAILLANCE_ORGANE,DONNEE_PATIENT,5,Le type source ne respecte pas le domaine TRACE
RA_000463,img20250709_16414914_trace_sepsis_V1.6-V6.5-SELECTIVE_PRECISION.json,INVALID_RELATION_SOURCE_TYPE,AUTO_CORRECTABLE,0.97,Plusieurs relations incidentes convergent vers DONNEE_PATIENT (11/11).,P5_E020,DEFAILLANCE_ORGANE,patient,R_V69K_00056,presente_dysfonction_organe,P5_E020,P5_E003,DEFAILLANCE_ORGANE,DONNEE_PATIENT,5,Le type source ne respecte pas le domaine TRACE
RA_000464,img20250709_16414914_trace_sepsis_V1.6-V6.5-SELECTIVE_PRECISION.json,INVALID_RELATION_SOURCE_TYPE,AUTO_CORRECTABLE,0.97,Plusieurs relations incidentes convergent vers DONNEE_PATIENT (11/11).,P5_E020,DEFAILLANCE_ORGANE,patient,R_V69K_00057,presente_dysfonction_organe,P5_E020,P5_E005,DEFAILLANCE_ORGANE,DONNEE_PATIENT,5,Le type source ne respecte pas le domaine TRACE
RA_000465,img20250709_16414914_trace_sepsis_V1.6-V6.5-SELECTIVE_PRECISION.json,INVALID_RELATION_SOURCE_TYPE,AUTO_CORRECTABLE,0.97,Plusieurs relations incidentes convergent vers DONNEE_PATIENT (11/11).,P5_E020,DEFAILLANCE_ORGANE,patient,R_V69K_00058,presente_dysfonction_organe,P5_E020,P5_E016,DEFAILLANCE_ORGANE,DONNEE_PATIENT,5,Le type source ne respecte pas le domaine TRACE
RA_000466,img20250709_16414914_trace_sepsis_V1.6-V6.5-SELECTIVE_PRECISION.json,INVALID_RELATION_SOURCE_TYPE,AUTO_CORRECTABLE,0.97,Plusieurs relations incidentes convergent vers DONNEE_PATIENT (11/11).,P5_E020,DEFAILLANCE_ORGANE,patient,R_V69K_00059,presente_dysfonction_organe,P5_E020,P5_E017,DEFAILLANCE_ORGANE,DONNEE_PATIENT,5,Le type source ne respecte pas le domaine TRACE
RA_000467,img20250709_16414914_trace_sepsis_V1.6-V6.5-SELECTIVE_PRECISION.json,INVALID_RELATION_TARGET_TYPE,SCHEMA_AMBIGUITY,0.8,"L'entité reste plausible comme LABEL_NOSOLOGIQUE, mais la relation presente_dysfonction_organe exige DEFAILLANCE_ORGANE.",P5_E017,LABEL_NOSOLOGIQUE,encéphalopathie hépatique | hepatique,R_V69K_00059,presente_dysfonction_organe,P5_E020,P5_E017,LABEL_NOSOLOGIQUE,DEFAILLANCE_ORGANE,5,Le type cible ne respecte pas l'image TRACE
RA_000468,img20250709_16414914_trace_sepsis_V1.6-V6.5-SELECTIVE_PRECISION.json,INVALID_RELATION_SOURCE_TYPE,AUTO_CORRECTABLE,0.97,Plusieurs relations incidentes convergent vers DONNEE_PATIENT (11/11).,P5_E020,DEFAILLANCE_ORGANE,patient,R_V69K_00069,presente_dysfonction_organe,P5_E020,P5_E021,DEFAILLANCE_ORGANE,DONNEE_PATIENT,5,Le type source ne respecte pas le domaine TRACE
RA_000469,img20250709_16414914_trace_sepsis_V1.6-V6.5-SELECTIVE_PRECISION.json,INVALID_RELATION_SOURCE_TYPE,AUTO_CORRECTABLE,0.97,Plusieurs relations incidentes convergent vers DONNEE_PATIENT (11/11).,P5_E020,DEFAILLANCE_ORGANE,patient,R_V69K_00070,a_pour_label_nosologique,P5_E020,P5_E022,DEFAILLANCE_ORGANE,DONNEE_PATIENT,5,Le type source ne respecte pas le domaine TRACE
RA_000470,img20250709_16414914_trace_sepsis_V1.6-V6.5-SELECTIVE_PRECISION.json,INVALID_RELATION_SOURCE_TYPE,AUTO_CORRECTABLE,0.97,Plusieurs relations incidentes convergent vers DONNEE_PATIENT (11/11).,P5_E020,DEFAILLANCE_ORGANE,patient,R_V69K_00071,patient_a_pour_evolution,P5_E020,P5_E026,DEFAILLANCE_ORGANE,DONNEE_PATIENT,5,Le type source ne respecte pas le domaine TRACE
RA_000471,img20250709_16414914_trace_sepsis_V1.6-V6.5-SELECTIVE_PRECISION.json,INVALID_RELATION_SOURCE_TYPE,AUTO_CORRECTABLE,0.97,Plusieurs relations incidentes convergent vers DONNEE_PATIENT (11/11).,P5_E020,DEFAILLANCE_ORGANE,patient,R_V69K_00072,patient_a_pour_evolution,P5_E020,P5_E028,DEFAILLANCE_ORGANE,DONNEE_PATIENT,5,Le type source ne respecte pas le domaine TRACE
RA_000472,img20250709_16414914_trace_sepsis_V1.6-V6.5-SELECTIVE_PRECISION.json,INVALID_RELATION_SOURCE_TYPE,AUTO_CORRECTABLE,0.97,Plusieurs relations incidentes convergent vers DONNEE_PATIENT (11/11).,P5_E020,DEFAILLANCE_ORGANE,patient,,presente_dysfonction_organe,P5_E020,P5_V75_001,DEFAILLANCE_ORGANE,DONNEE_PATIENT,,Le type source ne respecte pas le domaine TRACE
RA_000473,img20250709_16510509_trace_sepsis_V1.6-V6.5-SELECTIVE_PRECISION.json,DUPLICATE_ENTITY_CONTENT,DATA_AMBIGUITY,0.82,Même contenu mais contextes/pages ou profils relationnels différents.,"P1_E028,P4_E011",TRAITEMENT,CRESTOR | autre,,,,,,,,Même type + même contenu avec plusieurs IDs
RA_000474,img20250709_16510509_trace_sepsis_V1.6-V6.5-SELECTIVE_PRECISION.json,DUPLICATE_ENTITY_CONTENT,DATA_AMBIGUITY,0.82,Même contenu mais contextes/pages ou profils relationnels différents.,"P2_E048,P4_E037",DONNEE_PATIENT,Patient | patient,,,,,,,,Même type + même contenu avec plusieurs IDs
RA_000475,img20250709_16510509_trace_sepsis_V1.6-V6.5-SELECTIVE_PRECISION.json,DUPLICATE_ENTITY_CONTENT,DATA_AMBIGUITY,0.82,Même contenu mais contextes/pages ou profils relationnels différents.,"P3_E029,P4_E002",LABEL_NOSOLOGIQUE,Choc septique | choc_septique,,,,,,,,Même type + même contenu avec plusieurs IDs
RA_000476,img20250709_16510509_trace_sepsis_V1.6-V6.5-SELECTIVE_PRECISION.json,DUPLICATE_ENTITY_CONTENT,DATA_AMBIGUITY,0.82,Même contenu mais contextes/pages ou profils relationnels différents.,"P3_E031,P4_E006",TRAITEMENT,TIÉNAM | antibiotique,,,,,,,,Même type + même contenu avec plusieurs IDs
RA_000477,img20250709_16510509_trace_sepsis_V1.6-V6.5-SELECTIVE_PRECISION.json,DUPLICATE_ENTITY_CONTENT,DATA_AMBIGUITY,0.82,Même contenu mais contextes/pages ou profils relationnels différents.,"P3_E039,P4_E005",DEFAILLANCE_ORGANE,CIVD | hematologique,,,,,,,,Même type + même contenu avec plusieurs IDs
RA_000478,img20250709_16510509_trace_sepsis_V1.6-V6.5-SELECTIVE_PRECISION.json,DUPLICATE_ENTITY_CONTENT,DATA_AMBIGUITY,0.82,Même contenu mais contextes/pages ou profils relationnels différents.,"P3_E057,P4_E038",DONNEE_PATIENT,86 ans | age,,,,,,,,Même type + même contenu avec plusieurs IDs
RA_000479,img20250709_16510509_trace_sepsis_V1.6-V6.5-SELECTIVE_PRECISION.json,DUPLICATE_ENTITY_CONTENT,DATA_AMBIGUITY,0.82,Même contenu mais contextes/pages ou profils relationnels différents.,"P3_E062,P4_E041",LABEL_NOSOLOGIQUE,sepsis,,,,,,,,Même type + même contenu avec plusieurs IDs
RA_000480,img20250709_16510509_trace_sepsis_V1.6-V6.5-SELECTIVE_PRECISION.json,INVALID_RELATION_SOURCE_TYPE,AUTO_CORRECTABLE,0.97,Plusieurs relations incidentes convergent vers DONNEE_PATIENT (11/11).,P3_E056,LABEL_NOSOLOGIQUE,patient,R_V69K_00048,a_pour_label_nosologique,P3_E056,P3_E029,LABEL_NOSOLOGIQUE,DONNEE_PATIENT,3,Le type source ne respecte pas le domaine TRACE
RA_000481,img20250709_16510509_trace_sepsis_V1.6-V6.5-SELECTIVE_PRECISION.json,INVALID_RELATION_SOURCE_TYPE,AUTO_CORRECTABLE,0.97,Plusieurs relations incidentes convergent vers DONNEE_PATIENT (11/11).,P3_E056,LABEL_NOSOLOGIQUE,patient,R_V69K_00049,a_pour_label_nosologique,P3_E056,P3_E040,LABEL_NOSOLOGIQUE,DONNEE_PATIENT,3,Le type source ne respecte pas le domaine TRACE
RA_000482,img20250709_16510509_trace_sepsis_V1.6-V6.5-SELECTIVE_PRECISION.json,INVALID_RELATION_TARGET_TYPE,SCHEMA_AMBIGUITY,0.8,"L'entité reste plausible comme FOYER_INFECTIEUX, mais la relation a_pour_label_nosologique exige LABEL_NOSOLOGIQUE.",P3_E040,FOYER_INFECTIEUX,pneumopathie nosocomiale | pneumopathie_nosocomiale,R_V69K_00049,a_pour_label_nosologique,P3_E056,P3_E040,FOYER_INFECTIEUX,LABEL_NOSOLOGIQUE,3,Le type cible ne respecte pas l'image TRACE
RA_000483,img20250709_16510509_trace_sepsis_V1.6-V6.5-SELECTIVE_PRECISION.json,INVALID_RELATION_SOURCE_TYPE,AUTO_CORRECTABLE,0.97,Plusieurs relations incidentes convergent vers DONNEE_PATIENT (11/11).,P3_E056,LABEL_NOSOLOGIQUE,patient,R_V69K_00050,presente_dysfonction_organe,P3_E056,P3_E038,LABEL_NOSOLOGIQUE,DONNEE_PATIENT,3,Le type source ne respecte pas le domaine TRACE
RA_000484,img20250709_16510509_trace_sepsis_V1.6-V6.5-SELECTIVE_PRECISION.json,INVALID_RELATION_SOURCE_TYPE,AUTO_CORRECTABLE,0.97,Plusieurs relations incidentes convergent vers DONNEE_PATIENT (11/11).,P3_E056,LABEL_NOSOLOGIQUE,patient,R_V69K_00051,presente_dysfonction_organe,P3_E056,P3_E039,LABEL_NOSOLOGIQUE,DONNEE_PATIENT,3,Le type source ne respecte pas le domaine TRACE
RA_000485,img20250709_16510509_trace_sepsis_V1.6-V6.5-SELECTIVE_PRECISION.json,INVALID_RELATION_SOURCE_TYPE,AUTO_CORRECTABLE,0.97,Plusieurs relations incidentes convergent vers DONNEE_PATIENT (11/11).,P3_E056,LABEL_NOSOLOGIQUE,patient,R_V69K_00052,presente_symptome,P3_E056,P3_E051,LABEL_NOSOLOGIQUE,DONNEE_PATIENT,3,Le type source ne respecte pas le domaine TRACE
RA_000486,img20250709_16510509_trace_sepsis_V1.6-V6.5-SELECTIVE_PRECISION.json,INVALID_RELATION_SOURCE_TYPE,AUTO_CORRECTABLE,0.97,Plusieurs relations incidentes convergent vers DONNEE_PATIENT (11/11).,P3_E056,LABEL_NOSOLOGIQUE,patient,R_V69K_00053,presente_symptome,P3_E056,P3_E052,LABEL_NOSOLOGIQUE,DONNEE_PATIENT,3,Le type source ne respecte pas le domaine TRACE
RA_000487,img20250709_16510509_trace_sepsis_V1.6-V6.5-SELECTIVE_PRECISION.json,INVALID_RELATION_SOURCE_TYPE,AUTO_CORRECTABLE,0.97,Plusieurs relations incidentes convergent vers DONNEE_PATIENT (11/11).,P3_E056,LABEL_NOSOLOGIQUE,patient,R_V69K_00054,presente_symptome,P3_E056,P3_E053,LABEL_NOSOLOGIQUE,DONNEE_PATIENT,3,Le type source ne respecte pas le domaine TRACE
RA_000488,img20250709_16510509_trace_sepsis_V1.6-V6.5-SELECTIVE_PRECISION.json,INVALID_RELATION_SOURCE_TYPE,AUTO_CORRECTABLE,0.97,Plusieurs relations incidentes convergent vers DONNEE_PATIENT (11/11).,P3_E056,LABEL_NOSOLOGIQUE,patient,R_V69K_00055,presente_symptome,P3_E056,P3_E054,LABEL_NOSOLOGIQUE,DONNEE_PATIENT,3,Le type source ne respecte pas le domaine TRACE
RA_000489,img20250709_16510509_trace_sepsis_V1.6-V6.5-SELECTIVE_PRECISION.json,INVALID_RELATION_TARGET_TYPE,AUTO_CORRECTABLE,0.97,Plusieurs relations incidentes convergent vers DONNEE_PATIENT (11/11).,P3_E056,LABEL_NOSOLOGIQUE,patient,R_V69K_00056,service_medical_accueille,P3_E046,P3_E056,LABEL_NOSOLOGIQUE,DONNEE_PATIENT,3,Le type cible ne respecte pas l'image TRACE
RA_000490,img20250709_16510509_trace_sepsis_V1.6-V6.5-SELECTIVE_PRECISION.json,INVALID_RELATION_SOURCE_TYPE,AUTO_CORRECTABLE,0.97,Plusieurs relations incidentes convergent vers DONNEE_PATIENT (11/11).,P3_E056,LABEL_NOSOLOGIQUE,patient,R_V69K_00057,a_pour_label_nosologique,P3_E056,P3_E028,LABEL_NOSOLOGIQUE,DONNEE_PATIENT,3,Le type source ne respecte pas le domaine TRACE
RA_000491,img20250709_16510509_trace_sepsis_V1.6-V6.5-SELECTIVE_PRECISION.json,INVALID_RELATION_SOURCE_TYPE,AUTO_CORRECTABLE,0.97,Plusieurs relations incidentes convergent vers DONNEE_PATIENT (11/11).,P3_E056,LABEL_NOSOLOGIQUE,patient,R_V69K_00058,presente_dysfonction_organe,P3_E056,P3_E030,LABEL_NOSOLOGIQUE,DONNEE_PATIENT,3,Le type source ne respecte pas le domaine TRACE
RA_000492,img20250709_16510509_trace_sepsis_V1.6-V6.5-SELECTIVE_PRECISION.json,ORPHAN_RELATION_TARGET,DATA_AMBIGUITY,0.84,Plusieurs endpoints compatibles possibles pour le type attendu POSOLOGIE.,,,,R_V69K_00080,traitement_a_pour_posologie,P4_E025,P4_E026,,,4,Cible absente du graphe
RA_000493,img20250709_16510509_trace_sepsis_V1.6-V6.5-SELECTIVE_PRECISION.json,INVALID_RELATION_TARGET_TYPE,SCHEMA_AMBIGUITY,0.8,"L'entité reste plausible comme COMORBIDITE_ANTECEDENT, mais la relation presente_suspicion_infection exige FOYER_INFECTIEUX.",P2_E010,COMORBIDITE_ANTECEDENT,Colite à clostridium,R_V69K_00100,presente_suspicion_infection,P2_E048,P2_E010,COMORBIDITE_ANTECEDENT,FOYER_INFECTIEUX,,Le type cible ne respecte pas l'image TRACE
RA_000494,img20250709_16520260_trace_sepsis_V1.6-V6.5-SELECTIVE_PRECISION.json,DUPLICATE_ENTITY_CONTENT,DATA_AMBIGUITY,0.82,Même contenu mais contextes/pages ou profils relationnels différents.,"P1_E002,P4_E016",COMORBIDITE_ANTECEDENT,anorexie mentale | anorexie_mentale,,,,,,,,Même type + même contenu avec plusieurs IDs
RA_000495,img20250709_16520260_trace_sepsis_V1.6-V6.5-SELECTIVE_PRECISION.json,DUPLICATE_ENTITY_CONTENT,DATA_AMBIGUITY,0.82,Même contenu mais contextes/pages ou profils relationnels différents.,"P4_E009,P6_E040",DEFAILLANCE_ORGANE,détresse respiratoire | respiratoire,,,,,,,,Même type + même contenu avec plusieurs IDs
RA_000496,img20250709_16520260_trace_sepsis_V1.6-V6.5-SELECTIVE_PRECISION.json,DUPLICATE_ENTITY_CONTENT,DATA_AMBIGUITY,0.82,Même contenu mais contextes/pages ou profils relationnels différents.,"P5_E048,P6_E035",DONNEE_PATIENT,Patiente | patient,,,,,,,,Même type + même contenu avec plusieurs IDs
RA_000497,img20250709_16520260_trace_sepsis_V1.6-V6.5-SELECTIVE_PRECISION.json,INVALID_RELATION_TARGET_TYPE,SCHEMA_AMBIGUITY,0.8,"L'entité reste plausible comme MICRO_ORGANISME, mais la relation micro_organisme_isole_dans exige FOYER_INFECTIEUX.",P6_E053,MICRO_ORGANISME,Citrobacter koseri,R_V69K_00100,micro_organisme_isole_dans,P6_E014,P6_E053,MICRO_ORGANISME,FOYER_INFECTIEUX,,Le type cible ne respecte pas l'image TRACE
RA_000498,img20250709_16523752_trace_sepsis_V1.6-V6.5-SELECTIVE_PRECISION.json,DUPLICATE_ENTITY_CONTENT,AUTO_CORRECTABLE,0.88,Entités dupliquées sur le même contexte avec profils relationnels identiques.,"P2_V65_002,P5_V75_001",TRAITEMENT,tienam,,,,,,,,Même type + même contenu avec plusieurs IDs
RA_000499,img20250709_16523752_trace_sepsis_V1.6-V6.5-SELECTIVE_PRECISION.json,INVALID_RELATION_TARGET_TYPE,SCHEMA_AMBIGUITY,0.8,"L'entité reste plausible comme SIGNE_VITAL, mais la relation presente_symptome exige SYMPTOME.",P4_E029,SIGNE_VITAL,extrasystoles supraventriculaires | frequence_cardiaque,R_V69K_00074,presente_symptome,P4_E041,P4_E029,SIGNE_VITAL,SYMPTOME,,Le type cible ne respecte pas l'image TRACE
RA_000500,img20250709_16531341_trace_sepsis_V1.6-V6.5-SELECTIVE_PRECISION.json,DUPLICATE_ENTITY_CONTENT,DATA_AMBIGUITY,0.82,Même contenu mais contextes/pages ou profils relationnels différents.,"P2_E020,P3_E008",SCORE_NEUROLOGIQUE,Glasgow 3 | 3 | Glasgow,,,,,,,,Même type + même contenu avec plusieurs IDs
RA_000501,img20250709_16531341_trace_sepsis_V1.6-V6.5-SELECTIVE_PRECISION.json,DUPLICATE_ENTITY_CONTENT,DATA_AMBIGUITY,0.82,Même contenu mais contextes/pages ou profils relationnels différents.,"P2_E055,P4_E046",IMAGERIE_PROCEDURE,ECG | ecg,,,,,,,,Même type + même contenu avec plusieurs IDs
RA_000502,img20250709_16531341_trace_sepsis_V1.6-V6.5-SELECTIVE_PRECISION.json,DUPLICATE_ENTITY_CONTENT,DATA_AMBIGUITY,0.82,Même contenu mais contextes/pages ou profils relationnels différents.,"P2_E065,P4_E055",TRAITEMENT,O2 | o2,,,,,,,,Même type + même contenu avec plusieurs IDs
RA_000503,img20250709_16531341_trace_sepsis_V1.6-V6.5-SELECTIVE_PRECISION.json,DUPLICATE_ENTITY_CONTENT,AUTO_CORRECTABLE,0.88,Entités dupliquées sur le même contexte avec profils relationnels identiques.,"P2_V66_E001,P4_V66_E001",TRAITEMENT,IOT,,,,,,,,Même type + même contenu avec plusieurs IDs
RA_000504,img20250709_16531341_trace_sepsis_V1.6-V6.5-SELECTIVE_PRECISION.json,DUPLICATE_ENTITY_CONTENT,DATA_AMBIGUITY,0.82,Même contenu mais contextes/pages ou profils relationnels différents.,"P4_E015,P5_E013",LABEL_NOSOLOGIQUE,état de mal épileptique | etat_de_mal_epileptique,,,,,,,,Même type + même contenu avec plusieurs IDs
RA_000505,img20250709_16531341_trace_sepsis_V1.6-V6.5-SELECTIVE_PRECISION.json,DUPLICATE_ENTITY_CONTENT,DATA_AMBIGUITY,0.82,Même contenu mais contextes/pages ou profils relationnels différents.,"P4_E038,P5_E016",DEFAILLANCE_ORGANE,défaillance multiviscérale | autre,,,,,,,,Même type + même contenu avec plusieurs IDs
RA_000506,img20250709_16531341_trace_sepsis_V1.6-V6.5-SELECTIVE_PRECISION.json,INVALID_RELATION_SOURCE_TYPE,AUTO_CORRECTABLE,0.97,Plusieurs relations incidentes convergent vers DONNEE_PATIENT (15/15).,P4_E043,DEFAILLANCE_ORGANE,patiente | patient,R_V69K_00077,a_pour_label_nosologique,P4_E043,P4_E006,DEFAILLANCE_ORGANE,DONNEE_PATIENT,4,Le type source ne respecte pas le domaine TRACE
RA_000507,img20250709_16531341_trace_sepsis_V1.6-V6.5-SELECTIVE_PRECISION.json,INVALID_RELATION_SOURCE_TYPE,AUTO_CORRECTABLE,0.97,Plusieurs relations incidentes convergent vers DONNEE_PATIENT (15/15).,P4_E043,DEFAILLANCE_ORGANE,patiente | patient,R_V69K_00078,a_pour_label_nosologique,P4_E043,P4_E013,DEFAILLANCE_ORGANE,DONNEE_PATIENT,4,Le type source ne respecte pas le domaine TRACE
RA_000508,img20250709_16531341_trace_sepsis_V1.6-V6.5-SELECTIVE_PRECISION.json,INVALID_RELATION_SOURCE_TYPE,AUTO_CORRECTABLE,0.97,Plusieurs relations incidentes convergent vers DONNEE_PATIENT (15/15).,P4_E043,DEFAILLANCE_ORGANE,patiente | patient,R_V69K_00079,presente_suspicion_infection,P4_E043,P4_E064,DEFAILLANCE_ORGANE,DONNEE_PATIENT,4,Le type source ne respecte pas le domaine TRACE
RA_000509,img20250709_16531341_trace_sepsis_V1.6-V6.5-SELECTIVE_PRECISION.json,INVALID_RELATION_SOURCE_TYPE,AUTO_CORRECTABLE,0.97,Plusieurs relations incidentes convergent vers DONNEE_PATIENT (15/15).,P4_E043,DEFAILLANCE_ORGANE,patiente | patient,R_V69K_00080,presente_suspicion_infection,P4_E043,P4_E008,DEFAILLANCE_ORGANE,DONNEE_PATIENT,4,Le type source ne respecte pas le domaine TRACE
RA_000510,img20250709_16531341_trace_sepsis_V1.6-V6.5-SELECTIVE_PRECISION.json,INVALID_RELATION_TARGET_TYPE,AUTO_CORRECTABLE,0.97,Plusieurs relations incidentes convergent vers DONNEE_PATIENT (15/15).,P4_E043,DEFAILLANCE_ORGANE,patiente | patient,R_V69K_00081,traitement_administre_a,P4_E010,P4_E043,DEFAILLANCE_ORGANE,DONNEE_PATIENT,4,Le type cible ne respecte pas l'image TRACE
RA_000511,img20250709_16531341_trace_sepsis_V1.6-V6.5-SELECTIVE_PRECISION.json,INVALID_RELATION_SOURCE_TYPE,SCHEMA_AMBIGUITY,0.8,"L'entité reste plausible comme DEFAILLANCE_ORGANE, mais la relation biomarqueur_supporte_defaillance_organe exige BIOMARQUEUR.",P4_E030,DEFAILLANCE_ORGANE,hyperkaliémie | potassium,R_V69K_00085,biomarqueur_supporte_defaillance_organe,P4_E030,P4_E029,DEFAILLANCE_ORGANE,BIOMARQUEUR,4,Le type source ne respecte pas le domaine TRACE
RA_000512,img20250709_16531341_trace_sepsis_V1.6-V6.5-SELECTIVE_PRECISION.json,INVALID_RELATION_SOURCE_TYPE,AUTO_CORRECTABLE,0.97,Plusieurs relations incidentes convergent vers DONNEE_PATIENT (15/15).,P4_E043,DEFAILLANCE_ORGANE,patiente | patient,R_V69K_00086,a_pour_label_nosologique,P4_E043,P4_E015,DEFAILLANCE_ORGANE,DONNEE_PATIENT,4,Le type source ne respecte pas le domaine TRACE
RA_000513,img20250709_16531341_trace_sepsis_V1.6-V6.5-SELECTIVE_PRECISION.json,INVALID_RELATION_SOURCE_TYPE,AUTO_CORRECTABLE,0.97,Plusieurs relations incidentes convergent vers DONNEE_PATIENT (15/15).,P4_E043,DEFAILLANCE_ORGANE,patiente | patient,R_V69K_00087,a_pour_label_nosologique,P4_E043,P4_E056,DEFAILLANCE_ORGANE,DONNEE_PATIENT,4,Le type source ne respecte pas le domaine TRACE
RA_000514,img20250709_16531341_trace_sepsis_V1.6-V6.5-SELECTIVE_PRECISION.json,INVALID_RELATION_SOURCE_TYPE,AUTO_CORRECTABLE,0.97,Plusieurs relations incidentes convergent vers DONNEE_PATIENT (15/15).,P4_E043,DEFAILLANCE_ORGANE,patiente | patient,R_V69K_00088,presente_dysfonction_organe,P4_E043,P4_E026,DEFAILLANCE_ORGANE,DONNEE_PATIENT,4,Le type source ne respecte pas le domaine TRACE
RA_000515,img20250709_16531341_trace_sepsis_V1.6-V6.5-SELECTIVE_PRECISION.json,INVALID_RELATION_SOURCE_TYPE,AUTO_CORRECTABLE,0.97,Plusieurs relations incidentes convergent vers DONNEE_PATIENT (15/15).,P4_E043,DEFAILLANCE_ORGANE,patiente | patient,R_V69K_00089,presente_dysfonction_organe,P4_E043,P4_E029,DEFAILLANCE_ORGANE,DONNEE_PATIENT,4,Le type source ne respecte pas le domaine TRACE
RA_000516,img20250709_16531341_trace_sepsis_V1.6-V6.5-SELECTIVE_PRECISION.json,INVALID_RELATION_SOURCE_TYPE,AUTO_CORRECTABLE,0.97,Plusieurs relations incidentes convergent vers DONNEE_PATIENT (15/15).,P4_E043,DEFAILLANCE_ORGANE,patiente | patient,R_V69K_00090,presente_dysfonction_organe,P4_E043,P4_E031,DEFAILLANCE_ORGANE,DONNEE_PATIENT,4,Le type source ne respecte pas le domaine TRACE
RA_000517,img20250709_16531341_trace_sepsis_V1.6-V6.5-SELECTIVE_PRECISION.json,INVALID_RELATION_SOURCE_TYPE,AUTO_CORRECTABLE,0.97,Plusieurs relations incidentes convergent vers DONNEE_PATIENT (15/15).,P4_E043,DEFAILLANCE_ORGANE,patiente | patient,R_V69K_00091,presente_dysfonction_organe,P4_E043,P4_E032,DEFAILLANCE_ORGANE,DONNEE_PATIENT,4,Le type source ne respecte pas le domaine TRACE
RA_000518,img20250709_16531341_trace_sepsis_V1.6-V6.5-SELECTIVE_PRECISION.json,INVALID_RELATION_SOURCE_TYPE,AUTO_CORRECTABLE,0.97,Plusieurs relations incidentes convergent vers DONNEE_PATIENT (15/15).,P4_E043,DEFAILLANCE_ORGANE,patiente | patient,R_V69K_00092,presente_dysfonction_organe,P4_E043,P4_E038,DEFAILLANCE_ORGANE,DONNEE_PATIENT,4,Le type source ne respecte pas le domaine TRACE
RA_000519,img20250709_16531341_trace_sepsis_V1.6-V6.5-SELECTIVE_PRECISION.json,INVALID_RELATION_SOURCE_TYPE,AUTO_CORRECTABLE,0.97,Plusieurs relations incidentes convergent vers DONNEE_PATIENT (15/15).,P4_E043,DEFAILLANCE_ORGANE,patiente | patient,R_V69K_00093,presente_dysfonction_organe,P4_E043,P4_E039,DEFAILLANCE_ORGANE,DONNEE_PATIENT,4,Le type source ne respecte pas le domaine TRACE
RA_000520,img20250709_16531341_trace_sepsis_V1.6-V6.5-SELECTIVE_PRECISION.json,INVALID_RELATION_SOURCE_TYPE,AUTO_CORRECTABLE,0.97,Plusieurs relations incidentes convergent vers DONNEE_PATIENT (15/15).,P4_E043,DEFAILLANCE_ORGANE,patiente | patient,R_V69K_00094,presente_dysfonction_organe,P4_E043,P4_E040,DEFAILLANCE_ORGANE,DONNEE_PATIENT,4,Le type source ne respecte pas le domaine TRACE
RA_000521,img20250709_16531341_trace_sepsis_V1.6-V6.5-SELECTIVE_PRECISION.json,INVALID_RELATION_SOURCE_TYPE,AUTO_CORRECTABLE,0.97,Plusieurs relations incidentes convergent vers DONNEE_PATIENT (15/15).,P4_E043,DEFAILLANCE_ORGANE,patiente | patient,R_V69K_00095,presente_dysfonction_organe,P4_E043,P4_E041,DEFAILLANCE_ORGANE,DONNEE_PATIENT,4,Le type source ne respecte pas le domaine TRACE
RA_000522,img20250709_16531341_trace_sepsis_V1.6-V6.5-SELECTIVE_PRECISION.json,INVALID_RELATION_SOURCE_TYPE,AUTO_CORRECTABLE,0.97,Plusieurs relations incidentes convergent vers DONNEE_PATIENT (7/7).,P5_E017,DEFAILLANCE_ORGANE,la patiente | patient,R_V69K_00113,presente_dysfonction_organe,P5_E017,P5_E009,DEFAILLANCE_ORGANE,DONNEE_PATIENT,5,Le type source ne respecte pas le domaine TRACE
RA_000523,img20250709_16531341_trace_sepsis_V1.6-V6.5-SELECTIVE_PRECISION.json,INVALID_RELATION_SOURCE_TYPE,AUTO_CORRECTABLE,0.97,Plusieurs relations incidentes convergent vers DONNEE_PATIENT (7/7).,P5_E017,DEFAILLANCE_ORGANE,la patiente | patient,R_V69K_00114,presente_dysfonction_organe,P5_E017,P5_E010,DEFAILLANCE_ORGANE,DONNEE_PATIENT,5,Le type source ne respecte pas le domaine TRACE
RA_000524,img20250709_16531341_trace_sepsis_V1.6-V6.5-SELECTIVE_PRECISION.json,INVALID_RELATION_SOURCE_TYPE,AUTO_CORRECTABLE,0.97,Plusieurs relations incidentes convergent vers DONNEE_PATIENT (7/7).,P5_E017,DEFAILLANCE_ORGANE,la patiente | patient,R_V69K_00116,presente_dysfonction_organe,P5_E017,P5_E012,DEFAILLANCE_ORGANE,DONNEE_PATIENT,5,Le type source ne respecte pas le domaine TRACE
RA_000525,img20250709_16531341_trace_sepsis_V1.6-V6.5-SELECTIVE_PRECISION.json,INVALID_RELATION_SOURCE_TYPE,AUTO_CORRECTABLE,0.97,Plusieurs relations incidentes convergent vers DONNEE_PATIENT (7/7).,P5_E017,DEFAILLANCE_ORGANE,la patiente | patient,R_V69K_00117,a_pour_label_nosologique,P5_E017,P5_E013,DEFAILLANCE_ORGANE,DONNEE_PATIENT,5,Le type source ne respecte pas le domaine TRACE
RA_000526,img20250709_16531341_trace_sepsis_V1.6-V6.5-SELECTIVE_PRECISION.json,INVALID_RELATION_SOURCE_TYPE,AUTO_CORRECTABLE,0.97,Plusieurs relations incidentes convergent vers DONNEE_PATIENT (7/7).,P5_E017,DEFAILLANCE_ORGANE,la patiente | patient,R_V69K_00118,presente_dysfonction_organe,P5_E017,P5_E014,DEFAILLANCE_ORGANE,DONNEE_PATIENT,5,Le type source ne respecte pas le domaine TRACE
RA_000527,img20250709_16531341_trace_sepsis_V1.6-V6.5-SELECTIVE_PRECISION.json,INVALID_RELATION_TARGET_TYPE,SCHEMA_AMBIGUITY,0.8,"L'entité reste plausible comme LABEL_NOSOLOGIQUE, mais la relation presente_dysfonction_organe exige DEFAILLANCE_ORGANE.",P5_E014,LABEL_NOSOLOGIQUE,encéphalopathie hépatique | hepatique,R_V69K_00118,presente_dysfonction_organe,P5_E017,P5_E014,LABEL_NOSOLOGIQUE,DEFAILLANCE_ORGANE,5,Le type cible ne respecte pas l'image TRACE
RA_000528,img20250709_16531341_trace_sepsis_V1.6-V6.5-SELECTIVE_PRECISION.json,INVALID_RELATION_SOURCE_TYPE,AUTO_CORRECTABLE,0.97,Plusieurs relations incidentes convergent vers DONNEE_PATIENT (7/7).,P5_E017,DEFAILLANCE_ORGANE,la patiente | patient,R_V69K_00119,presente_dysfonction_organe,P5_E017,P5_E016,DEFAILLANCE_ORGANE,DONNEE_PATIENT,5,Le type source ne respecte pas le domaine TRACE
RA_000529,img20250709_16531341_trace_sepsis_V1.6-V6.5-SELECTIVE_PRECISION.json,INVALID_RELATION_SOURCE_TYPE,AUTO_CORRECTABLE,0.97,Plusieurs relations incidentes convergent vers DONNEE_PATIENT (7/7).,P5_E017,DEFAILLANCE_ORGANE,la patiente | patient,R_V69K_00120,patient_a_pour_evolution,P5_E017,P5_E019,DEFAILLANCE_ORGANE,DONNEE_PATIENT,5,Le type source ne respecte pas le domaine TRACE
RA_000530,img20250709_16531341_trace_sepsis_V1.6-V6.5-SELECTIVE_PRECISION.json,INVALID_RELATION_TARGET_TYPE,SCHEMA_AMBIGUITY,0.8,"L'entité reste plausible comme DEFAILLANCE_ORGANE, mais la relation traitement_a_pour_posologie exige POSOLOGIE.",P4_E031,DEFAILLANCE_ORGANE,aggravation nécessitant une réaugmentation des catécholamines jusqu'à 3 mg/h | hemodynamique,R_V69K_00125,traitement_a_pour_posologie,P4_E010,P4_E031,DEFAILLANCE_ORGANE,POSOLOGIE,,Le type cible ne respecte pas l'image TRACE
RA_000531,img20250709_16531341_trace_sepsis_V1.6-V6.5-SELECTIVE_PRECISION.json,INVALID_RELATION_TARGET_TYPE,SCHEMA_AMBIGUITY,0.8,"L'entité reste plausible comme COMORBIDITE_ANTECEDENT, mais la relation presente_suspicion_infection exige FOYER_INFECTIEUX.",P1_E029,COMORBIDITE_ANTECEDENT,infection du liquide d'Ascite,R_V69K_00130,presente_suspicion_infection,P1_E034,P1_E029,COMORBIDITE_ANTECEDENT,FOYER_INFECTIEUX,,Le type cible ne respecte pas l'image TRACE
RA_000532,img20250709_16545673_trace_sepsis_V1.6-V6.5-SELECTIVE_PRECISION.json,DUPLICATE_ENTITY_CONTENT,DATA_AMBIGUITY,0.82,Même contenu mais contextes/pages ou profils relationnels différents.,"P1_E024,P2_E045,P3_E035,P5_E034",DONNEE_PATIENT,Patient | patient,,,,,,,,Même type + même contenu avec plusieurs IDs
RA_000533,img20250709_16545673_trace_sepsis_V1.6-V6.5-SELECTIVE_PRECISION.json,DUPLICATE_ENTITY_CONTENT,DATA_AMBIGUITY,0.82,Même contenu mais contextes/pages ou profils relationnels différents.,"P1_E028,P3_E019",DEFAILLANCE_ORGANE,Détresse respiratoire aiguë | respiratoire,,,,,,,,Même type + même contenu avec plusieurs IDs
RA_000534,img20250709_16545673_trace_sepsis_V1.6-V6.5-SELECTIVE_PRECISION.json,DUPLICATE_ENTITY_CONTENT,DATA_AMBIGUITY,0.82,Même contenu mais contextes/pages ou profils relationnels différents.,"P1_E029,P2_E047",TRAITEMENT,O2 | o2,,,,,,,,Même type + même contenu avec plusieurs IDs
RA_000535,img20250709_16545673_trace_sepsis_V1.6-V6.5-SELECTIVE_PRECISION.json,DUPLICATE_ENTITY_CONTENT,DATA_AMBIGUITY,0.82,Même contenu mais contextes/pages ou profils relationnels différents.,"P1_E030,P2_E048",SYMPTOME,désaturation,,,,,,,,Même type + même contenu avec plusieurs IDs
RA_000536,img20250709_16545673_trace_sepsis_V1.6-V6.5-SELECTIVE_PRECISION.json,DUPLICATE_ENTITY_CONTENT,AUTO_CORRECTABLE,0.88,Entités dupliquées sur le même contexte avec profils relationnels identiques.,"P1_V66_E001,P3_V66_E001",MICRO_ORGANISME,Pneumocoque,,,,,,,,Même type + même contenu avec plusieurs IDs
RA_000537,img20250709_16545673_trace_sepsis_V1.6-V6.5-SELECTIVE_PRECISION.json,DUPLICATE_ENTITY_CONTENT,AUTO_CORRECTABLE,0.88,Entités dupliquées sur le même contexte avec profils relationnels identiques.,"P3_V66_E002,P5_V66_E001",MICRO_ORGANISME,pseudomonas aeruginosa,,,,,,,,Même type + même contenu avec plusieurs IDs
RA_000538,img20250709_16553580_trace_sepsis_V1.6-V6.5-SELECTIVE_PRECISION.json,DUPLICATE_ENTITY_CONTENT,DATA_AMBIGUITY,0.82,Même contenu mais contextes/pages ou profils relationnels différents.,"P2_E008,P3_E002",TRAITEMENT,cortancyl | traitement_habituel,,,,,,,,Même type + même contenu avec plusieurs IDs
RA_000539,img20250709_16553580_trace_sepsis_V1.6-V6.5-SELECTIVE_PRECISION.json,DUPLICATE_ENTITY_CONTENT,DATA_AMBIGUITY,0.82,Même contenu mais contextes/pages ou profils relationnels différents.,"P2_E010,P3_E003",TRAITEMENT,imurel | traitement_habituel,,,,,,,,Même type + même contenu avec plusieurs IDs
RA_000540,img20250709_16560274_trace_sepsis_V1.6-V6.5-SELECTIVE_PRECISION.json,DUPLICATE_ENTITY_CONTENT,DATA_AMBIGUITY,0.82,Même contenu mais contextes/pages ou profils relationnels différents.,"P1_E031,P3_E033,P5_E038",DEFAILLANCE_ORGANE,Détresse respiratoire aiguë | respiratoire,,,,,,,,Même type + même contenu avec plusieurs IDs
RA_000541,img20250709_16560274_trace_sepsis_V1.6-V6.5-SELECTIVE_PRECISION.json,DUPLICATE_ENTITY_CONTENT,DATA_AMBIGUITY,0.82,Même contenu mais contextes/pages ou profils relationnels différents.,"P1_E037,P4_E055,P5_E039",TRAITEMENT,ventilation mécanique | ventilation_mécanique,,,,,,,,Même type + même contenu avec plusieurs IDs
RA_000542,img20250709_16560274_trace_sepsis_V1.6-V6.5-SELECTIVE_PRECISION.json,DUPLICATE_ENTITY_CONTENT,DATA_AMBIGUITY,0.82,Même contenu mais contextes/pages ou profils relationnels différents.,"P1_E038,P3_E040,P5_E040",DEFAILLANCE_ORGANE,Détresse respiratoire | détresse_respiratoire,,,,,,,,Même type + même contenu avec plusieurs IDs
RA_000543,img20250709_16560274_trace_sepsis_V1.6-V6.5-SELECTIVE_PRECISION.json,DUPLICATE_ENTITY_CONTENT,DATA_AMBIGUITY,0.82,Même contenu mais contextes/pages ou profils relationnels différents.,"P2_E011,P4_E008",TRAITEMENT,lasilix | diuretique,,,,,,,,Même type + même contenu avec plusieurs IDs
RA_000544,img20250709_16560274_trace_sepsis_V1.6-V6.5-SELECTIVE_PRECISION.json,DUPLICATE_ENTITY_CONTENT,DATA_AMBIGUITY,0.82,Même contenu mais contextes/pages ou profils relationnels différents.,"P2_E019,P3_E042",TRAITEMENT,sonde nasogastrique | autre,,,,,,,,Même type + même contenu avec plusieurs IDs
RA_000545,img20250709_16560274_trace_sepsis_V1.6-V6.5-SELECTIVE_PRECISION.json,DUPLICATE_ENTITY_CONTENT,DATA_AMBIGUITY,0.82,Même contenu mais contextes/pages ou profils relationnels différents.,"P4_E013,P5_E009",TRAITEMENT,échanges plasmatiques | echange_plasmatique,,,,,,,,Même type + même contenu avec plusieurs IDs
RA_000546,img20250709_16560274_trace_sepsis_V1.6-V6.5-SELECTIVE_PRECISION.json,DUPLICATE_ENTITY_CONTENT,DATA_AMBIGUITY,0.82,Même contenu mais contextes/pages ou profils relationnels différents.,"P4_E017,P6_E013",TRAITEMENT,valaciclovir | antiviral,,,,,,,,Même type + même contenu avec plusieurs IDs
RA_000547,img20250709_16560274_trace_sepsis_V1.6-V6.5-SELECTIVE_PRECISION.json,DUPLICATE_ENTITY_CONTENT,DATA_AMBIGUITY,0.82,Même contenu mais contextes/pages ou profils relationnels différents.,"P4_E057,P5_E041",LABEL_NOSOLOGIQUE,syndrome inflammatoire | syndrome_inflammatoire,,,,,,,,Même type + même contenu avec plusieurs IDs
RA_000548,img20250709_16560274_trace_sepsis_V1.6-V6.5-SELECTIVE_PRECISION.json,DUPLICATE_ENTITY_CONTENT,DATA_AMBIGUITY,0.82,Même contenu mais contextes/pages ou profils relationnels différents.,"P4_E062,P5_E043",TRAITEMENT,sonde naso gastrique | autre,,,,,,,,Même type + même contenu avec plusieurs IDs
RA_000549,img20250709_16562087_trace_sepsis_V1.6-V6.5-SELECTIVE_PRECISION.json,DUPLICATE_ENTITY_CONTENT,DATA_AMBIGUITY,0.82,Même contenu mais contextes/pages ou profils relationnels différents.,"P1_E012,P2_E007",SYMPTOME,dysphonie,,,,,,,,Même type + même contenu avec plusieurs IDs
RA_000550,img20250709_16573733_trace_sepsis_V1.6-V6.5-SELECTIVE_PRECISION.json,DUPLICATE_ENTITY_CONTENT,DATA_AMBIGUITY,0.82,Même contenu mais contextes/pages ou profils relationnels différents.,"P1_E019,P3_E050,P4_E038,P5_E034",DONNEE_PATIENT,Patient | patient,,,,,,,,Même type + même contenu avec plusieurs IDs
RA_000551,img20250709_16573733_trace_sepsis_V1.6-V6.5-SELECTIVE_PRECISION.json,DUPLICATE_ENTITY_CONTENT,DATA_AMBIGUITY,0.82,Même contenu mais contextes/pages ou profils relationnels différents.,"P1_E020,P4_E039",DONNEE_PATIENT,77 ans | age,,,,,,,,Même type + même contenu avec plusieurs IDs
RA_000552,img20250709_16573733_trace_sepsis_V1.6-V6.5-SELECTIVE_PRECISION.json,DUPLICATE_ENTITY_CONTENT,DATA_AMBIGUITY,0.82,Même contenu mais contextes/pages ou profils relationnels différents.,"P5_E024,P6_E010",SYMPTOME,Syndrome confusionnel | confusion,,,,,,,,Même type + même contenu avec plusieurs IDs
RA_000553,img20250709_16573733_trace_sepsis_V1.6-V6.5-SELECTIVE_PRECISION.json,ORPHAN_RELATION_SOURCE,DATA_AMBIGUITY,0.84,Plusieurs endpoints compatibles possibles pour le type attendu TRAITEMENT.,,,,R_V69K_00039,traitement_administre_a,P4_E034,P4_E038,,,4,Source absente du graphe
RA_000554,img20250709_16573733_trace_sepsis_V1.6-V6.5-SELECTIVE_PRECISION.json,ORPHAN_RELATION_SOURCE,DATA_AMBIGUITY,0.84,Plusieurs endpoints compatibles possibles pour le type attendu TRAITEMENT.,,,,R_V69K_00101,traitement_indique_par_label_nosologique,P2_E057,P6_E008,,,,Source absente du graphe
RA_000555,img20250709_16573733_trace_sepsis_V1.6-V6.5-SELECTIVE_PRECISION.json,INVALID_RELATION_TARGET_TYPE,AUTO_CORRECTABLE,0.86,Plusieurs relations incidentes convergent vers LABEL_NOSOLOGIQUE (2/2).,P6_E008,FOYER_INFECTIEUX,Gangrène gazeuse | gangrene_gazeuse,R_V69K_00101,traitement_indique_par_label_nosologique,P2_E057,P6_E008,FOYER_INFECTIEUX,LABEL_NOSOLOGIQUE,,Le type cible ne respecte pas l'image TRACE
RA_000556,img20250709_16573733_trace_sepsis_V1.6-V6.5-SELECTIVE_PRECISION.json,ORPHAN_RELATION_SOURCE,DATA_AMBIGUITY,0.84,Plusieurs endpoints compatibles possibles pour le type attendu TRAITEMENT.,,,,R_V69K_00104,traitement_administre_a,P2_E057,P6_E039,,,,Source absente du graphe
RA_000557,img20250709_16573733_trace_sepsis_V1.6-V6.5-SELECTIVE_PRECISION.json,INVALID_RELATION_TARGET_TYPE,AUTO_CORRECTABLE,0.97,Plusieurs relations incidentes convergent vers DONNEE_PATIENT (6/6).,P6_E039,LABEL_NOSOLOGIQUE,poids de sortie = 76 kg | 76 | poids_kg,R_V69K_00104,traitement_administre_a,P2_E057,P6_E039,LABEL_NOSOLOGIQUE,DONNEE_PATIENT,,Le type cible ne respecte pas l'image TRACE
RA_000558,img20250709_16573733_trace_sepsis_V1.6-V6.5-SELECTIVE_PRECISION.json,INVALID_RELATION_SOURCE_TYPE,AUTO_CORRECTABLE,0.97,Plusieurs relations incidentes convergent vers DONNEE_PATIENT (6/6).,P6_E039,LABEL_NOSOLOGIQUE,poids de sortie = 76 kg | 76 | poids_kg,R_V69K_00105,presente_symptome,P6_E039,P6_E013,LABEL_NOSOLOGIQUE,DONNEE_PATIENT,,Le type source ne respecte pas le domaine TRACE
RA_000559,img20250709_16573733_trace_sepsis_V1.6-V6.5-SELECTIVE_PRECISION.json,INVALID_RELATION_SOURCE_TYPE,AUTO_CORRECTABLE,0.97,Plusieurs relations incidentes convergent vers DONNEE_PATIENT (6/6).,P6_E039,LABEL_NOSOLOGIQUE,poids de sortie = 76 kg | 76 | poids_kg,R_V69K_00106,presente_symptome,P6_E039,P5_E024,LABEL_NOSOLOGIQUE,DONNEE_PATIENT,,Le type source ne respecte pas le domaine TRACE
RA_000560,img20250709_16573733_trace_sepsis_V1.6-V6.5-SELECTIVE_PRECISION.json,INVALID_RELATION_SOURCE_TYPE,AUTO_CORRECTABLE,0.97,Plusieurs relations incidentes convergent vers DONNEE_PATIENT (6/6).,P6_E039,LABEL_NOSOLOGIQUE,poids de sortie = 76 kg | 76 | poids_kg,R_V69K_00107,presente_symptome,P6_E039,P6_E015,LABEL_NOSOLOGIQUE,DONNEE_PATIENT,,Le type source ne respecte pas le domaine TRACE
RA_000561,img20250709_16573733_trace_sepsis_V1.6-V6.5-SELECTIVE_PRECISION.json,INVALID_RELATION_SOURCE_TYPE,AUTO_CORRECTABLE,0.97,Plusieurs relations incidentes convergent vers DONNEE_PATIENT (6/6).,P6_E039,LABEL_NOSOLOGIQUE,poids de sortie = 76 kg | 76 | poids_kg,R_V69K_00110,a_pour_label_nosologique,P6_E039,P6_E008,LABEL_NOSOLOGIQUE,DONNEE_PATIENT,,Le type source ne respecte pas le domaine TRACE
RA_000562,img20250709_16573733_trace_sepsis_V1.6-V6.5-SELECTIVE_PRECISION.json,INVALID_RELATION_TARGET_TYPE,AUTO_CORRECTABLE,0.86,Plusieurs relations incidentes convergent vers LABEL_NOSOLOGIQUE (2/2).,P6_E008,FOYER_INFECTIEUX,Gangrène gazeuse | gangrene_gazeuse,R_V69K_00110,a_pour_label_nosologique,P6_E039,P6_E008,FOYER_INFECTIEUX,LABEL_NOSOLOGIQUE,,Le type cible ne respecte pas l'image TRACE
RA_000563,img20250709_16573733_trace_sepsis_V1.6-V6.5-SELECTIVE_PRECISION.json,INVALID_RELATION_SOURCE_TYPE,AUTO_CORRECTABLE,0.97,Plusieurs relations incidentes convergent vers DONNEE_PATIENT (6/6).,P6_E039,LABEL_NOSOLOGIQUE,poids de sortie = 76 kg | 76 | poids_kg,R_V69K_00111,presente_suspicion_infection,P6_E039,P6_E008,LABEL_NOSOLOGIQUE,DONNEE_PATIENT,,Le type source ne respecte pas le domaine TRACE
RA_000564,img20250709_16583921_trace_sepsis_V1.6-V6.5-SELECTIVE_PRECISION.json,DUPLICATE_ENTITY_CONTENT,DATA_AMBIGUITY,0.82,Même contenu mais contextes/pages ou profils relationnels différents.,"P1_E020,P2_E026",SERVICE_MEDICAL,réanimation,,,,,,,,Même type + même contenu avec plusieurs IDs
RA_000565,img20250709_16583921_trace_sepsis_V1.6-V6.5-SELECTIVE_PRECISION.json,DUPLICATE_ENTITY_CONTENT,DATA_AMBIGUITY,0.82,Même contenu mais contextes/pages ou profils relationnels différents.,"P4_E007,P5_E016",IMAGERIE_PROCEDURE,EEG,,,,,,,,Même type + même contenu avec plusieurs IDs
RA_000566,img20250709_16583921_trace_sepsis_V1.6-V6.5-SELECTIVE_PRECISION.json,DUPLICATE_ENTITY_CONTENT,DATA_AMBIGUITY,0.82,Même contenu mais contextes/pages ou profils relationnels différents.,"P4_E009,P5_E053",FOYER_INFECTIEUX,point de départ pulmonaire | pneumopathie_infectieuse,,,,,,,,Même type + même contenu avec plusieurs IDs
RA_000567,img20250709_16583921_trace_sepsis_V1.6-V6.5-SELECTIVE_PRECISION.json,DUPLICATE_ENTITY_CONTENT,DATA_AMBIGUITY,0.82,Même contenu mais contextes/pages ou profils relationnels différents.,"P4_E012,P5_E006",TRAITEMENT,Tazocilline | antibiotique,,,,,,,,Même type + même contenu avec plusieurs IDs
RA_000568,img20250709_16583921_trace_sepsis_V1.6-V6.5-SELECTIVE_PRECISION.json,DUPLICATE_ENTITY_CONTENT,DATA_AMBIGUITY,0.82,Même contenu mais contextes/pages ou profils relationnels différents.,"P4_E013,P5_E007",TRAITEMENT,Amiklin | antibiotique,,,,,,,,Même type + même contenu avec plusieurs IDs
RA_000569,img20250709_16583921_trace_sepsis_V1.6-V6.5-SELECTIVE_PRECISION.json,DUPLICATE_ENTITY_CONTENT,DATA_AMBIGUITY,0.82,Même contenu mais contextes/pages ou profils relationnels différents.,"P4_E020,P5_E045",TRAITEMENT,aérosols de B2 mimétiques | aérosols | autre,,,,,,,,Même type + même contenu avec plusieurs IDs
RA_000570,img20250709_16583921_trace_sepsis_V1.6-V6.5-SELECTIVE_PRECISION.json,DUPLICATE_ENTITY_CONTENT,DATA_AMBIGUITY,0.82,Même contenu mais contextes/pages ou profils relationnels différents.,"P4_E033,P5_E071",LABEL_NOSOLOGIQUE,sepsis,,,,,,,,Même type + même contenu avec plusieurs IDs
RA_000571,img20250709_16583921_trace_sepsis_V1.6-V6.5-SELECTIVE_PRECISION.json,DUPLICATE_ENTITY_CONTENT,DATA_AMBIGUITY,0.82,Même contenu mais contextes/pages ou profils relationnels différents.,"P5_E011,P6_E010",TRAITEMENT,Lasilix | diuretique,,,,,,,,Même type + même contenu avec plusieurs IDs
RA_000572,img20250709_16583921_trace_sepsis_V1.6-V6.5-SELECTIVE_PRECISION.json,DUPLICATE_ENTITY_CONTENT,DATA_AMBIGUITY,0.82,Même contenu mais contextes/pages ou profils relationnels différents.,"P5_E079,P6_E029",FOYER_INFECTIEUX,pneumopathie,,,,,,,,Même type + même contenu avec plusieurs IDs
RA_000573,img20250709_16583921_trace_sepsis_V1.6-V6.5-SELECTIVE_PRECISION.json,INVALID_RELATION_SOURCE_TYPE,AUTO_CORRECTABLE,0.97,Plusieurs relations incidentes convergent vers DONNEE_PATIENT (7/7).,P4_E030,DEFAILLANCE_ORGANE,patiente | patient,R_V69K_00025,a_pour_label_nosologique,P4_E030,P4_E008,DEFAILLANCE_ORGANE,DONNEE_PATIENT,4,Le type source ne respecte pas le domaine TRACE
RA_000574,img20250709_16583921_trace_sepsis_V1.6-V6.5-SELECTIVE_PRECISION.json,INVALID_RELATION_SOURCE_TYPE,AUTO_CORRECTABLE,0.97,Plusieurs relations incidentes convergent vers DONNEE_PATIENT (7/7).,P4_E030,DEFAILLANCE_ORGANE,patiente | patient,R_V69K_00026,presente_suspicion_infection,P4_E030,P4_E009,DEFAILLANCE_ORGANE,DONNEE_PATIENT,4,Le type source ne respecte pas le domaine TRACE
RA_000575,img20250709_16583921_trace_sepsis_V1.6-V6.5-SELECTIVE_PRECISION.json,INVALID_RELATION_SOURCE_TYPE,AUTO_CORRECTABLE,0.97,Plusieurs relations incidentes convergent vers DONNEE_PATIENT (7/7).,P4_E030,DEFAILLANCE_ORGANE,patiente | patient,R_V69K_00027,presente_symptome,P4_E030,P4_E023,DEFAILLANCE_ORGANE,DONNEE_PATIENT,4,Le type source ne respecte pas le domaine TRACE
RA_000576,img20250709_16583921_trace_sepsis_V1.6-V6.5-SELECTIVE_PRECISION.json,INVALID_RELATION_TARGET_TYPE,SCHEMA_AMBIGUITY,0.8,"L'entité reste plausible comme DEFAILLANCE_ORGANE, mais la relation presente_symptome exige SYMPTOME.",P4_E023,DEFAILLANCE_ORGANE,difficultés ventilatoires | respiratoire,R_V69K_00027,presente_symptome,P4_E030,P4_E023,DEFAILLANCE_ORGANE,SYMPTOME,4,Le type cible ne respecte pas l'image TRACE
RA_000577,img20250709_16583921_trace_sepsis_V1.6-V6.5-SELECTIVE_PRECISION.json,INVALID_RELATION_SOURCE_TYPE,AUTO_CORRECTABLE,0.97,Plusieurs relations incidentes convergent vers DONNEE_PATIENT (7/7).,P4_E030,DEFAILLANCE_ORGANE,patiente | patient,R_V69K_00028,presente_dysfonction_organe,P4_E030,P4_E024,DEFAILLANCE_ORGANE,DONNEE_PATIENT,4,Le type source ne respecte pas le domaine TRACE
RA_000578,img20250709_16583921_trace_sepsis_V1.6-V6.5-SELECTIVE_PRECISION.json,INVALID_RELATION_TARGET_TYPE,SCHEMA_AMBIGUITY,0.8,"L'entité reste plausible comme SYMPTOME, mais la relation presente_dysfonction_organe exige DEFAILLANCE_ORGANE.",P4_E024,SYMPTOME,hypoxie | dyspnee,R_V69K_00028,presente_dysfonction_organe,P4_E030,P4_E024,SYMPTOME,DEFAILLANCE_ORGANE,4,Le type cible ne respecte pas l'image TRACE
RA_000579,img20250709_16583921_trace_sepsis_V1.6-V6.5-SELECTIVE_PRECISION.json,INVALID_RELATION_SOURCE_TYPE,AUTO_CORRECTABLE,0.97,Plusieurs relations incidentes convergent vers DONNEE_PATIENT (7/7).,P4_E030,DEFAILLANCE_ORGANE,patiente | patient,R_V69K_00029,presente_symptome,P4_E030,P4_E027,DEFAILLANCE_ORGANE,DONNEE_PATIENT,4,Le type source ne respecte pas le domaine TRACE
RA_000580,img20250709_16583921_trace_sepsis_V1.6-V6.5-SELECTIVE_PRECISION.json,INVALID_RELATION_SOURCE_TYPE,AUTO_CORRECTABLE,0.97,Plusieurs relations incidentes convergent vers DONNEE_PATIENT (7/7).,P4_E030,DEFAILLANCE_ORGANE,patiente | patient,R_V69K_00030,presente_symptome,P4_E030,P4_E028,DEFAILLANCE_ORGANE,DONNEE_PATIENT,4,Le type source ne respecte pas le domaine TRACE
RA_000581,img20250709_16583921_trace_sepsis_V1.6-V6.5-SELECTIVE_PRECISION.json,INVALID_RELATION_SOURCE_TYPE,AUTO_CORRECTABLE,0.97,Plusieurs relations incidentes convergent vers DONNEE_PATIENT (7/7).,P4_E030,DEFAILLANCE_ORGANE,patiente | patient,R_V69K_00031,presente_symptome,P4_E030,P4_E029,DEFAILLANCE_ORGANE,DONNEE_PATIENT,4,Le type source ne respecte pas le domaine TRACE
RA_000582,img20250709_16583921_trace_sepsis_V1.6-V6.5-SELECTIVE_PRECISION.json,INVALID_RELATION_SOURCE_TYPE,AUTO_CORRECTABLE,0.97,Plusieurs relations incidentes convergent vers DONNEE_PATIENT (16/16).,P5_E058,DEFAILLANCE_ORGANE,La patiente | patient,R_V69K_00041,a_pour_label_nosologique,P5_E058,P5_E001,DEFAILLANCE_ORGANE,DONNEE_PATIENT,5,Le type source ne respecte pas le domaine TRACE
RA_000583,img20250709_16583921_trace_sepsis_V1.6-V6.5-SELECTIVE_PRECISION.json,INVALID_RELATION_SOURCE_TYPE,AUTO_CORRECTABLE,0.97,Plusieurs relations incidentes convergent vers DONNEE_PATIENT (16/16).,P5_E058,DEFAILLANCE_ORGANE,La patiente | patient,R_V69K_00042,presente_suspicion_infection,P5_E058,P5_E053,DEFAILLANCE_ORGANE,DONNEE_PATIENT,5,Le type source ne respecte pas le domaine TRACE
RA_000584,img20250709_16583921_trace_sepsis_V1.6-V6.5-SELECTIVE_PRECISION.json,INVALID_RELATION_SOURCE_TYPE,AUTO_CORRECTABLE,0.97,Plusieurs relations incidentes convergent vers DONNEE_PATIENT (16/16).,P5_E058,DEFAILLANCE_ORGANE,La patiente | patient,R_V69K_00043,presente_dysfonction_organe,P5_E058,P5_E022,DEFAILLANCE_ORGANE,DONNEE_PATIENT,5,Le type source ne respecte pas le domaine TRACE
RA_000585,img20250709_16583921_trace_sepsis_V1.6-V6.5-SELECTIVE_PRECISION.json,INVALID_RELATION_TARGET_TYPE,SCHEMA_AMBIGUITY,0.8,"L'entité reste plausible comme LABEL_NOSOLOGIQUE, mais la relation presente_dysfonction_organe exige DEFAILLANCE_ORGANE.",P5_E022,LABEL_NOSOLOGIQUE,dysfonction diastolique | respiratoire,R_V69K_00043,presente_dysfonction_organe,P5_E058,P5_E022,LABEL_NOSOLOGIQUE,DEFAILLANCE_ORGANE,5,Le type cible ne respecte pas l'image TRACE
RA_000586,img20250709_16583921_trace_sepsis_V1.6-V6.5-SELECTIVE_PRECISION.json,INVALID_RELATION_SOURCE_TYPE,AUTO_CORRECTABLE,0.97,Plusieurs relations incidentes convergent vers DONNEE_PATIENT (16/16).,P5_E058,DEFAILLANCE_ORGANE,La patiente | patient,R_V69K_00051,presente_symptome,P5_E058,P5_E025,DEFAILLANCE_ORGANE,DONNEE_PATIENT,5,Le type source ne respecte pas le domaine TRACE
RA_000587,img20250709_16583921_trace_sepsis_V1.6-V6.5-SELECTIVE_PRECISION.json,INVALID_RELATION_SOURCE_TYPE,AUTO_CORRECTABLE,0.97,Plusieurs relations incidentes convergent vers DONNEE_PATIENT (16/16).,P5_E058,DEFAILLANCE_ORGANE,La patiente | patient,R_V69K_00052,presente_symptome,P5_E058,P5_E026,DEFAILLANCE_ORGANE,DONNEE_PATIENT,5,Le type source ne respecte pas le domaine TRACE
RA_000588,img20250709_16583921_trace_sepsis_V1.6-V6.5-SELECTIVE_PRECISION.json,INVALID_RELATION_SOURCE_TYPE,AUTO_CORRECTABLE,0.97,Plusieurs relations incidentes convergent vers DONNEE_PATIENT (16/16).,P5_E058,DEFAILLANCE_ORGANE,La patiente | patient,R_V69K_00053,presente_symptome,P5_E058,P5_E055,DEFAILLANCE_ORGANE,DONNEE_PATIENT,5,Le type source ne respecte pas le domaine TRACE
RA_000589,img20250709_16583921_trace_sepsis_V1.6-V6.5-SELECTIVE_PRECISION.json,INVALID_RELATION_SOURCE_TYPE,AUTO_CORRECTABLE,0.97,Plusieurs relations incidentes convergent vers DONNEE_PATIENT (16/16).,P5_E058,DEFAILLANCE_ORGANE,La patiente | patient,R_V69K_00054,presente_symptome,P5_E058,P5_E029,DEFAILLANCE_ORGANE,DONNEE_PATIENT,5,Le type source ne respecte pas le domaine TRACE
RA_000590,img20250709_16583921_trace_sepsis_V1.6-V6.5-SELECTIVE_PRECISION.json,INVALID_RELATION_SOURCE_TYPE,AUTO_CORRECTABLE,0.97,Plusieurs relations incidentes convergent vers DONNEE_PATIENT (16/16).,P5_E058,DEFAILLANCE_ORGANE,La patiente | patient,R_V69K_00059,presente_symptome,P5_E058,P5_E037,DEFAILLANCE_ORGANE,DONNEE_PATIENT,5,Le type source ne respecte pas le domaine TRACE
RA_000591,img20250709_16583921_trace_sepsis_V1.6-V6.5-SELECTIVE_PRECISION.json,INVALID_RELATION_SOURCE_TYPE,AUTO_CORRECTABLE,0.97,Plusieurs relations incidentes convergent vers DONNEE_PATIENT (16/16).,P5_E058,DEFAILLANCE_ORGANE,La patiente | patient,R_V69K_00060,presente_symptome,P5_E058,P5_E038,DEFAILLANCE_ORGANE,DONNEE_PATIENT,5,Le type source ne respecte pas le domaine TRACE
RA_000592,img20250709_16583921_trace_sepsis_V1.6-V6.5-SELECTIVE_PRECISION.json,INVALID_RELATION_TARGET_TYPE,AUTO_CORRECTABLE,0.97,Plusieurs relations incidentes convergent vers DONNEE_PATIENT (16/16).,P5_E058,DEFAILLANCE_ORGANE,La patiente | patient,R_V69K_00063,service_medical_accueille,P5_E051,P5_E058,DEFAILLANCE_ORGANE,DONNEE_PATIENT,5,Le type cible ne respecte pas l'image TRACE
RA_000593,img20250709_16583921_trace_sepsis_V1.6-V6.5-SELECTIVE_PRECISION.json,INVALID_RELATION_SOURCE_TYPE,AUTO_CORRECTABLE,0.97,Plusieurs relations incidentes convergent vers DONNEE_PATIENT (16/16).,P5_E058,DEFAILLANCE_ORGANE,La patiente | patient,R_V69K_00064,presente_symptome,P5_E058,P5_E056,DEFAILLANCE_ORGANE,DONNEE_PATIENT,5,Le type source ne respecte pas le domaine TRACE
RA_000594,img20250709_16583921_trace_sepsis_V1.6-V6.5-SELECTIVE_PRECISION.json,INVALID_RELATION_SOURCE_TYPE,AUTO_CORRECTABLE,0.97,Plusieurs relations incidentes convergent vers DONNEE_PATIENT (16/16).,P5_E058,DEFAILLANCE_ORGANE,La patiente | patient,R_V69K_00067,patient_a_pour_evolution,P5_E058,P5_E075,DEFAILLANCE_ORGANE,DONNEE_PATIENT,5,Le type source ne respecte pas le domaine TRACE
RA_000595,img20250709_16583921_trace_sepsis_V1.6-V6.5-SELECTIVE_PRECISION.json,INVALID_RELATION_SOURCE_TYPE,AUTO_CORRECTABLE,0.97,Plusieurs relations incidentes convergent vers DONNEE_PATIENT (16/16).,P5_E058,DEFAILLANCE_ORGANE,La patiente | patient,R_V69K_00068,presente_suspicion_infection,P5_E058,P5_E079,DEFAILLANCE_ORGANE,DONNEE_PATIENT,5,Le type source ne respecte pas le domaine TRACE
RA_000596,img20250709_16583921_trace_sepsis_V1.6-V6.5-SELECTIVE_PRECISION.json,INVALID_RELATION_SOURCE_TYPE,AUTO_CORRECTABLE,0.97,Plusieurs relations incidentes convergent vers DONNEE_PATIENT (16/16).,P5_E058,DEFAILLANCE_ORGANE,La patiente | patient,R_V69K_00069,a_pour_label_nosologique,P5_E058,P5_E040,DEFAILLANCE_ORGANE,DONNEE_PATIENT,5,Le type source ne respecte pas le domaine TRACE
RA_000597,img20250709_16583921_trace_sepsis_V1.6-V6.5-SELECTIVE_PRECISION.json,INVALID_RELATION_SOURCE_TYPE,AUTO_CORRECTABLE,0.97,Plusieurs relations incidentes convergent vers DONNEE_PATIENT (16/16).,P5_E058,DEFAILLANCE_ORGANE,La patiente | patient,R_V69K_00070,a_pour_label_nosologique,P5_E058,P5_E052,DEFAILLANCE_ORGANE,DONNEE_PATIENT,5,Le type source ne respecte pas le domaine TRACE
RA_000598,img20250709_16583921_trace_sepsis_V1.6-V6.5-SELECTIVE_PRECISION.json,INVALID_RELATION_TARGET_TYPE,AUTO_CORRECTABLE,0.97,Plusieurs relations incidentes convergent vers DONNEE_PATIENT (16/16).,P5_E058,DEFAILLANCE_ORGANE,La patiente | patient,R_V69K_00071,service_medical_accueille,P5_E060,P5_E058,DEFAILLANCE_ORGANE,DONNEE_PATIENT,5,Le type cible ne respecte pas l'image TRACE
RA_000599,img20250709_17005010_trace_sepsis_V1.6-V6.5-SELECTIVE_PRECISION.json,DUPLICATE_ENTITY_CONTENT,DATA_AMBIGUITY,0.82,Même contenu mais contextes/pages ou profils relationnels différents.,"P1_E019,P4_E033,P5_E009",DEFAILLANCE_ORGANE,CIVD | hematologique,,,,,,,,Même type + même contenu avec plusieurs IDs
RA_000600,img20250709_17005010_trace_sepsis_V1.6-V6.5-SELECTIVE_PRECISION.json,DUPLICATE_ENTITY_CONTENT,DATA_AMBIGUITY,0.82,Même contenu mais contextes/pages ou profils relationnels différents.,"P1_E021,P2_E001,P4_E008",TRAITEMENT,Tazocilline | antibiotique,,,,,,,,Même type + même contenu avec plusieurs IDs
RA_000601,img20250709_17005010_trace_sepsis_V1.6-V6.5-SELECTIVE_PRECISION.json,DUPLICATE_ENTITY_CONTENT,DATA_AMBIGUITY,0.82,Même contenu mais contextes/pages ou profils relationnels différents.,"P1_E022,P2_E003,P4_E010",TRAITEMENT,Flagyl | antibiotique,,,,,,,,Même type + même contenu avec plusieurs IDs
RA_000602,img20250709_17005010_trace_sepsis_V1.6-V6.5-SELECTIVE_PRECISION.json,DUPLICATE_ENTITY_CONTENT,DATA_AMBIGUITY,0.82,Même contenu mais contextes/pages ou profils relationnels différents.,"P1_E023,P2_E005,P4_E009",TRAITEMENT,gentamycine | antibiotique,,,,,,,,Même type + même contenu avec plusieurs IDs
RA_000603,img20250709_17005010_trace_sepsis_V1.6-V6.5-SELECTIVE_PRECISION.json,INVALID_RELATION_SOURCE_TYPE,AUTO_CORRECTABLE,0.97,Plusieurs relations incidentes convergent vers DONNEE_PATIENT (6/6).,P4_E030,LABEL_NOSOLOGIQUE,Patient | patient,R_V69K_00045,presente_dysfonction_organe,P4_E030,P4_E004,LABEL_NOSOLOGIQUE,DONNEE_PATIENT,4,Le type source ne respecte pas le domaine TRACE
RA_000604,img20250709_17005010_trace_sepsis_V1.6-V6.5-SELECTIVE_PRECISION.json,INVALID_RELATION_SOURCE_TYPE,AUTO_CORRECTABLE,0.97,Plusieurs relations incidentes convergent vers DONNEE_PATIENT (6/6).,P4_E030,LABEL_NOSOLOGIQUE,Patient | patient,R_V69K_00046,presente_dysfonction_organe,P4_E030,P4_E033,LABEL_NOSOLOGIQUE,DONNEE_PATIENT,4,Le type source ne respecte pas le domaine TRACE
RA_000605,img20250709_17005010_trace_sepsis_V1.6-V6.5-SELECTIVE_PRECISION.json,INVALID_RELATION_SOURCE_TYPE,AUTO_CORRECTABLE,0.97,Plusieurs relations incidentes convergent vers DONNEE_PATIENT (6/6).,P4_E030,LABEL_NOSOLOGIQUE,Patient | patient,R_V69K_00047,presente_dysfonction_organe,P4_E030,P4_E021,LABEL_NOSOLOGIQUE,DONNEE_PATIENT,4,Le type source ne respecte pas le domaine TRACE
RA_000606,img20250709_17005010_trace_sepsis_V1.6-V6.5-SELECTIVE_PRECISION.json,INVALID_RELATION_SOURCE_TYPE,AUTO_CORRECTABLE,0.97,Plusieurs relations incidentes convergent vers DONNEE_PATIENT (6/6).,P4_E030,LABEL_NOSOLOGIQUE,Patient | patient,R_V69K_00048,presente_dysfonction_organe,P4_E030,P4_E027,LABEL_NOSOLOGIQUE,DONNEE_PATIENT,4,Le type source ne respecte pas le domaine TRACE
RA_000607,img20250709_17005010_trace_sepsis_V1.6-V6.5-SELECTIVE_PRECISION.json,INVALID_RELATION_SOURCE_TYPE,AUTO_CORRECTABLE,0.97,Plusieurs relations incidentes convergent vers DONNEE_PATIENT (6/6).,P4_E030,LABEL_NOSOLOGIQUE,Patient | patient,R_V69K_00061,a_pour_label_nosologique,P4_E030,P4_E005,LABEL_NOSOLOGIQUE,DONNEE_PATIENT,4,Le type source ne respecte pas le domaine TRACE
RA_000608,img20250709_17005010_trace_sepsis_V1.6-V6.5-SELECTIVE_PRECISION.json,INVALID_RELATION_SOURCE_TYPE,AUTO_CORRECTABLE,0.97,Plusieurs relations incidentes convergent vers DONNEE_PATIENT (6/6).,P4_E030,LABEL_NOSOLOGIQUE,Patient | patient,R_V69K_00062,a_pour_label_nosologique,P4_E030,P4_E006,LABEL_NOSOLOGIQUE,DONNEE_PATIENT,4,Le type source ne respecte pas le domaine TRACE
RA_000609,img20250709_17005010_trace_sepsis_V1.6-V6.5-SELECTIVE_PRECISION.json,INVALID_RELATION_TARGET_TYPE,SCHEMA_AMBIGUITY,0.8,"L'entité reste plausible comme FOYER_INFECTIEUX, mais la relation a_pour_label_nosologique exige LABEL_NOSOLOGIQUE.",P4_E006,FOYER_INFECTIEUX,gangrène gazeuse | gangrene_gazeuse,R_V69K_00062,a_pour_label_nosologique,P4_E030,P4_E006,FOYER_INFECTIEUX,LABEL_NOSOLOGIQUE,4,Le type cible ne respecte pas l'image TRACE
RA_000610,img20250709_17005010_trace_sepsis_V1.6-V6.5-SELECTIVE_PRECISION.json,INVALID_RELATION_TARGET_TYPE,SCHEMA_AMBIGUITY,0.8,"L'entité reste plausible comme COMORBIDITE_ANTECEDENT, mais la relation presente_symptome exige SYMPTOME.",P1_E002,COMORBIDITE_ANTECEDENT,hémiplégie droite et dysarthrie séquellaire | autre,R_V69K_00073,presente_symptome,P1_E027,P1_E002,COMORBIDITE_ANTECEDENT,SYMPTOME,,Le type cible ne respecte pas l'image TRACE
RA_000611,img20250709_17005010_trace_sepsis_V1.6-V6.5-SELECTIVE_PRECISION.json,INVALID_RELATION_SOURCE_TYPE,SCHEMA_AMBIGUITY,0.8,"L'entité reste plausible comme DEFAILLANCE_ORGANE, mais la relation signe_vital_supporte_defaillance_organe exige SIGNE_VITAL.",P4_E026,DEFAILLANCE_ORGANE,Tachycardie | frequence_cardiaque,R_V69K_00074,signe_vital_supporte_defaillance_organe,P4_E026,P4_E005,DEFAILLANCE_ORGANE,SIGNE_VITAL,,Le type source ne respecte pas le domaine TRACE
RA_000612,img20250709_17005010_trace_sepsis_V1.6-V6.5-SELECTIVE_PRECISION.json,INVALID_RELATION_TARGET_TYPE,SCHEMA_AMBIGUITY,0.8,"L'entité reste plausible comme LABEL_NOSOLOGIQUE, mais la relation signe_vital_supporte_defaillance_organe exige DEFAILLANCE_ORGANE.",P4_E005,LABEL_NOSOLOGIQUE,Choc septique | choc_septique,R_V69K_00074,signe_vital_supporte_defaillance_organe,P4_E026,P4_E005,LABEL_NOSOLOGIQUE,DEFAILLANCE_ORGANE,,Le type cible ne respecte pas l'image TRACE
