candidate_id,document,strength,source_type,relation_1,middle_type_missing,relation_2,target_type,source_id,source_text,source_page,target_id,target_text,target_page,reason
B2_000001,img20250709_16142502_trace_sepsis_V1.6-V6.5-SELECTIVE_PRECISION.json,MEDIUM,COMORBIDITE_ANTECEDENT,a_pour_contexte_acquisition,CONTEXTE_ACQUISITION,contexte_acquisition_influence_risque_resistance,MICRO_ORGANISME,P1_E001,Cirrhose hépatique diagnostiquée en mai 2014,1,P2_E038,C. difficile,2,"A et C présents dans le document, B absent du document"
B2_000002,img20250709_16142502_trace_sepsis_V1.6-V6.5-SELECTIVE_PRECISION.json,MEDIUM,COMORBIDITE_ANTECEDENT,a_pour_contexte_acquisition,CONTEXTE_ACQUISITION,contexte_acquisition_influence_risque_resistance,MICRO_ORGANISME,P1_E002,hypertension portale dans thrombose,1,P2_E038,C. difficile,2,"A et C présents dans le document, B absent du document"
B2_000003,img20250709_16142502_trace_sepsis_V1.6-V6.5-SELECTIVE_PRECISION.json,MEDIUM,COMORBIDITE_ANTECEDENT,a_pour_contexte_acquisition,CONTEXTE_ACQUISITION,contexte_acquisition_influence_risque_resistance,MICRO_ORGANISME,P1_E003,Anémie par carence martiale diagnostiquée en janvier 2015,1,P2_E038,C. difficile,2,"A et C présents dans le document, B absent du document"
B2_000004,img20250709_16142502_trace_sepsis_V1.6-V6.5-SELECTIVE_PRECISION.json,MEDIUM,COMORBIDITE_ANTECEDENT,a_pour_contexte_acquisition,CONTEXTE_ACQUISITION,contexte_acquisition_influence_risque_resistance,MICRO_ORGANISME,P1_E022,atrophie cortico-sous-corticale,1,P2_E038,C. difficile,2,"A et C présents dans le document, B absent du document"
B2_000005,img20250709_16142502_trace_sepsis_V1.6-V6.5-SELECTIVE_PRECISION.json,MEDIUM,COMORBIDITE_ANTECEDENT,a_pour_contexte_acquisition,CONTEXTE_ACQUISITION,contexte_acquisition_influence_risque_resistance,MICRO_ORGANISME,P1_E023,varices oesophagiennes,1,P2_E038,C. difficile,2,"A et C présents dans le document, B absent du document"
B2_000006,img20250709_16142502_trace_sepsis_V1.6-V6.5-SELECTIVE_PRECISION.json,MEDIUM,COMORBIDITE_ANTECEDENT,a_pour_contexte_acquisition,CONTEXTE_ACQUISITION,contexte_acquisition_influence_risque_resistance,MICRO_ORGANISME,P1_E024,Nodule du poumon droit,1,P2_E038,C. difficile,2,"A et C présents dans le document, B absent du document"
B2_000007,img20250709_16142502_trace_sepsis_V1.6-V6.5-SELECTIVE_PRECISION.json,MEDIUM,COMORBIDITE_ANTECEDENT,a_pour_contexte_acquisition,CONTEXTE_ACQUISITION,contexte_acquisition_influence_risque_resistance,MICRO_ORGANISME,P1_E025,hypertension portale,1,P2_E038,C. difficile,2,"A et C présents dans le document, B absent du document"
B2_000008,img20250709_16142502_trace_sepsis_V1.6-V6.5-SELECTIVE_PRECISION.json,MEDIUM,COMORBIDITE_ANTECEDENT,a_pour_contexte_acquisition,CONTEXTE_ACQUISITION,contexte_acquisition_influence_risque_resistance,MICRO_ORGANISME,P1_E026,tabagisme sevré,1,P2_E038,C. difficile,2,"A et C présents dans le document, B absent du document"
B2_000009,img20250709_16142502_trace_sepsis_V1.6-V6.5-SELECTIVE_PRECISION.json,MEDIUM,COMORBIDITE_ANTECEDENT,a_pour_contexte_acquisition,CONTEXTE_ACQUISITION,contexte_acquisition_influence_risque_resistance,MICRO_ORGANISME,P1_E027,nodule de 4 mm,1,P2_E038,C. difficile,2,"A et C présents dans le document, B absent du document"
B2_000010,img20250709_16142502_trace_sepsis_V1.6-V6.5-SELECTIVE_PRECISION.json,MEDIUM,COMORBIDITE_ANTECEDENT,a_pour_contexte_acquisition,CONTEXTE_ACQUISITION,contexte_acquisition_influence_risque_resistance,MICRO_ORGANISME,P1_E028,pancytopénie,1,P2_E038,C. difficile,2,"A et C présents dans le document, B absent du document"
B2_000011,img20250709_16142502_trace_sepsis_V1.6-V6.5-SELECTIVE_PRECISION.json,MEDIUM,COMORBIDITE_ANTECEDENT,a_pour_contexte_acquisition,CONTEXTE_ACQUISITION,contexte_acquisition_influence_risque_resistance,MICRO_ORGANISME,P1_E029,Hépatite A,1,P2_E038,C. difficile,2,"A et C présents dans le document, B absent du document"
B2_000012,img20250709_16142502_trace_sepsis_V1.6-V6.5-SELECTIVE_PRECISION.json,MEDIUM,COMORBIDITE_ANTECEDENT,a_pour_contexte_acquisition,CONTEXTE_ACQUISITION,contexte_acquisition_influence_risque_resistance,MICRO_ORGANISME,P1_E030,tabagisme,1,P2_E038,C. difficile,2,"A et C présents dans le document, B absent du document"
B2_000013,img20250709_16142502_trace_sepsis_V1.6-V6.5-SELECTIVE_PRECISION.json,STRONG,COMORBIDITE_ANTECEDENT,a_pour_contexte_acquisition,CONTEXTE_ACQUISITION,contexte_acquisition_influence_risque_resistance,MICRO_ORGANISME,P2_E004,interruption focale du plancher par des racines dentaires avec présence d'au moins un granulome apical sur une prémolaire,2,P2_E038,C. difficile,2,"A et C présents sur la même page, B absent du document"
B2_000014,img20250709_16142502_trace_sepsis_V1.6-V6.5-SELECTIVE_PRECISION.json,MEDIUM,COMORBIDITE_ANTECEDENT,a_pour_contexte_acquisition,CONTEXTE_ACQUISITION,contexte_acquisition_influence_risque_resistance,MICRO_ORGANISME,P5_E008,cirrhotique child pugh B (8 points),5,P2_E038,C. difficile,2,"A et C présents dans le document, B absent du document"
B2_000015,img20250709_16142502_trace_sepsis_V1.6-V6.5-SELECTIVE_PRECISION.json,MEDIUM,COMORBIDITE_ANTECEDENT,a_pour_contexte_acquisition,CONTEXTE_ACQUISITION,contexte_acquisition_influence_risque_resistance,MICRO_ORGANISME,P5_E034,atrophie cortico sous corticales,5,P2_E038,C. difficile,2,"A et C présents dans le document, B absent du document"
B2_000016,img20250709_16142502_trace_sepsis_V1.6-V6.5-SELECTIVE_PRECISION.json,MEDIUM,COMORBIDITE_ANTECEDENT,a_pour_contexte_acquisition,CONTEXTE_ACQUISITION,contexte_acquisition_influence_risque_resistance,MICRO_ORGANISME,P5_E035,hypertension portale,5,P2_E038,C. difficile,2,"A et C présents dans le document, B absent du document"
B2_000017,img20250709_16142502_trace_sepsis_V1.6-V6.5-SELECTIVE_PRECISION.json,MEDIUM,COMORBIDITE_ANTECEDENT,a_pour_contexte_acquisition,CONTEXTE_ACQUISITION,contexte_acquisition_influence_risque_resistance,MICRO_ORGANISME,P6_E046,hématome,6,P2_E038,C. difficile,2,"A et C présents dans le document, B absent du document"
B2_000018,img20250709_16154161_trace_sepsis_V1.6-V6.5-SELECTIVE_PRECISION.json,MEDIUM,COMORBIDITE_ANTECEDENT,a_pour_contexte_acquisition,CONTEXTE_ACQUISITION,contexte_acquisition_influence_risque_resistance,MICRO_ORGANISME,P1_E001,myotonie de Steinert,1,P2_E074,Citrobacter Koseri,2,"A et C présents dans le document, B absent du document"
B2_000019,img20250709_16154161_trace_sepsis_V1.6-V6.5-SELECTIVE_PRECISION.json,MEDIUM,COMORBIDITE_ANTECEDENT,a_pour_contexte_acquisition,CONTEXTE_ACQUISITION,contexte_acquisition_influence_risque_resistance,MICRO_ORGANISME,P1_E001,myotonie de Steinert,1,P2_E075,SARM,2,"A et C présents dans le document, B absent du document"
B2_000020,img20250709_16154161_trace_sepsis_V1.6-V6.5-SELECTIVE_PRECISION.json,MEDIUM,COMORBIDITE_ANTECEDENT,a_pour_contexte_acquisition,CONTEXTE_ACQUISITION,contexte_acquisition_influence_risque_resistance,MICRO_ORGANISME,P1_E001,myotonie de Steinert,1,P6_E054,proteus mirabilis,6,"A et C présents dans le document, B absent du document"
B2_000021,img20250709_16154161_trace_sepsis_V1.6-V6.5-SELECTIVE_PRECISION.json,MEDIUM,COMORBIDITE_ANTECEDENT,a_pour_contexte_acquisition,CONTEXTE_ACQUISITION,contexte_acquisition_influence_risque_resistance,MICRO_ORGANISME,P1_E001,myotonie de Steinert,1,P6_E055,enterococcus,6,"A et C présents dans le document, B absent du document"
B2_000022,img20250709_16154161_trace_sepsis_V1.6-V6.5-SELECTIVE_PRECISION.json,MEDIUM,COMORBIDITE_ANTECEDENT,a_pour_contexte_acquisition,CONTEXTE_ACQUISITION,contexte_acquisition_influence_risque_resistance,MICRO_ORGANISME,P1_E002,insuffisance respiratoire chronique,1,P2_E074,Citrobacter Koseri,2,"A et C présents dans le document, B absent du document"
B2_000023,img20250709_16154161_trace_sepsis_V1.6-V6.5-SELECTIVE_PRECISION.json,MEDIUM,COMORBIDITE_ANTECEDENT,a_pour_contexte_acquisition,CONTEXTE_ACQUISITION,contexte_acquisition_influence_risque_resistance,MICRO_ORGANISME,P1_E002,insuffisance respiratoire chronique,1,P2_E075,SARM,2,"A et C présents dans le document, B absent du document"
B2_000024,img20250709_16154161_trace_sepsis_V1.6-V6.5-SELECTIVE_PRECISION.json,MEDIUM,COMORBIDITE_ANTECEDENT,a_pour_contexte_acquisition,CONTEXTE_ACQUISITION,contexte_acquisition_influence_risque_resistance,MICRO_ORGANISME,P1_E002,insuffisance respiratoire chronique,1,P6_E054,proteus mirabilis,6,"A et C présents dans le document, B absent du document"
B2_000025,img20250709_16154161_trace_sepsis_V1.6-V6.5-SELECTIVE_PRECISION.json,MEDIUM,COMORBIDITE_ANTECEDENT,a_pour_contexte_acquisition,CONTEXTE_ACQUISITION,contexte_acquisition_influence_risque_resistance,MICRO_ORGANISME,P1_E002,insuffisance respiratoire chronique,1,P6_E055,enterococcus,6,"A et C présents dans le document, B absent du document"
B2_000026,img20250709_16154161_trace_sepsis_V1.6-V6.5-SELECTIVE_PRECISION.json,MEDIUM,COMORBIDITE_ANTECEDENT,a_pour_contexte_acquisition,CONTEXTE_ACQUISITION,contexte_acquisition_influence_risque_resistance,MICRO_ORGANISME,P1_E005,BAV1 avec hémibloc antérieur,1,P2_E074,Citrobacter Koseri,2,"A et C présents dans le document, B absent du document"
B2_000027,img20250709_16154161_trace_sepsis_V1.6-V6.5-SELECTIVE_PRECISION.json,MEDIUM,COMORBIDITE_ANTECEDENT,a_pour_contexte_acquisition,CONTEXTE_ACQUISITION,contexte_acquisition_influence_risque_resistance,MICRO_ORGANISME,P1_E005,BAV1 avec hémibloc antérieur,1,P2_E075,SARM,2,"A et C présents dans le document, B absent du document"
B2_000028,img20250709_16154161_trace_sepsis_V1.6-V6.5-SELECTIVE_PRECISION.json,MEDIUM,COMORBIDITE_ANTECEDENT,a_pour_contexte_acquisition,CONTEXTE_ACQUISITION,contexte_acquisition_influence_risque_resistance,MICRO_ORGANISME,P1_E005,BAV1 avec hémibloc antérieur,1,P6_E054,proteus mirabilis,6,"A et C présents dans le document, B absent du document"
B2_000029,img20250709_16154161_trace_sepsis_V1.6-V6.5-SELECTIVE_PRECISION.json,MEDIUM,COMORBIDITE_ANTECEDENT,a_pour_contexte_acquisition,CONTEXTE_ACQUISITION,contexte_acquisition_influence_risque_resistance,MICRO_ORGANISME,P1_E005,BAV1 avec hémibloc antérieur,1,P6_E055,enterococcus,6,"A et C présents dans le document, B absent du document"
B2_000030,img20250709_16154161_trace_sepsis_V1.6-V6.5-SELECTIVE_PRECISION.json,MEDIUM,COMORBIDITE_ANTECEDENT,a_pour_contexte_acquisition,CONTEXTE_ACQUISITION,contexte_acquisition_influence_risque_resistance,MICRO_ORGANISME,P1_E006,syncope et chute,1,P2_E074,Citrobacter Koseri,2,"A et C présents dans le document, B absent du document"
B2_000031,img20250709_16154161_trace_sepsis_V1.6-V6.5-SELECTIVE_PRECISION.json,MEDIUM,COMORBIDITE_ANTECEDENT,a_pour_contexte_acquisition,CONTEXTE_ACQUISITION,contexte_acquisition_influence_risque_resistance,MICRO_ORGANISME,P1_E006,syncope et chute,1,P2_E075,SARM,2,"A et C présents dans le document, B absent du document"
B2_000032,img20250709_16154161_trace_sepsis_V1.6-V6.5-SELECTIVE_PRECISION.json,MEDIUM,COMORBIDITE_ANTECEDENT,a_pour_contexte_acquisition,CONTEXTE_ACQUISITION,contexte_acquisition_influence_risque_resistance,MICRO_ORGANISME,P1_E006,syncope et chute,1,P6_E054,proteus mirabilis,6,"A et C présents dans le document, B absent du document"
B2_000033,img20250709_16154161_trace_sepsis_V1.6-V6.5-SELECTIVE_PRECISION.json,MEDIUM,COMORBIDITE_ANTECEDENT,a_pour_contexte_acquisition,CONTEXTE_ACQUISITION,contexte_acquisition_influence_risque_resistance,MICRO_ORGANISME,P1_E006,syncope et chute,1,P6_E055,enterococcus,6,"A et C présents dans le document, B absent du document"
B2_000034,img20250709_16154161_trace_sepsis_V1.6-V6.5-SELECTIVE_PRECISION.json,MEDIUM,COMORBIDITE_ANTECEDENT,a_pour_contexte_acquisition,CONTEXTE_ACQUISITION,contexte_acquisition_influence_risque_resistance,MICRO_ORGANISME,P1_E022,Fracture du péroné,1,P2_E074,Citrobacter Koseri,2,"A et C présents dans le document, B absent du document"
B2_000035,img20250709_16154161_trace_sepsis_V1.6-V6.5-SELECTIVE_PRECISION.json,MEDIUM,COMORBIDITE_ANTECEDENT,a_pour_contexte_acquisition,CONTEXTE_ACQUISITION,contexte_acquisition_influence_risque_resistance,MICRO_ORGANISME,P1_E022,Fracture du péroné,1,P2_E075,SARM,2,"A et C présents dans le document, B absent du document"
B2_000036,img20250709_16154161_trace_sepsis_V1.6-V6.5-SELECTIVE_PRECISION.json,MEDIUM,COMORBIDITE_ANTECEDENT,a_pour_contexte_acquisition,CONTEXTE_ACQUISITION,contexte_acquisition_influence_risque_resistance,MICRO_ORGANISME,P1_E022,Fracture du péroné,1,P6_E054,proteus mirabilis,6,"A et C présents dans le document, B absent du document"
B2_000037,img20250709_16154161_trace_sepsis_V1.6-V6.5-SELECTIVE_PRECISION.json,MEDIUM,COMORBIDITE_ANTECEDENT,a_pour_contexte_acquisition,CONTEXTE_ACQUISITION,contexte_acquisition_influence_risque_resistance,MICRO_ORGANISME,P1_E022,Fracture du péroné,1,P6_E055,enterococcus,6,"A et C présents dans le document, B absent du document"
B2_000038,img20250709_16154161_trace_sepsis_V1.6-V6.5-SELECTIVE_PRECISION.json,MEDIUM,COMORBIDITE_ANTECEDENT,a_pour_contexte_acquisition,CONTEXTE_ACQUISITION,contexte_acquisition_influence_risque_resistance,MICRO_ORGANISME,P1_E023,cataracte à droite,1,P2_E074,Citrobacter Koseri,2,"A et C présents dans le document, B absent du document"
B2_000039,img20250709_16154161_trace_sepsis_V1.6-V6.5-SELECTIVE_PRECISION.json,MEDIUM,COMORBIDITE_ANTECEDENT,a_pour_contexte_acquisition,CONTEXTE_ACQUISITION,contexte_acquisition_influence_risque_resistance,MICRO_ORGANISME,P1_E023,cataracte à droite,1,P2_E075,SARM,2,"A et C présents dans le document, B absent du document"
B2_000040,img20250709_16154161_trace_sepsis_V1.6-V6.5-SELECTIVE_PRECISION.json,MEDIUM,COMORBIDITE_ANTECEDENT,a_pour_contexte_acquisition,CONTEXTE_ACQUISITION,contexte_acquisition_influence_risque_resistance,MICRO_ORGANISME,P1_E023,cataracte à droite,1,P6_E054,proteus mirabilis,6,"A et C présents dans le document, B absent du document"
B2_000041,img20250709_16154161_trace_sepsis_V1.6-V6.5-SELECTIVE_PRECISION.json,MEDIUM,COMORBIDITE_ANTECEDENT,a_pour_contexte_acquisition,CONTEXTE_ACQUISITION,contexte_acquisition_influence_risque_resistance,MICRO_ORGANISME,P1_E023,cataracte à droite,1,P6_E055,enterococcus,6,"A et C présents dans le document, B absent du document"
B2_000042,img20250709_16154161_trace_sepsis_V1.6-V6.5-SELECTIVE_PRECISION.json,MEDIUM,COMORBIDITE_ANTECEDENT,a_pour_contexte_acquisition,CONTEXTE_ACQUISITION,contexte_acquisition_influence_risque_resistance,MICRO_ORGANISME,P1_E024,tabagisme,1,P2_E074,Citrobacter Koseri,2,"A et C présents dans le document, B absent du document"
B2_000043,img20250709_16154161_trace_sepsis_V1.6-V6.5-SELECTIVE_PRECISION.json,MEDIUM,COMORBIDITE_ANTECEDENT,a_pour_contexte_acquisition,CONTEXTE_ACQUISITION,contexte_acquisition_influence_risque_resistance,MICRO_ORGANISME,P1_E024,tabagisme,1,P2_E075,SARM,2,"A et C présents dans le document, B absent du document"
B2_000044,img20250709_16154161_trace_sepsis_V1.6-V6.5-SELECTIVE_PRECISION.json,MEDIUM,COMORBIDITE_ANTECEDENT,a_pour_contexte_acquisition,CONTEXTE_ACQUISITION,contexte_acquisition_influence_risque_resistance,MICRO_ORGANISME,P1_E024,tabagisme,1,P6_E054,proteus mirabilis,6,"A et C présents dans le document, B absent du document"
B2_000045,img20250709_16154161_trace_sepsis_V1.6-V6.5-SELECTIVE_PRECISION.json,MEDIUM,COMORBIDITE_ANTECEDENT,a_pour_contexte_acquisition,CONTEXTE_ACQUISITION,contexte_acquisition_influence_risque_resistance,MICRO_ORGANISME,P1_E024,tabagisme,1,P6_E055,enterococcus,6,"A et C présents dans le document, B absent du document"
B2_000046,img20250709_16154161_trace_sepsis_V1.6-V6.5-SELECTIVE_PRECISION.json,MEDIUM,COMORBIDITE_ANTECEDENT,a_pour_contexte_acquisition,CONTEXTE_ACQUISITION,contexte_acquisition_influence_risque_resistance,MICRO_ORGANISME,P1_E025,BAV1,1,P2_E074,Citrobacter Koseri,2,"A et C présents dans le document, B absent du document"
B2_000047,img20250709_16154161_trace_sepsis_V1.6-V6.5-SELECTIVE_PRECISION.json,MEDIUM,COMORBIDITE_ANTECEDENT,a_pour_contexte_acquisition,CONTEXTE_ACQUISITION,contexte_acquisition_influence_risque_resistance,MICRO_ORGANISME,P1_E025,BAV1,1,P2_E075,SARM,2,"A et C présents dans le document, B absent du document"
B2_000048,img20250709_16154161_trace_sepsis_V1.6-V6.5-SELECTIVE_PRECISION.json,MEDIUM,COMORBIDITE_ANTECEDENT,a_pour_contexte_acquisition,CONTEXTE_ACQUISITION,contexte_acquisition_influence_risque_resistance,MICRO_ORGANISME,P1_E025,BAV1,1,P6_E054,proteus mirabilis,6,"A et C présents dans le document, B absent du document"
B2_000049,img20250709_16154161_trace_sepsis_V1.6-V6.5-SELECTIVE_PRECISION.json,MEDIUM,COMORBIDITE_ANTECEDENT,a_pour_contexte_acquisition,CONTEXTE_ACQUISITION,contexte_acquisition_influence_risque_resistance,MICRO_ORGANISME,P1_E025,BAV1,1,P6_E055,enterococcus,6,"A et C présents dans le document, B absent du document"
B2_000050,img20250709_16154161_trace_sepsis_V1.6-V6.5-SELECTIVE_PRECISION.json,STRONG,COMORBIDITE_ANTECEDENT,a_pour_contexte_acquisition,CONTEXTE_ACQUISITION,contexte_acquisition_influence_risque_resistance,MICRO_ORGANISME,P2_E053,insuffisant respiratoire,2,P2_E074,Citrobacter Koseri,2,"A et C présents sur la même page, B absent du document"
B2_000051,img20250709_16154161_trace_sepsis_V1.6-V6.5-SELECTIVE_PRECISION.json,STRONG,COMORBIDITE_ANTECEDENT,a_pour_contexte_acquisition,CONTEXTE_ACQUISITION,contexte_acquisition_influence_risque_resistance,MICRO_ORGANISME,P2_E053,insuffisant respiratoire,2,P2_E075,SARM,2,"A et C présents sur la même page, B absent du document"
B2_000052,img20250709_16154161_trace_sepsis_V1.6-V6.5-SELECTIVE_PRECISION.json,MEDIUM,COMORBIDITE_ANTECEDENT,a_pour_contexte_acquisition,CONTEXTE_ACQUISITION,contexte_acquisition_influence_risque_resistance,MICRO_ORGANISME,P2_E053,insuffisant respiratoire,2,P6_E054,proteus mirabilis,6,"A et C présents dans le document, B absent du document"
B2_000053,img20250709_16154161_trace_sepsis_V1.6-V6.5-SELECTIVE_PRECISION.json,MEDIUM,COMORBIDITE_ANTECEDENT,a_pour_contexte_acquisition,CONTEXTE_ACQUISITION,contexte_acquisition_influence_risque_resistance,MICRO_ORGANISME,P2_E053,insuffisant respiratoire,2,P6_E055,enterococcus,6,"A et C présents dans le document, B absent du document"
B2_000054,img20250709_16154161_trace_sepsis_V1.6-V6.5-SELECTIVE_PRECISION.json,MEDIUM,COMORBIDITE_ANTECEDENT,a_pour_contexte_acquisition,CONTEXTE_ACQUISITION,contexte_acquisition_influence_risque_resistance,MICRO_ORGANISME,P5_E007,myopathie de Steinert,5,P2_E074,Citrobacter Koseri,2,"A et C présents dans le document, B absent du document"
B2_000055,img20250709_16154161_trace_sepsis_V1.6-V6.5-SELECTIVE_PRECISION.json,MEDIUM,COMORBIDITE_ANTECEDENT,a_pour_contexte_acquisition,CONTEXTE_ACQUISITION,contexte_acquisition_influence_risque_resistance,MICRO_ORGANISME,P5_E007,myopathie de Steinert,5,P2_E075,SARM,2,"A et C présents dans le document, B absent du document"
B2_000056,img20250709_16154161_trace_sepsis_V1.6-V6.5-SELECTIVE_PRECISION.json,MEDIUM,COMORBIDITE_ANTECEDENT,a_pour_contexte_acquisition,CONTEXTE_ACQUISITION,contexte_acquisition_influence_risque_resistance,MICRO_ORGANISME,P5_E007,myopathie de Steinert,5,P6_E054,proteus mirabilis,6,"A et C présents dans le document, B absent du document"
B2_000057,img20250709_16154161_trace_sepsis_V1.6-V6.5-SELECTIVE_PRECISION.json,MEDIUM,COMORBIDITE_ANTECEDENT,a_pour_contexte_acquisition,CONTEXTE_ACQUISITION,contexte_acquisition_influence_risque_resistance,MICRO_ORGANISME,P5_E007,myopathie de Steinert,5,P6_E055,enterococcus,6,"A et C présents dans le document, B absent du document"
B2_000058,img20250709_16154161_trace_sepsis_V1.6-V6.5-SELECTIVE_PRECISION.json,MEDIUM,COMORBIDITE_ANTECEDENT,a_pour_contexte_acquisition,CONTEXTE_ACQUISITION,contexte_acquisition_influence_risque_resistance,MICRO_ORGANISME,P5_E008,insuffisance respiratoire chronique,5,P2_E074,Citrobacter Koseri,2,"A et C présents dans le document, B absent du document"
B2_000059,img20250709_16154161_trace_sepsis_V1.6-V6.5-SELECTIVE_PRECISION.json,MEDIUM,COMORBIDITE_ANTECEDENT,a_pour_contexte_acquisition,CONTEXTE_ACQUISITION,contexte_acquisition_influence_risque_resistance,MICRO_ORGANISME,P5_E008,insuffisance respiratoire chronique,5,P2_E075,SARM,2,"A et C présents dans le document, B absent du document"
B2_000060,img20250709_16154161_trace_sepsis_V1.6-V6.5-SELECTIVE_PRECISION.json,MEDIUM,COMORBIDITE_ANTECEDENT,a_pour_contexte_acquisition,CONTEXTE_ACQUISITION,contexte_acquisition_influence_risque_resistance,MICRO_ORGANISME,P5_E008,insuffisance respiratoire chronique,5,P6_E054,proteus mirabilis,6,"A et C présents dans le document, B absent du document"
B2_000061,img20250709_16154161_trace_sepsis_V1.6-V6.5-SELECTIVE_PRECISION.json,MEDIUM,COMORBIDITE_ANTECEDENT,a_pour_contexte_acquisition,CONTEXTE_ACQUISITION,contexte_acquisition_influence_risque_resistance,MICRO_ORGANISME,P5_E008,insuffisance respiratoire chronique,5,P6_E055,enterococcus,6,"A et C présents dans le document, B absent du document"
B2_000062,img20250709_16154161_trace_sepsis_V1.6-V6.5-SELECTIVE_PRECISION.json,MEDIUM,COMORBIDITE_ANTECEDENT,a_pour_contexte_acquisition,CONTEXTE_ACQUISITION,contexte_acquisition_influence_risque_resistance,MICRO_ORGANISME,P5_E039,Hématome,5,P2_E074,Citrobacter Koseri,2,"A et C présents dans le document, B absent du document"
B2_000063,img20250709_16154161_trace_sepsis_V1.6-V6.5-SELECTIVE_PRECISION.json,MEDIUM,COMORBIDITE_ANTECEDENT,a_pour_contexte_acquisition,CONTEXTE_ACQUISITION,contexte_acquisition_influence_risque_resistance,MICRO_ORGANISME,P5_E039,Hématome,5,P2_E075,SARM,2,"A et C présents dans le document, B absent du document"
B2_000064,img20250709_16154161_trace_sepsis_V1.6-V6.5-SELECTIVE_PRECISION.json,MEDIUM,COMORBIDITE_ANTECEDENT,a_pour_contexte_acquisition,CONTEXTE_ACQUISITION,contexte_acquisition_influence_risque_resistance,MICRO_ORGANISME,P5_E039,Hématome,5,P6_E054,proteus mirabilis,6,"A et C présents dans le document, B absent du document"
B2_000065,img20250709_16154161_trace_sepsis_V1.6-V6.5-SELECTIVE_PRECISION.json,MEDIUM,COMORBIDITE_ANTECEDENT,a_pour_contexte_acquisition,CONTEXTE_ACQUISITION,contexte_acquisition_influence_risque_resistance,MICRO_ORGANISME,P5_E039,Hématome,5,P6_E055,enterococcus,6,"A et C présents dans le document, B absent du document"
B2_000066,img20250709_16154161_trace_sepsis_V1.6-V6.5-SELECTIVE_PRECISION.json,MEDIUM,COMORBIDITE_ANTECEDENT,a_pour_contexte_acquisition,CONTEXTE_ACQUISITION,contexte_acquisition_influence_risque_resistance,MICRO_ORGANISME,P6_E026,myotonie de steinert,6,P2_E074,Citrobacter Koseri,2,"A et C présents dans le document, B absent du document"
B2_000067,img20250709_16154161_trace_sepsis_V1.6-V6.5-SELECTIVE_PRECISION.json,MEDIUM,COMORBIDITE_ANTECEDENT,a_pour_contexte_acquisition,CONTEXTE_ACQUISITION,contexte_acquisition_influence_risque_resistance,MICRO_ORGANISME,P6_E026,myotonie de steinert,6,P2_E075,SARM,2,"A et C présents dans le document, B absent du document"
B2_000068,img20250709_16154161_trace_sepsis_V1.6-V6.5-SELECTIVE_PRECISION.json,STRONG,COMORBIDITE_ANTECEDENT,a_pour_contexte_acquisition,CONTEXTE_ACQUISITION,contexte_acquisition_influence_risque_resistance,MICRO_ORGANISME,P6_E026,myotonie de steinert,6,P6_E054,proteus mirabilis,6,"A et C présents sur la même page, B absent du document"
B2_000069,img20250709_16154161_trace_sepsis_V1.6-V6.5-SELECTIVE_PRECISION.json,STRONG,COMORBIDITE_ANTECEDENT,a_pour_contexte_acquisition,CONTEXTE_ACQUISITION,contexte_acquisition_influence_risque_resistance,MICRO_ORGANISME,P6_E026,myotonie de steinert,6,P6_E055,enterococcus,6,"A et C présents sur la même page, B absent du document"
B2_000070,img20250709_16164845_trace_sepsis_V1.6-V6.5-SELECTIVE_PRECISION.json,MEDIUM,COMORBIDITE_ANTECEDENT,a_pour_contexte_acquisition,CONTEXTE_ACQUISITION,contexte_acquisition_influence_risque_resistance,MICRO_ORGANISME,P1_E001,myopathie de Steinert,1,P2_E070,Citrobacter Koseri,2,"A et C présents dans le document, B absent du document"
B2_000071,img20250709_16164845_trace_sepsis_V1.6-V6.5-SELECTIVE_PRECISION.json,MEDIUM,COMORBIDITE_ANTECEDENT,a_pour_contexte_acquisition,CONTEXTE_ACQUISITION,contexte_acquisition_influence_risque_resistance,MICRO_ORGANISME,P1_E001,myopathie de Steinert,1,P2_E071,SARM,2,"A et C présents dans le document, B absent du document"
B2_000072,img20250709_16164845_trace_sepsis_V1.6-V6.5-SELECTIVE_PRECISION.json,MEDIUM,COMORBIDITE_ANTECEDENT,a_pour_contexte_acquisition,CONTEXTE_ACQUISITION,contexte_acquisition_influence_risque_resistance,MICRO_ORGANISME,P1_E001,myopathie de Steinert,1,P6_E030,isole un proteus mirabilis,6,"A et C présents dans le document, B absent du document"
B2_000073,img20250709_16164845_trace_sepsis_V1.6-V6.5-SELECTIVE_PRECISION.json,MEDIUM,COMORBIDITE_ANTECEDENT,a_pour_contexte_acquisition,CONTEXTE_ACQUISITION,contexte_acquisition_influence_risque_resistance,MICRO_ORGANISME,P1_E001,myopathie de Steinert,1,P6_E031,enterococcus,6,"A et C présents dans le document, B absent du document"
B2_000074,img20250709_16164845_trace_sepsis_V1.6-V6.5-SELECTIVE_PRECISION.json,MEDIUM,COMORBIDITE_ANTECEDENT,a_pour_contexte_acquisition,CONTEXTE_ACQUISITION,contexte_acquisition_influence_risque_resistance,MICRO_ORGANISME,P1_E001,myopathie de Steinert,1,P6_E057,proteus mirabilis,6,"A et C présents dans le document, B absent du document"
B2_000075,img20250709_16164845_trace_sepsis_V1.6-V6.5-SELECTIVE_PRECISION.json,MEDIUM,COMORBIDITE_ANTECEDENT,a_pour_contexte_acquisition,CONTEXTE_ACQUISITION,contexte_acquisition_influence_risque_resistance,MICRO_ORGANISME,P1_E002,insuffisance respiratoire chronique,1,P2_E070,Citrobacter Koseri,2,"A et C présents dans le document, B absent du document"
B2_000076,img20250709_16164845_trace_sepsis_V1.6-V6.5-SELECTIVE_PRECISION.json,MEDIUM,COMORBIDITE_ANTECEDENT,a_pour_contexte_acquisition,CONTEXTE_ACQUISITION,contexte_acquisition_influence_risque_resistance,MICRO_ORGANISME,P1_E002,insuffisance respiratoire chronique,1,P2_E071,SARM,2,"A et C présents dans le document, B absent du document"
B2_000077,img20250709_16164845_trace_sepsis_V1.6-V6.5-SELECTIVE_PRECISION.json,MEDIUM,COMORBIDITE_ANTECEDENT,a_pour_contexte_acquisition,CONTEXTE_ACQUISITION,contexte_acquisition_influence_risque_resistance,MICRO_ORGANISME,P1_E002,insuffisance respiratoire chronique,1,P6_E030,isole un proteus mirabilis,6,"A et C présents dans le document, B absent du document"
B2_000078,img20250709_16164845_trace_sepsis_V1.6-V6.5-SELECTIVE_PRECISION.json,MEDIUM,COMORBIDITE_ANTECEDENT,a_pour_contexte_acquisition,CONTEXTE_ACQUISITION,contexte_acquisition_influence_risque_resistance,MICRO_ORGANISME,P1_E002,insuffisance respiratoire chronique,1,P6_E031,enterococcus,6,"A et C présents dans le document, B absent du document"
B2_000079,img20250709_16164845_trace_sepsis_V1.6-V6.5-SELECTIVE_PRECISION.json,MEDIUM,COMORBIDITE_ANTECEDENT,a_pour_contexte_acquisition,CONTEXTE_ACQUISITION,contexte_acquisition_influence_risque_resistance,MICRO_ORGANISME,P1_E002,insuffisance respiratoire chronique,1,P6_E057,proteus mirabilis,6,"A et C présents dans le document, B absent du document"
B2_000080,img20250709_16164845_trace_sepsis_V1.6-V6.5-SELECTIVE_PRECISION.json,MEDIUM,COMORBIDITE_ANTECEDENT,a_pour_contexte_acquisition,CONTEXTE_ACQUISITION,contexte_acquisition_influence_risque_resistance,MICRO_ORGANISME,P1_E005,hypoventilation,1,P2_E070,Citrobacter Koseri,2,"A et C présents dans le document, B absent du document"
B2_000081,img20250709_16164845_trace_sepsis_V1.6-V6.5-SELECTIVE_PRECISION.json,MEDIUM,COMORBIDITE_ANTECEDENT,a_pour_contexte_acquisition,CONTEXTE_ACQUISITION,contexte_acquisition_influence_risque_resistance,MICRO_ORGANISME,P1_E005,hypoventilation,1,P2_E071,SARM,2,"A et C présents dans le document, B absent du document"
B2_000082,img20250709_16164845_trace_sepsis_V1.6-V6.5-SELECTIVE_PRECISION.json,MEDIUM,COMORBIDITE_ANTECEDENT,a_pour_contexte_acquisition,CONTEXTE_ACQUISITION,contexte_acquisition_influence_risque_resistance,MICRO_ORGANISME,P1_E005,hypoventilation,1,P6_E030,isole un proteus mirabilis,6,"A et C présents dans le document, B absent du document"
B2_000083,img20250709_16164845_trace_sepsis_V1.6-V6.5-SELECTIVE_PRECISION.json,MEDIUM,COMORBIDITE_ANTECEDENT,a_pour_contexte_acquisition,CONTEXTE_ACQUISITION,contexte_acquisition_influence_risque_resistance,MICRO_ORGANISME,P1_E005,hypoventilation,1,P6_E031,enterococcus,6,"A et C présents dans le document, B absent du document"
B2_000084,img20250709_16164845_trace_sepsis_V1.6-V6.5-SELECTIVE_PRECISION.json,MEDIUM,COMORBIDITE_ANTECEDENT,a_pour_contexte_acquisition,CONTEXTE_ACQUISITION,contexte_acquisition_influence_risque_resistance,MICRO_ORGANISME,P1_E005,hypoventilation,1,P6_E057,proteus mirabilis,6,"A et C présents dans le document, B absent du document"
B2_000085,img20250709_16164845_trace_sepsis_V1.6-V6.5-SELECTIVE_PRECISION.json,MEDIUM,COMORBIDITE_ANTECEDENT,a_pour_contexte_acquisition,CONTEXTE_ACQUISITION,contexte_acquisition_influence_risque_resistance,MICRO_ORGANISME,P1_E006,BAV1 avec hémibloc antérieur,1,P2_E070,Citrobacter Koseri,2,"A et C présents dans le document, B absent du document"
B2_000086,img20250709_16164845_trace_sepsis_V1.6-V6.5-SELECTIVE_PRECISION.json,MEDIUM,COMORBIDITE_ANTECEDENT,a_pour_contexte_acquisition,CONTEXTE_ACQUISITION,contexte_acquisition_influence_risque_resistance,MICRO_ORGANISME,P1_E006,BAV1 avec hémibloc antérieur,1,P2_E071,SARM,2,"A et C présents dans le document, B absent du document"
B2_000087,img20250709_16164845_trace_sepsis_V1.6-V6.5-SELECTIVE_PRECISION.json,MEDIUM,COMORBIDITE_ANTECEDENT,a_pour_contexte_acquisition,CONTEXTE_ACQUISITION,contexte_acquisition_influence_risque_resistance,MICRO_ORGANISME,P1_E006,BAV1 avec hémibloc antérieur,1,P6_E030,isole un proteus mirabilis,6,"A et C présents dans le document, B absent du document"
B2_000088,img20250709_16164845_trace_sepsis_V1.6-V6.5-SELECTIVE_PRECISION.json,MEDIUM,COMORBIDITE_ANTECEDENT,a_pour_contexte_acquisition,CONTEXTE_ACQUISITION,contexte_acquisition_influence_risque_resistance,MICRO_ORGANISME,P1_E006,BAV1 avec hémibloc antérieur,1,P6_E031,enterococcus,6,"A et C présents dans le document, B absent du document"
B2_000089,img20250709_16164845_trace_sepsis_V1.6-V6.5-SELECTIVE_PRECISION.json,MEDIUM,COMORBIDITE_ANTECEDENT,a_pour_contexte_acquisition,CONTEXTE_ACQUISITION,contexte_acquisition_influence_risque_resistance,MICRO_ORGANISME,P1_E006,BAV1 avec hémibloc antérieur,1,P6_E057,proteus mirabilis,6,"A et C présents dans le document, B absent du document"
B2_000090,img20250709_16164845_trace_sepsis_V1.6-V6.5-SELECTIVE_PRECISION.json,MEDIUM,COMORBIDITE_ANTECEDENT,a_pour_contexte_acquisition,CONTEXTE_ACQUISITION,contexte_acquisition_influence_risque_resistance,MICRO_ORGANISME,P1_E007,syncope,1,P2_E070,Citrobacter Koseri,2,"A et C présents dans le document, B absent du document"
B2_000091,img20250709_16164845_trace_sepsis_V1.6-V6.5-SELECTIVE_PRECISION.json,MEDIUM,COMORBIDITE_ANTECEDENT,a_pour_contexte_acquisition,CONTEXTE_ACQUISITION,contexte_acquisition_influence_risque_resistance,MICRO_ORGANISME,P1_E007,syncope,1,P2_E071,SARM,2,"A et C présents dans le document, B absent du document"
B2_000092,img20250709_16164845_trace_sepsis_V1.6-V6.5-SELECTIVE_PRECISION.json,MEDIUM,COMORBIDITE_ANTECEDENT,a_pour_contexte_acquisition,CONTEXTE_ACQUISITION,contexte_acquisition_influence_risque_resistance,MICRO_ORGANISME,P1_E007,syncope,1,P6_E030,isole un proteus mirabilis,6,"A et C présents dans le document, B absent du document"
B2_000093,img20250709_16164845_trace_sepsis_V1.6-V6.5-SELECTIVE_PRECISION.json,MEDIUM,COMORBIDITE_ANTECEDENT,a_pour_contexte_acquisition,CONTEXTE_ACQUISITION,contexte_acquisition_influence_risque_resistance,MICRO_ORGANISME,P1_E007,syncope,1,P6_E031,enterococcus,6,"A et C présents dans le document, B absent du document"
B2_000094,img20250709_16164845_trace_sepsis_V1.6-V6.5-SELECTIVE_PRECISION.json,MEDIUM,COMORBIDITE_ANTECEDENT,a_pour_contexte_acquisition,CONTEXTE_ACQUISITION,contexte_acquisition_influence_risque_resistance,MICRO_ORGANISME,P1_E007,syncope,1,P6_E057,proteus mirabilis,6,"A et C présents dans le document, B absent du document"
B2_000095,img20250709_16164845_trace_sepsis_V1.6-V6.5-SELECTIVE_PRECISION.json,MEDIUM,COMORBIDITE_ANTECEDENT,a_pour_contexte_acquisition,CONTEXTE_ACQUISITION,contexte_acquisition_influence_risque_resistance,MICRO_ORGANISME,P1_E008,chute,1,P2_E070,Citrobacter Koseri,2,"A et C présents dans le document, B absent du document"
B2_000096,img20250709_16164845_trace_sepsis_V1.6-V6.5-SELECTIVE_PRECISION.json,MEDIUM,COMORBIDITE_ANTECEDENT,a_pour_contexte_acquisition,CONTEXTE_ACQUISITION,contexte_acquisition_influence_risque_resistance,MICRO_ORGANISME,P1_E008,chute,1,P2_E071,SARM,2,"A et C présents dans le document, B absent du document"
B2_000097,img20250709_16164845_trace_sepsis_V1.6-V6.5-SELECTIVE_PRECISION.json,MEDIUM,COMORBIDITE_ANTECEDENT,a_pour_contexte_acquisition,CONTEXTE_ACQUISITION,contexte_acquisition_influence_risque_resistance,MICRO_ORGANISME,P1_E008,chute,1,P6_E030,isole un proteus mirabilis,6,"A et C présents dans le document, B absent du document"
B2_000098,img20250709_16164845_trace_sepsis_V1.6-V6.5-SELECTIVE_PRECISION.json,MEDIUM,COMORBIDITE_ANTECEDENT,a_pour_contexte_acquisition,CONTEXTE_ACQUISITION,contexte_acquisition_influence_risque_resistance,MICRO_ORGANISME,P1_E008,chute,1,P6_E031,enterococcus,6,"A et C présents dans le document, B absent du document"
B2_000099,img20250709_16164845_trace_sepsis_V1.6-V6.5-SELECTIVE_PRECISION.json,MEDIUM,COMORBIDITE_ANTECEDENT,a_pour_contexte_acquisition,CONTEXTE_ACQUISITION,contexte_acquisition_influence_risque_resistance,MICRO_ORGANISME,P1_E008,chute,1,P6_E057,proteus mirabilis,6,"A et C présents dans le document, B absent du document"
B2_000100,img20250709_16164845_trace_sepsis_V1.6-V6.5-SELECTIVE_PRECISION.json,MEDIUM,COMORBIDITE_ANTECEDENT,a_pour_contexte_acquisition,CONTEXTE_ACQUISITION,contexte_acquisition_influence_risque_resistance,MICRO_ORGANISME,P1_E023,Fracture du péroné,1,P2_E070,Citrobacter Koseri,2,"A et C présents dans le document, B absent du document"
B2_000101,img20250709_16164845_trace_sepsis_V1.6-V6.5-SELECTIVE_PRECISION.json,MEDIUM,COMORBIDITE_ANTECEDENT,a_pour_contexte_acquisition,CONTEXTE_ACQUISITION,contexte_acquisition_influence_risque_resistance,MICRO_ORGANISME,P1_E023,Fracture du péroné,1,P2_E071,SARM,2,"A et C présents dans le document, B absent du document"
B2_000102,img20250709_16164845_trace_sepsis_V1.6-V6.5-SELECTIVE_PRECISION.json,MEDIUM,COMORBIDITE_ANTECEDENT,a_pour_contexte_acquisition,CONTEXTE_ACQUISITION,contexte_acquisition_influence_risque_resistance,MICRO_ORGANISME,P1_E023,Fracture du péroné,1,P6_E030,isole un proteus mirabilis,6,"A et C présents dans le document, B absent du document"
B2_000103,img20250709_16164845_trace_sepsis_V1.6-V6.5-SELECTIVE_PRECISION.json,MEDIUM,COMORBIDITE_ANTECEDENT,a_pour_contexte_acquisition,CONTEXTE_ACQUISITION,contexte_acquisition_influence_risque_resistance,MICRO_ORGANISME,P1_E023,Fracture du péroné,1,P6_E031,enterococcus,6,"A et C présents dans le document, B absent du document"
B2_000104,img20250709_16164845_trace_sepsis_V1.6-V6.5-SELECTIVE_PRECISION.json,MEDIUM,COMORBIDITE_ANTECEDENT,a_pour_contexte_acquisition,CONTEXTE_ACQUISITION,contexte_acquisition_influence_risque_resistance,MICRO_ORGANISME,P1_E023,Fracture du péroné,1,P6_E057,proteus mirabilis,6,"A et C présents dans le document, B absent du document"
B2_000105,img20250709_16164845_trace_sepsis_V1.6-V6.5-SELECTIVE_PRECISION.json,MEDIUM,COMORBIDITE_ANTECEDENT,a_pour_contexte_acquisition,CONTEXTE_ACQUISITION,contexte_acquisition_influence_risque_resistance,MICRO_ORGANISME,P1_E024,cataracte à droite,1,P2_E070,Citrobacter Koseri,2,"A et C présents dans le document, B absent du document"
B2_000106,img20250709_16164845_trace_sepsis_V1.6-V6.5-SELECTIVE_PRECISION.json,MEDIUM,COMORBIDITE_ANTECEDENT,a_pour_contexte_acquisition,CONTEXTE_ACQUISITION,contexte_acquisition_influence_risque_resistance,MICRO_ORGANISME,P1_E024,cataracte à droite,1,P2_E071,SARM,2,"A et C présents dans le document, B absent du document"
B2_000107,img20250709_16164845_trace_sepsis_V1.6-V6.5-SELECTIVE_PRECISION.json,MEDIUM,COMORBIDITE_ANTECEDENT,a_pour_contexte_acquisition,CONTEXTE_ACQUISITION,contexte_acquisition_influence_risque_resistance,MICRO_ORGANISME,P1_E024,cataracte à droite,1,P6_E030,isole un proteus mirabilis,6,"A et C présents dans le document, B absent du document"
B2_000108,img20250709_16164845_trace_sepsis_V1.6-V6.5-SELECTIVE_PRECISION.json,MEDIUM,COMORBIDITE_ANTECEDENT,a_pour_contexte_acquisition,CONTEXTE_ACQUISITION,contexte_acquisition_influence_risque_resistance,MICRO_ORGANISME,P1_E024,cataracte à droite,1,P6_E031,enterococcus,6,"A et C présents dans le document, B absent du document"
B2_000109,img20250709_16164845_trace_sepsis_V1.6-V6.5-SELECTIVE_PRECISION.json,MEDIUM,COMORBIDITE_ANTECEDENT,a_pour_contexte_acquisition,CONTEXTE_ACQUISITION,contexte_acquisition_influence_risque_resistance,MICRO_ORGANISME,P1_E024,cataracte à droite,1,P6_E057,proteus mirabilis,6,"A et C présents dans le document, B absent du document"
B2_000110,img20250709_16164845_trace_sepsis_V1.6-V6.5-SELECTIVE_PRECISION.json,MEDIUM,COMORBIDITE_ANTECEDENT,a_pour_contexte_acquisition,CONTEXTE_ACQUISITION,contexte_acquisition_influence_risque_resistance,MICRO_ORGANISME,P1_E025,tabagisme,1,P2_E070,Citrobacter Koseri,2,"A et C présents dans le document, B absent du document"
B2_000111,img20250709_16164845_trace_sepsis_V1.6-V6.5-SELECTIVE_PRECISION.json,MEDIUM,COMORBIDITE_ANTECEDENT,a_pour_contexte_acquisition,CONTEXTE_ACQUISITION,contexte_acquisition_influence_risque_resistance,MICRO_ORGANISME,P1_E025,tabagisme,1,P2_E071,SARM,2,"A et C présents dans le document, B absent du document"
B2_000112,img20250709_16164845_trace_sepsis_V1.6-V6.5-SELECTIVE_PRECISION.json,MEDIUM,COMORBIDITE_ANTECEDENT,a_pour_contexte_acquisition,CONTEXTE_ACQUISITION,contexte_acquisition_influence_risque_resistance,MICRO_ORGANISME,P1_E025,tabagisme,1,P6_E030,isole un proteus mirabilis,6,"A et C présents dans le document, B absent du document"
B2_000113,img20250709_16164845_trace_sepsis_V1.6-V6.5-SELECTIVE_PRECISION.json,MEDIUM,COMORBIDITE_ANTECEDENT,a_pour_contexte_acquisition,CONTEXTE_ACQUISITION,contexte_acquisition_influence_risque_resistance,MICRO_ORGANISME,P1_E025,tabagisme,1,P6_E031,enterococcus,6,"A et C présents dans le document, B absent du document"
B2_000114,img20250709_16164845_trace_sepsis_V1.6-V6.5-SELECTIVE_PRECISION.json,MEDIUM,COMORBIDITE_ANTECEDENT,a_pour_contexte_acquisition,CONTEXTE_ACQUISITION,contexte_acquisition_influence_risque_resistance,MICRO_ORGANISME,P1_E025,tabagisme,1,P6_E057,proteus mirabilis,6,"A et C présents dans le document, B absent du document"
B2_000115,img20250709_16164845_trace_sepsis_V1.6-V6.5-SELECTIVE_PRECISION.json,MEDIUM,COMORBIDITE_ANTECEDENT,a_pour_contexte_acquisition,CONTEXTE_ACQUISITION,contexte_acquisition_influence_risque_resistance,MICRO_ORGANISME,P1_E026,BAV1,1,P2_E070,Citrobacter Koseri,2,"A et C présents dans le document, B absent du document"
B2_000116,img20250709_16164845_trace_sepsis_V1.6-V6.5-SELECTIVE_PRECISION.json,MEDIUM,COMORBIDITE_ANTECEDENT,a_pour_contexte_acquisition,CONTEXTE_ACQUISITION,contexte_acquisition_influence_risque_resistance,MICRO_ORGANISME,P1_E026,BAV1,1,P2_E071,SARM,2,"A et C présents dans le document, B absent du document"
B2_000117,img20250709_16164845_trace_sepsis_V1.6-V6.5-SELECTIVE_PRECISION.json,MEDIUM,COMORBIDITE_ANTECEDENT,a_pour_contexte_acquisition,CONTEXTE_ACQUISITION,contexte_acquisition_influence_risque_resistance,MICRO_ORGANISME,P1_E026,BAV1,1,P6_E030,isole un proteus mirabilis,6,"A et C présents dans le document, B absent du document"
B2_000118,img20250709_16164845_trace_sepsis_V1.6-V6.5-SELECTIVE_PRECISION.json,MEDIUM,COMORBIDITE_ANTECEDENT,a_pour_contexte_acquisition,CONTEXTE_ACQUISITION,contexte_acquisition_influence_risque_resistance,MICRO_ORGANISME,P1_E026,BAV1,1,P6_E031,enterococcus,6,"A et C présents dans le document, B absent du document"
B2_000119,img20250709_16164845_trace_sepsis_V1.6-V6.5-SELECTIVE_PRECISION.json,MEDIUM,COMORBIDITE_ANTECEDENT,a_pour_contexte_acquisition,CONTEXTE_ACQUISITION,contexte_acquisition_influence_risque_resistance,MICRO_ORGANISME,P1_E026,BAV1,1,P6_E057,proteus mirabilis,6,"A et C présents dans le document, B absent du document"
B2_000120,img20250709_16164845_trace_sepsis_V1.6-V6.5-SELECTIVE_PRECISION.json,STRONG,COMORBIDITE_ANTECEDENT,a_pour_contexte_acquisition,CONTEXTE_ACQUISITION,contexte_acquisition_influence_risque_resistance,MICRO_ORGANISME,P2_E048,insuffisant respiratoire,2,P2_E070,Citrobacter Koseri,2,"A et C présents sur la même page, B absent du document"
B2_000121,img20250709_16164845_trace_sepsis_V1.6-V6.5-SELECTIVE_PRECISION.json,STRONG,COMORBIDITE_ANTECEDENT,a_pour_contexte_acquisition,CONTEXTE_ACQUISITION,contexte_acquisition_influence_risque_resistance,MICRO_ORGANISME,P2_E048,insuffisant respiratoire,2,P2_E071,SARM,2,"A et C présents sur la même page, B absent du document"
B2_000122,img20250709_16164845_trace_sepsis_V1.6-V6.5-SELECTIVE_PRECISION.json,MEDIUM,COMORBIDITE_ANTECEDENT,a_pour_contexte_acquisition,CONTEXTE_ACQUISITION,contexte_acquisition_influence_risque_resistance,MICRO_ORGANISME,P2_E048,insuffisant respiratoire,2,P6_E030,isole un proteus mirabilis,6,"A et C présents dans le document, B absent du document"
B2_000123,img20250709_16164845_trace_sepsis_V1.6-V6.5-SELECTIVE_PRECISION.json,MEDIUM,COMORBIDITE_ANTECEDENT,a_pour_contexte_acquisition,CONTEXTE_ACQUISITION,contexte_acquisition_influence_risque_resistance,MICRO_ORGANISME,P2_E048,insuffisant respiratoire,2,P6_E031,enterococcus,6,"A et C présents dans le document, B absent du document"
B2_000124,img20250709_16164845_trace_sepsis_V1.6-V6.5-SELECTIVE_PRECISION.json,MEDIUM,COMORBIDITE_ANTECEDENT,a_pour_contexte_acquisition,CONTEXTE_ACQUISITION,contexte_acquisition_influence_risque_resistance,MICRO_ORGANISME,P2_E048,insuffisant respiratoire,2,P6_E057,proteus mirabilis,6,"A et C présents dans le document, B absent du document"
B2_000125,img20250709_16164845_trace_sepsis_V1.6-V6.5-SELECTIVE_PRECISION.json,MEDIUM,COMORBIDITE_ANTECEDENT,a_pour_contexte_acquisition,CONTEXTE_ACQUISITION,contexte_acquisition_influence_risque_resistance,MICRO_ORGANISME,P5_E007,myopathie de Steinert,5,P2_E070,Citrobacter Koseri,2,"A et C présents dans le document, B absent du document"
B2_000126,img20250709_16164845_trace_sepsis_V1.6-V6.5-SELECTIVE_PRECISION.json,MEDIUM,COMORBIDITE_ANTECEDENT,a_pour_contexte_acquisition,CONTEXTE_ACQUISITION,contexte_acquisition_influence_risque_resistance,MICRO_ORGANISME,P5_E007,myopathie de Steinert,5,P2_E071,SARM,2,"A et C présents dans le document, B absent du document"
B2_000127,img20250709_16164845_trace_sepsis_V1.6-V6.5-SELECTIVE_PRECISION.json,MEDIUM,COMORBIDITE_ANTECEDENT,a_pour_contexte_acquisition,CONTEXTE_ACQUISITION,contexte_acquisition_influence_risque_resistance,MICRO_ORGANISME,P5_E007,myopathie de Steinert,5,P6_E030,isole un proteus mirabilis,6,"A et C présents dans le document, B absent du document"
B2_000128,img20250709_16164845_trace_sepsis_V1.6-V6.5-SELECTIVE_PRECISION.json,MEDIUM,COMORBIDITE_ANTECEDENT,a_pour_contexte_acquisition,CONTEXTE_ACQUISITION,contexte_acquisition_influence_risque_resistance,MICRO_ORGANISME,P5_E007,myopathie de Steinert,5,P6_E031,enterococcus,6,"A et C présents dans le document, B absent du document"
B2_000129,img20250709_16164845_trace_sepsis_V1.6-V6.5-SELECTIVE_PRECISION.json,MEDIUM,COMORBIDITE_ANTECEDENT,a_pour_contexte_acquisition,CONTEXTE_ACQUISITION,contexte_acquisition_influence_risque_resistance,MICRO_ORGANISME,P5_E007,myopathie de Steinert,5,P6_E057,proteus mirabilis,6,"A et C présents dans le document, B absent du document"
B2_000130,img20250709_16164845_trace_sepsis_V1.6-V6.5-SELECTIVE_PRECISION.json,MEDIUM,COMORBIDITE_ANTECEDENT,a_pour_contexte_acquisition,CONTEXTE_ACQUISITION,contexte_acquisition_influence_risque_resistance,MICRO_ORGANISME,P5_E008,insuffisance respiratoire chronique,5,P2_E070,Citrobacter Koseri,2,"A et C présents dans le document, B absent du document"
B2_000131,img20250709_16164845_trace_sepsis_V1.6-V6.5-SELECTIVE_PRECISION.json,MEDIUM,COMORBIDITE_ANTECEDENT,a_pour_contexte_acquisition,CONTEXTE_ACQUISITION,contexte_acquisition_influence_risque_resistance,MICRO_ORGANISME,P5_E008,insuffisance respiratoire chronique,5,P2_E071,SARM,2,"A et C présents dans le document, B absent du document"
B2_000132,img20250709_16164845_trace_sepsis_V1.6-V6.5-SELECTIVE_PRECISION.json,MEDIUM,COMORBIDITE_ANTECEDENT,a_pour_contexte_acquisition,CONTEXTE_ACQUISITION,contexte_acquisition_influence_risque_resistance,MICRO_ORGANISME,P5_E008,insuffisance respiratoire chronique,5,P6_E030,isole un proteus mirabilis,6,"A et C présents dans le document, B absent du document"
B2_000133,img20250709_16164845_trace_sepsis_V1.6-V6.5-SELECTIVE_PRECISION.json,MEDIUM,COMORBIDITE_ANTECEDENT,a_pour_contexte_acquisition,CONTEXTE_ACQUISITION,contexte_acquisition_influence_risque_resistance,MICRO_ORGANISME,P5_E008,insuffisance respiratoire chronique,5,P6_E031,enterococcus,6,"A et C présents dans le document, B absent du document"
B2_000134,img20250709_16164845_trace_sepsis_V1.6-V6.5-SELECTIVE_PRECISION.json,MEDIUM,COMORBIDITE_ANTECEDENT,a_pour_contexte_acquisition,CONTEXTE_ACQUISITION,contexte_acquisition_influence_risque_resistance,MICRO_ORGANISME,P5_E008,insuffisance respiratoire chronique,5,P6_E057,proteus mirabilis,6,"A et C présents dans le document, B absent du document"
B2_000135,img20250709_16164845_trace_sepsis_V1.6-V6.5-SELECTIVE_PRECISION.json,MEDIUM,COMORBIDITE_ANTECEDENT,a_pour_contexte_acquisition,CONTEXTE_ACQUISITION,contexte_acquisition_influence_risque_resistance,MICRO_ORGANISME,P5_E014,myotonie de Steinert,5,P2_E070,Citrobacter Koseri,2,"A et C présents dans le document, B absent du document"
B2_000136,img20250709_16164845_trace_sepsis_V1.6-V6.5-SELECTIVE_PRECISION.json,MEDIUM,COMORBIDITE_ANTECEDENT,a_pour_contexte_acquisition,CONTEXTE_ACQUISITION,contexte_acquisition_influence_risque_resistance,MICRO_ORGANISME,P5_E014,myotonie de Steinert,5,P2_E071,SARM,2,"A et C présents dans le document, B absent du document"
B2_000137,img20250709_16164845_trace_sepsis_V1.6-V6.5-SELECTIVE_PRECISION.json,MEDIUM,COMORBIDITE_ANTECEDENT,a_pour_contexte_acquisition,CONTEXTE_ACQUISITION,contexte_acquisition_influence_risque_resistance,MICRO_ORGANISME,P5_E014,myotonie de Steinert,5,P6_E030,isole un proteus mirabilis,6,"A et C présents dans le document, B absent du document"
B2_000138,img20250709_16164845_trace_sepsis_V1.6-V6.5-SELECTIVE_PRECISION.json,MEDIUM,COMORBIDITE_ANTECEDENT,a_pour_contexte_acquisition,CONTEXTE_ACQUISITION,contexte_acquisition_influence_risque_resistance,MICRO_ORGANISME,P5_E014,myotonie de Steinert,5,P6_E031,enterococcus,6,"A et C présents dans le document, B absent du document"
B2_000139,img20250709_16164845_trace_sepsis_V1.6-V6.5-SELECTIVE_PRECISION.json,MEDIUM,COMORBIDITE_ANTECEDENT,a_pour_contexte_acquisition,CONTEXTE_ACQUISITION,contexte_acquisition_influence_risque_resistance,MICRO_ORGANISME,P5_E014,myotonie de Steinert,5,P6_E057,proteus mirabilis,6,"A et C présents dans le document, B absent du document"
B2_000140,img20250709_16164845_trace_sepsis_V1.6-V6.5-SELECTIVE_PRECISION.json,MEDIUM,COMORBIDITE_ANTECEDENT,a_pour_contexte_acquisition,CONTEXTE_ACQUISITION,contexte_acquisition_influence_risque_resistance,MICRO_ORGANISME,P5_E038,Hématome,5,P2_E070,Citrobacter Koseri,2,"A et C présents dans le document, B absent du document"
B2_000141,img20250709_16164845_trace_sepsis_V1.6-V6.5-SELECTIVE_PRECISION.json,MEDIUM,COMORBIDITE_ANTECEDENT,a_pour_contexte_acquisition,CONTEXTE_ACQUISITION,contexte_acquisition_influence_risque_resistance,MICRO_ORGANISME,P5_E038,Hématome,5,P2_E071,SARM,2,"A et C présents dans le document, B absent du document"
B2_000142,img20250709_16164845_trace_sepsis_V1.6-V6.5-SELECTIVE_PRECISION.json,MEDIUM,COMORBIDITE_ANTECEDENT,a_pour_contexte_acquisition,CONTEXTE_ACQUISITION,contexte_acquisition_influence_risque_resistance,MICRO_ORGANISME,P5_E038,Hématome,5,P6_E030,isole un proteus mirabilis,6,"A et C présents dans le document, B absent du document"
B2_000143,img20250709_16164845_trace_sepsis_V1.6-V6.5-SELECTIVE_PRECISION.json,MEDIUM,COMORBIDITE_ANTECEDENT,a_pour_contexte_acquisition,CONTEXTE_ACQUISITION,contexte_acquisition_influence_risque_resistance,MICRO_ORGANISME,P5_E038,Hématome,5,P6_E031,enterococcus,6,"A et C présents dans le document, B absent du document"
B2_000144,img20250709_16164845_trace_sepsis_V1.6-V6.5-SELECTIVE_PRECISION.json,MEDIUM,COMORBIDITE_ANTECEDENT,a_pour_contexte_acquisition,CONTEXTE_ACQUISITION,contexte_acquisition_influence_risque_resistance,MICRO_ORGANISME,P5_E038,Hématome,5,P6_E057,proteus mirabilis,6,"A et C présents dans le document, B absent du document"
B2_000145,img20250709_16183704_trace_sepsis_V1.6-V6.5-SELECTIVE_PRECISION.json,MEDIUM,COMORBIDITE_ANTECEDENT,a_pour_contexte_acquisition,CONTEXTE_ACQUISITION,contexte_acquisition_influence_risque_resistance,MICRO_ORGANISME,P1_E001,myotonie de Steinert,1,P5_E023,CITROBACTER KOSERI,5,"A et C présents dans le document, B absent du document"
B2_000146,img20250709_16183704_trace_sepsis_V1.6-V6.5-SELECTIVE_PRECISION.json,MEDIUM,COMORBIDITE_ANTECEDENT,a_pour_contexte_acquisition,CONTEXTE_ACQUISITION,contexte_acquisition_influence_risque_resistance,MICRO_ORGANISME,P1_E002,myopathie de Steinert,1,P5_E023,CITROBACTER KOSERI,5,"A et C présents dans le document, B absent du document"
B2_000147,img20250709_16183704_trace_sepsis_V1.6-V6.5-SELECTIVE_PRECISION.json,MEDIUM,COMORBIDITE_ANTECEDENT,a_pour_contexte_acquisition,CONTEXTE_ACQUISITION,contexte_acquisition_influence_risque_resistance,MICRO_ORGANISME,P1_E009,hypercholestérolémie,1,P5_E023,CITROBACTER KOSERI,5,"A et C présents dans le document, B absent du document"
B2_000148,img20250709_16183704_trace_sepsis_V1.6-V6.5-SELECTIVE_PRECISION.json,MEDIUM,COMORBIDITE_ANTECEDENT,a_pour_contexte_acquisition,CONTEXTE_ACQUISITION,contexte_acquisition_influence_risque_resistance,MICRO_ORGANISME,P1_E010,opération de la cataracte à droite en 2010,1,P5_E023,CITROBACTER KOSERI,5,"A et C présents dans le document, B absent du document"
B2_000149,img20250709_16183704_trace_sepsis_V1.6-V6.5-SELECTIVE_PRECISION.json,MEDIUM,COMORBIDITE_ANTECEDENT,a_pour_contexte_acquisition,CONTEXTE_ACQUISITION,contexte_acquisition_influence_risque_resistance,MICRO_ORGANISME,P1_E011,à gauche en 2014,1,P5_E023,CITROBACTER KOSERI,5,"A et C présents dans le document, B absent du document"
B2_000150,img20250709_16183704_trace_sepsis_V1.6-V6.5-SELECTIVE_PRECISION.json,MEDIUM,COMORBIDITE_ANTECEDENT,a_pour_contexte_acquisition,CONTEXTE_ACQUISITION,contexte_acquisition_influence_risque_resistance,MICRO_ORGANISME,P1_E021,tabagisme,1,P5_E023,CITROBACTER KOSERI,5,"A et C présents dans le document, B absent du document"
B2_000151,img20250709_16183704_trace_sepsis_V1.6-V6.5-SELECTIVE_PRECISION.json,MEDIUM,COMORBIDITE_ANTECEDENT,a_pour_contexte_acquisition,CONTEXTE_ACQUISITION,contexte_acquisition_influence_risque_resistance,MICRO_ORGANISME,P2_E062,fracture du péroné,2,P5_E023,CITROBACTER KOSERI,5,"A et C présents dans le document, B absent du document"
B2_000152,img20250709_16183704_trace_sepsis_V1.6-V6.5-SELECTIVE_PRECISION.json,MEDIUM,COMORBIDITE_ANTECEDENT,a_pour_contexte_acquisition,CONTEXTE_ACQUISITION,contexte_acquisition_influence_risque_resistance,MICRO_ORGANISME,P2_E063,hémibloc antérieur,2,P5_E023,CITROBACTER KOSERI,5,"A et C présents dans le document, B absent du document"
B2_000153,img20250709_16183704_trace_sepsis_V1.6-V6.5-SELECTIVE_PRECISION.json,MEDIUM,COMORBIDITE_ANTECEDENT,a_pour_contexte_acquisition,CONTEXTE_ACQUISITION,contexte_acquisition_influence_risque_resistance,MICRO_ORGANISME,P2_E064,BAV1,2,P5_E023,CITROBACTER KOSERI,5,"A et C présents dans le document, B absent du document"
B2_000154,img20250709_16183704_trace_sepsis_V1.6-V6.5-SELECTIVE_PRECISION.json,STRONG,COMORBIDITE_ANTECEDENT,a_pour_contexte_acquisition,CONTEXTE_ACQUISITION,contexte_acquisition_influence_risque_resistance,MICRO_ORGANISME,P5_E001,myopathie de Steinert,5,P5_E023,CITROBACTER KOSERI,5,"A et C présents sur la même page, B absent du document"
B2_000155,img20250709_16183704_trace_sepsis_V1.6-V6.5-SELECTIVE_PRECISION.json,STRONG,COMORBIDITE_ANTECEDENT,a_pour_contexte_acquisition,CONTEXTE_ACQUISITION,contexte_acquisition_influence_risque_resistance,MICRO_ORGANISME,P5_E047,insuffisant respiratoire,5,P5_E023,CITROBACTER KOSERI,5,"A et C présents sur la même page, B absent du document"
B2_000156,img20250709_16183704_trace_sepsis_V1.6-V6.5-SELECTIVE_PRECISION.json,STRONG,COMORBIDITE_ANTECEDENT,a_pour_contexte_acquisition,CONTEXTE_ACQUISITION,contexte_acquisition_influence_risque_resistance,MICRO_ORGANISME,P5_E048,fracture du péroné,5,P5_E023,CITROBACTER KOSERI,5,"A et C présents sur la même page, B absent du document"
B2_000157,img20250709_16193836_trace_sepsis_V1.6-V6.5-SELECTIVE_PRECISION.json,MEDIUM,COMORBIDITE_ANTECEDENT,a_pour_contexte_acquisition,CONTEXTE_ACQUISITION,contexte_acquisition_influence_risque_resistance,MICRO_ORGANISME,P1_E002,HTA,1,P2_E065,proteus mirabilis,2,"A et C présents dans le document, B absent du document"
B2_000158,img20250709_16193836_trace_sepsis_V1.6-V6.5-SELECTIVE_PRECISION.json,MEDIUM,COMORBIDITE_ANTECEDENT,a_pour_contexte_acquisition,CONTEXTE_ACQUISITION,contexte_acquisition_influence_risque_resistance,MICRO_ORGANISME,P1_E002,HTA,1,P2_E066,enterococcus,2,"A et C présents dans le document, B absent du document"
B2_000159,img20250709_16193836_trace_sepsis_V1.6-V6.5-SELECTIVE_PRECISION.json,MEDIUM,COMORBIDITE_ANTECEDENT,a_pour_contexte_acquisition,CONTEXTE_ACQUISITION,contexte_acquisition_influence_risque_resistance,MICRO_ORGANISME,P1_E002,HTA,1,P2_V66_E003,Staphylocoque Hominis,2,"A et C présents dans le document, B absent du document"
B2_000160,img20250709_16193836_trace_sepsis_V1.6-V6.5-SELECTIVE_PRECISION.json,MEDIUM,COMORBIDITE_ANTECEDENT,a_pour_contexte_acquisition,CONTEXTE_ACQUISITION,contexte_acquisition_influence_risque_resistance,MICRO_ORGANISME,P1_E002,HTA,1,P5_E063,Proteus Mirabilis,5,"A et C présents dans le document, B absent du document"
B2_000161,img20250709_16193836_trace_sepsis_V1.6-V6.5-SELECTIVE_PRECISION.json,MEDIUM,COMORBIDITE_ANTECEDENT,a_pour_contexte_acquisition,CONTEXTE_ACQUISITION,contexte_acquisition_influence_risque_resistance,MICRO_ORGANISME,P1_E002,HTA,1,P5_E064,Enterococcus,5,"A et C présents dans le document, B absent du document"
B2_000162,img20250709_16193836_trace_sepsis_V1.6-V6.5-SELECTIVE_PRECISION.json,MEDIUM,COMORBIDITE_ANTECEDENT,a_pour_contexte_acquisition,CONTEXTE_ACQUISITION,contexte_acquisition_influence_risque_resistance,MICRO_ORGANISME,P1_E002,HTA,1,P5_V66_E003,Staphylocoque Epidermidis,5,"A et C présents dans le document, B absent du document"
B2_000163,img20250709_16193836_trace_sepsis_V1.6-V6.5-SELECTIVE_PRECISION.json,MEDIUM,COMORBIDITE_ANTECEDENT,a_pour_contexte_acquisition,CONTEXTE_ACQUISITION,contexte_acquisition_influence_risque_resistance,MICRO_ORGANISME,P1_E002,HTA,1,P5_V66_E004,Pseudomonas,5,"A et C présents dans le document, B absent du document"
B2_000164,img20250709_16193836_trace_sepsis_V1.6-V6.5-SELECTIVE_PRECISION.json,MEDIUM,COMORBIDITE_ANTECEDENT,a_pour_contexte_acquisition,CONTEXTE_ACQUISITION,contexte_acquisition_influence_risque_resistance,MICRO_ORGANISME,P1_E002,HTA,1,P6_E007,Portage de bactéries multirésistantes,6,"A et C présents dans le document, B absent du document"
B2_000165,img20250709_16193836_trace_sepsis_V1.6-V6.5-SELECTIVE_PRECISION.json,MEDIUM,COMORBIDITE_ANTECEDENT,a_pour_contexte_acquisition,CONTEXTE_ACQUISITION,contexte_acquisition_influence_risque_resistance,MICRO_ORGANISME,P1_E002,HTA,1,P2_V75_001,enterococcus faecalis,2,"A et C présents dans le document, B absent du document"
B2_000166,img20250709_16193836_trace_sepsis_V1.6-V6.5-SELECTIVE_PRECISION.json,MEDIUM,COMORBIDITE_ANTECEDENT,a_pour_contexte_acquisition,CONTEXTE_ACQUISITION,contexte_acquisition_influence_risque_resistance,MICRO_ORGANISME,P1_E003,DNID,1,P2_E065,proteus mirabilis,2,"A et C présents dans le document, B absent du document"
B2_000167,img20250709_16193836_trace_sepsis_V1.6-V6.5-SELECTIVE_PRECISION.json,MEDIUM,COMORBIDITE_ANTECEDENT,a_pour_contexte_acquisition,CONTEXTE_ACQUISITION,contexte_acquisition_influence_risque_resistance,MICRO_ORGANISME,P1_E003,DNID,1,P2_E066,enterococcus,2,"A et C présents dans le document, B absent du document"
B2_000168,img20250709_16193836_trace_sepsis_V1.6-V6.5-SELECTIVE_PRECISION.json,MEDIUM,COMORBIDITE_ANTECEDENT,a_pour_contexte_acquisition,CONTEXTE_ACQUISITION,contexte_acquisition_influence_risque_resistance,MICRO_ORGANISME,P1_E003,DNID,1,P2_V66_E003,Staphylocoque Hominis,2,"A et C présents dans le document, B absent du document"
B2_000169,img20250709_16193836_trace_sepsis_V1.6-V6.5-SELECTIVE_PRECISION.json,MEDIUM,COMORBIDITE_ANTECEDENT,a_pour_contexte_acquisition,CONTEXTE_ACQUISITION,contexte_acquisition_influence_risque_resistance,MICRO_ORGANISME,P1_E003,DNID,1,P5_E063,Proteus Mirabilis,5,"A et C présents dans le document, B absent du document"
B2_000170,img20250709_16193836_trace_sepsis_V1.6-V6.5-SELECTIVE_PRECISION.json,MEDIUM,COMORBIDITE_ANTECEDENT,a_pour_contexte_acquisition,CONTEXTE_ACQUISITION,contexte_acquisition_influence_risque_resistance,MICRO_ORGANISME,P1_E003,DNID,1,P5_E064,Enterococcus,5,"A et C présents dans le document, B absent du document"
B2_000171,img20250709_16193836_trace_sepsis_V1.6-V6.5-SELECTIVE_PRECISION.json,MEDIUM,COMORBIDITE_ANTECEDENT,a_pour_contexte_acquisition,CONTEXTE_ACQUISITION,contexte_acquisition_influence_risque_resistance,MICRO_ORGANISME,P1_E003,DNID,1,P5_V66_E003,Staphylocoque Epidermidis,5,"A et C présents dans le document, B absent du document"
B2_000172,img20250709_16193836_trace_sepsis_V1.6-V6.5-SELECTIVE_PRECISION.json,MEDIUM,COMORBIDITE_ANTECEDENT,a_pour_contexte_acquisition,CONTEXTE_ACQUISITION,contexte_acquisition_influence_risque_resistance,MICRO_ORGANISME,P1_E003,DNID,1,P5_V66_E004,Pseudomonas,5,"A et C présents dans le document, B absent du document"
B2_000173,img20250709_16193836_trace_sepsis_V1.6-V6.5-SELECTIVE_PRECISION.json,MEDIUM,COMORBIDITE_ANTECEDENT,a_pour_contexte_acquisition,CONTEXTE_ACQUISITION,contexte_acquisition_influence_risque_resistance,MICRO_ORGANISME,P1_E003,DNID,1,P6_E007,Portage de bactéries multirésistantes,6,"A et C présents dans le document, B absent du document"
B2_000174,img20250709_16193836_trace_sepsis_V1.6-V6.5-SELECTIVE_PRECISION.json,MEDIUM,COMORBIDITE_ANTECEDENT,a_pour_contexte_acquisition,CONTEXTE_ACQUISITION,contexte_acquisition_influence_risque_resistance,MICRO_ORGANISME,P1_E003,DNID,1,P2_V75_001,enterococcus faecalis,2,"A et C présents dans le document, B absent du document"
B2_000175,img20250709_16193836_trace_sepsis_V1.6-V6.5-SELECTIVE_PRECISION.json,MEDIUM,COMORBIDITE_ANTECEDENT,a_pour_contexte_acquisition,CONTEXTE_ACQUISITION,contexte_acquisition_influence_risque_resistance,MICRO_ORGANISME,P1_E005,Adénocarcinome prostatique,1,P2_E065,proteus mirabilis,2,"A et C présents dans le document, B absent du document"
B2_000176,img20250709_16193836_trace_sepsis_V1.6-V6.5-SELECTIVE_PRECISION.json,MEDIUM,COMORBIDITE_ANTECEDENT,a_pour_contexte_acquisition,CONTEXTE_ACQUISITION,contexte_acquisition_influence_risque_resistance,MICRO_ORGANISME,P1_E005,Adénocarcinome prostatique,1,P2_E066,enterococcus,2,"A et C présents dans le document, B absent du document"
B2_000177,img20250709_16193836_trace_sepsis_V1.6-V6.5-SELECTIVE_PRECISION.json,MEDIUM,COMORBIDITE_ANTECEDENT,a_pour_contexte_acquisition,CONTEXTE_ACQUISITION,contexte_acquisition_influence_risque_resistance,MICRO_ORGANISME,P1_E005,Adénocarcinome prostatique,1,P2_V66_E003,Staphylocoque Hominis,2,"A et C présents dans le document, B absent du document"
B2_000178,img20250709_16193836_trace_sepsis_V1.6-V6.5-SELECTIVE_PRECISION.json,MEDIUM,COMORBIDITE_ANTECEDENT,a_pour_contexte_acquisition,CONTEXTE_ACQUISITION,contexte_acquisition_influence_risque_resistance,MICRO_ORGANISME,P1_E005,Adénocarcinome prostatique,1,P5_E063,Proteus Mirabilis,5,"A et C présents dans le document, B absent du document"
B2_000179,img20250709_16193836_trace_sepsis_V1.6-V6.5-SELECTIVE_PRECISION.json,MEDIUM,COMORBIDITE_ANTECEDENT,a_pour_contexte_acquisition,CONTEXTE_ACQUISITION,contexte_acquisition_influence_risque_resistance,MICRO_ORGANISME,P1_E005,Adénocarcinome prostatique,1,P5_E064,Enterococcus,5,"A et C présents dans le document, B absent du document"
B2_000180,img20250709_16193836_trace_sepsis_V1.6-V6.5-SELECTIVE_PRECISION.json,MEDIUM,COMORBIDITE_ANTECEDENT,a_pour_contexte_acquisition,CONTEXTE_ACQUISITION,contexte_acquisition_influence_risque_resistance,MICRO_ORGANISME,P1_E005,Adénocarcinome prostatique,1,P5_V66_E003,Staphylocoque Epidermidis,5,"A et C présents dans le document, B absent du document"
B2_000181,img20250709_16193836_trace_sepsis_V1.6-V6.5-SELECTIVE_PRECISION.json,MEDIUM,COMORBIDITE_ANTECEDENT,a_pour_contexte_acquisition,CONTEXTE_ACQUISITION,contexte_acquisition_influence_risque_resistance,MICRO_ORGANISME,P1_E005,Adénocarcinome prostatique,1,P5_V66_E004,Pseudomonas,5,"A et C présents dans le document, B absent du document"
B2_000182,img20250709_16193836_trace_sepsis_V1.6-V6.5-SELECTIVE_PRECISION.json,MEDIUM,COMORBIDITE_ANTECEDENT,a_pour_contexte_acquisition,CONTEXTE_ACQUISITION,contexte_acquisition_influence_risque_resistance,MICRO_ORGANISME,P1_E005,Adénocarcinome prostatique,1,P6_E007,Portage de bactéries multirésistantes,6,"A et C présents dans le document, B absent du document"
B2_000183,img20250709_16193836_trace_sepsis_V1.6-V6.5-SELECTIVE_PRECISION.json,MEDIUM,COMORBIDITE_ANTECEDENT,a_pour_contexte_acquisition,CONTEXTE_ACQUISITION,contexte_acquisition_influence_risque_resistance,MICRO_ORGANISME,P1_E005,Adénocarcinome prostatique,1,P2_V75_001,enterococcus faecalis,2,"A et C présents dans le document, B absent du document"
B2_000184,img20250709_16193836_trace_sepsis_V1.6-V6.5-SELECTIVE_PRECISION.json,MEDIUM,COMORBIDITE_ANTECEDENT,a_pour_contexte_acquisition,CONTEXTE_ACQUISITION,contexte_acquisition_influence_risque_resistance,MICRO_ORGANISME,P1_E010,DVI,1,P2_E065,proteus mirabilis,2,"A et C présents dans le document, B absent du document"
B2_000185,img20250709_16193836_trace_sepsis_V1.6-V6.5-SELECTIVE_PRECISION.json,MEDIUM,COMORBIDITE_ANTECEDENT,a_pour_contexte_acquisition,CONTEXTE_ACQUISITION,contexte_acquisition_influence_risque_resistance,MICRO_ORGANISME,P1_E010,DVI,1,P2_E066,enterococcus,2,"A et C présents dans le document, B absent du document"
B2_000186,img20250709_16193836_trace_sepsis_V1.6-V6.5-SELECTIVE_PRECISION.json,MEDIUM,COMORBIDITE_ANTECEDENT,a_pour_contexte_acquisition,CONTEXTE_ACQUISITION,contexte_acquisition_influence_risque_resistance,MICRO_ORGANISME,P1_E010,DVI,1,P2_V66_E003,Staphylocoque Hominis,2,"A et C présents dans le document, B absent du document"
B2_000187,img20250709_16193836_trace_sepsis_V1.6-V6.5-SELECTIVE_PRECISION.json,MEDIUM,COMORBIDITE_ANTECEDENT,a_pour_contexte_acquisition,CONTEXTE_ACQUISITION,contexte_acquisition_influence_risque_resistance,MICRO_ORGANISME,P1_E010,DVI,1,P5_E063,Proteus Mirabilis,5,"A et C présents dans le document, B absent du document"
B2_000188,img20250709_16193836_trace_sepsis_V1.6-V6.5-SELECTIVE_PRECISION.json,MEDIUM,COMORBIDITE_ANTECEDENT,a_pour_contexte_acquisition,CONTEXTE_ACQUISITION,contexte_acquisition_influence_risque_resistance,MICRO_ORGANISME,P1_E010,DVI,1,P5_E064,Enterococcus,5,"A et C présents dans le document, B absent du document"
B2_000189,img20250709_16193836_trace_sepsis_V1.6-V6.5-SELECTIVE_PRECISION.json,MEDIUM,COMORBIDITE_ANTECEDENT,a_pour_contexte_acquisition,CONTEXTE_ACQUISITION,contexte_acquisition_influence_risque_resistance,MICRO_ORGANISME,P1_E010,DVI,1,P5_V66_E003,Staphylocoque Epidermidis,5,"A et C présents dans le document, B absent du document"
B2_000190,img20250709_16193836_trace_sepsis_V1.6-V6.5-SELECTIVE_PRECISION.json,MEDIUM,COMORBIDITE_ANTECEDENT,a_pour_contexte_acquisition,CONTEXTE_ACQUISITION,contexte_acquisition_influence_risque_resistance,MICRO_ORGANISME,P1_E010,DVI,1,P5_V66_E004,Pseudomonas,5,"A et C présents dans le document, B absent du document"
B2_000191,img20250709_16193836_trace_sepsis_V1.6-V6.5-SELECTIVE_PRECISION.json,MEDIUM,COMORBIDITE_ANTECEDENT,a_pour_contexte_acquisition,CONTEXTE_ACQUISITION,contexte_acquisition_influence_risque_resistance,MICRO_ORGANISME,P1_E010,DVI,1,P6_E007,Portage de bactéries multirésistantes,6,"A et C présents dans le document, B absent du document"
B2_000192,img20250709_16193836_trace_sepsis_V1.6-V6.5-SELECTIVE_PRECISION.json,MEDIUM,COMORBIDITE_ANTECEDENT,a_pour_contexte_acquisition,CONTEXTE_ACQUISITION,contexte_acquisition_influence_risque_resistance,MICRO_ORGANISME,P1_E010,DVI,1,P2_V75_001,enterococcus faecalis,2,"A et C présents dans le document, B absent du document"
B2_000193,img20250709_16193836_trace_sepsis_V1.6-V6.5-SELECTIVE_PRECISION.json,MEDIUM,COMORBIDITE_ANTECEDENT,a_pour_contexte_acquisition,CONTEXTE_ACQUISITION,contexte_acquisition_influence_risque_resistance,MICRO_ORGANISME,P1_E011,Prostatectomie,1,P2_E065,proteus mirabilis,2,"A et C présents dans le document, B absent du document"
B2_000194,img20250709_16193836_trace_sepsis_V1.6-V6.5-SELECTIVE_PRECISION.json,MEDIUM,COMORBIDITE_ANTECEDENT,a_pour_contexte_acquisition,CONTEXTE_ACQUISITION,contexte_acquisition_influence_risque_resistance,MICRO_ORGANISME,P1_E011,Prostatectomie,1,P2_E066,enterococcus,2,"A et C présents dans le document, B absent du document"
B2_000195,img20250709_16193836_trace_sepsis_V1.6-V6.5-SELECTIVE_PRECISION.json,MEDIUM,COMORBIDITE_ANTECEDENT,a_pour_contexte_acquisition,CONTEXTE_ACQUISITION,contexte_acquisition_influence_risque_resistance,MICRO_ORGANISME,P1_E011,Prostatectomie,1,P2_V66_E003,Staphylocoque Hominis,2,"A et C présents dans le document, B absent du document"
B2_000196,img20250709_16193836_trace_sepsis_V1.6-V6.5-SELECTIVE_PRECISION.json,MEDIUM,COMORBIDITE_ANTECEDENT,a_pour_contexte_acquisition,CONTEXTE_ACQUISITION,contexte_acquisition_influence_risque_resistance,MICRO_ORGANISME,P1_E011,Prostatectomie,1,P5_E063,Proteus Mirabilis,5,"A et C présents dans le document, B absent du document"
B2_000197,img20250709_16193836_trace_sepsis_V1.6-V6.5-SELECTIVE_PRECISION.json,MEDIUM,COMORBIDITE_ANTECEDENT,a_pour_contexte_acquisition,CONTEXTE_ACQUISITION,contexte_acquisition_influence_risque_resistance,MICRO_ORGANISME,P1_E011,Prostatectomie,1,P5_E064,Enterococcus,5,"A et C présents dans le document, B absent du document"
B2_000198,img20250709_16193836_trace_sepsis_V1.6-V6.5-SELECTIVE_PRECISION.json,MEDIUM,COMORBIDITE_ANTECEDENT,a_pour_contexte_acquisition,CONTEXTE_ACQUISITION,contexte_acquisition_influence_risque_resistance,MICRO_ORGANISME,P1_E011,Prostatectomie,1,P5_V66_E003,Staphylocoque Epidermidis,5,"A et C présents dans le document, B absent du document"
B2_000199,img20250709_16193836_trace_sepsis_V1.6-V6.5-SELECTIVE_PRECISION.json,MEDIUM,COMORBIDITE_ANTECEDENT,a_pour_contexte_acquisition,CONTEXTE_ACQUISITION,contexte_acquisition_influence_risque_resistance,MICRO_ORGANISME,P1_E011,Prostatectomie,1,P5_V66_E004,Pseudomonas,5,"A et C présents dans le document, B absent du document"
B2_000200,img20250709_16193836_trace_sepsis_V1.6-V6.5-SELECTIVE_PRECISION.json,MEDIUM,COMORBIDITE_ANTECEDENT,a_pour_contexte_acquisition,CONTEXTE_ACQUISITION,contexte_acquisition_influence_risque_resistance,MICRO_ORGANISME,P1_E011,Prostatectomie,1,P6_E007,Portage de bactéries multirésistantes,6,"A et C présents dans le document, B absent du document"
B2_000201,img20250709_16193836_trace_sepsis_V1.6-V6.5-SELECTIVE_PRECISION.json,MEDIUM,COMORBIDITE_ANTECEDENT,a_pour_contexte_acquisition,CONTEXTE_ACQUISITION,contexte_acquisition_influence_risque_resistance,MICRO_ORGANISME,P1_E011,Prostatectomie,1,P2_V75_001,enterococcus faecalis,2,"A et C présents dans le document, B absent du document"
B2_000202,img20250709_16193836_trace_sepsis_V1.6-V6.5-SELECTIVE_PRECISION.json,MEDIUM,COMORBIDITE_ANTECEDENT,a_pour_contexte_acquisition,CONTEXTE_ACQUISITION,contexte_acquisition_influence_risque_resistance,MICRO_ORGANISME,P1_E031,Adénocarcinome,1,P2_E065,proteus mirabilis,2,"A et C présents dans le document, B absent du document"
B2_000203,img20250709_16193836_trace_sepsis_V1.6-V6.5-SELECTIVE_PRECISION.json,MEDIUM,COMORBIDITE_ANTECEDENT,a_pour_contexte_acquisition,CONTEXTE_ACQUISITION,contexte_acquisition_influence_risque_resistance,MICRO_ORGANISME,P1_E031,Adénocarcinome,1,P2_E066,enterococcus,2,"A et C présents dans le document, B absent du document"
B2_000204,img20250709_16193836_trace_sepsis_V1.6-V6.5-SELECTIVE_PRECISION.json,MEDIUM,COMORBIDITE_ANTECEDENT,a_pour_contexte_acquisition,CONTEXTE_ACQUISITION,contexte_acquisition_influence_risque_resistance,MICRO_ORGANISME,P1_E031,Adénocarcinome,1,P2_V66_E003,Staphylocoque Hominis,2,"A et C présents dans le document, B absent du document"
B2_000205,img20250709_16193836_trace_sepsis_V1.6-V6.5-SELECTIVE_PRECISION.json,MEDIUM,COMORBIDITE_ANTECEDENT,a_pour_contexte_acquisition,CONTEXTE_ACQUISITION,contexte_acquisition_influence_risque_resistance,MICRO_ORGANISME,P1_E031,Adénocarcinome,1,P5_E063,Proteus Mirabilis,5,"A et C présents dans le document, B absent du document"
B2_000206,img20250709_16193836_trace_sepsis_V1.6-V6.5-SELECTIVE_PRECISION.json,MEDIUM,COMORBIDITE_ANTECEDENT,a_pour_contexte_acquisition,CONTEXTE_ACQUISITION,contexte_acquisition_influence_risque_resistance,MICRO_ORGANISME,P1_E031,Adénocarcinome,1,P5_E064,Enterococcus,5,"A et C présents dans le document, B absent du document"
B2_000207,img20250709_16193836_trace_sepsis_V1.6-V6.5-SELECTIVE_PRECISION.json,MEDIUM,COMORBIDITE_ANTECEDENT,a_pour_contexte_acquisition,CONTEXTE_ACQUISITION,contexte_acquisition_influence_risque_resistance,MICRO_ORGANISME,P1_E031,Adénocarcinome,1,P5_V66_E003,Staphylocoque Epidermidis,5,"A et C présents dans le document, B absent du document"
B2_000208,img20250709_16193836_trace_sepsis_V1.6-V6.5-SELECTIVE_PRECISION.json,MEDIUM,COMORBIDITE_ANTECEDENT,a_pour_contexte_acquisition,CONTEXTE_ACQUISITION,contexte_acquisition_influence_risque_resistance,MICRO_ORGANISME,P1_E031,Adénocarcinome,1,P5_V66_E004,Pseudomonas,5,"A et C présents dans le document, B absent du document"
B2_000209,img20250709_16193836_trace_sepsis_V1.6-V6.5-SELECTIVE_PRECISION.json,MEDIUM,COMORBIDITE_ANTECEDENT,a_pour_contexte_acquisition,CONTEXTE_ACQUISITION,contexte_acquisition_influence_risque_resistance,MICRO_ORGANISME,P1_E031,Adénocarcinome,1,P6_E007,Portage de bactéries multirésistantes,6,"A et C présents dans le document, B absent du document"
B2_000210,img20250709_16193836_trace_sepsis_V1.6-V6.5-SELECTIVE_PRECISION.json,MEDIUM,COMORBIDITE_ANTECEDENT,a_pour_contexte_acquisition,CONTEXTE_ACQUISITION,contexte_acquisition_influence_risque_resistance,MICRO_ORGANISME,P1_E031,Adénocarcinome,1,P2_V75_001,enterococcus faecalis,2,"A et C présents dans le document, B absent du document"
B2_000211,img20250709_16193836_trace_sepsis_V1.6-V6.5-SELECTIVE_PRECISION.json,STRONG,COMORBIDITE_ANTECEDENT,a_pour_contexte_acquisition,CONTEXTE_ACQUISITION,contexte_acquisition_influence_risque_resistance,MICRO_ORGANISME,P2_E001,cancer de la prostate,2,P2_E065,proteus mirabilis,2,"A et C présents sur la même page, B absent du document"
B2_000212,img20250709_16193836_trace_sepsis_V1.6-V6.5-SELECTIVE_PRECISION.json,STRONG,COMORBIDITE_ANTECEDENT,a_pour_contexte_acquisition,CONTEXTE_ACQUISITION,contexte_acquisition_influence_risque_resistance,MICRO_ORGANISME,P2_E001,cancer de la prostate,2,P2_E066,enterococcus,2,"A et C présents sur la même page, B absent du document"
B2_000213,img20250709_16193836_trace_sepsis_V1.6-V6.5-SELECTIVE_PRECISION.json,STRONG,COMORBIDITE_ANTECEDENT,a_pour_contexte_acquisition,CONTEXTE_ACQUISITION,contexte_acquisition_influence_risque_resistance,MICRO_ORGANISME,P2_E001,cancer de la prostate,2,P2_V66_E003,Staphylocoque Hominis,2,"A et C présents sur la même page, B absent du document"
B2_000214,img20250709_16193836_trace_sepsis_V1.6-V6.5-SELECTIVE_PRECISION.json,MEDIUM,COMORBIDITE_ANTECEDENT,a_pour_contexte_acquisition,CONTEXTE_ACQUISITION,contexte_acquisition_influence_risque_resistance,MICRO_ORGANISME,P2_E001,cancer de la prostate,2,P5_E063,Proteus Mirabilis,5,"A et C présents dans le document, B absent du document"
B2_000215,img20250709_16193836_trace_sepsis_V1.6-V6.5-SELECTIVE_PRECISION.json,MEDIUM,COMORBIDITE_ANTECEDENT,a_pour_contexte_acquisition,CONTEXTE_ACQUISITION,contexte_acquisition_influence_risque_resistance,MICRO_ORGANISME,P2_E001,cancer de la prostate,2,P5_E064,Enterococcus,5,"A et C présents dans le document, B absent du document"
B2_000216,img20250709_16193836_trace_sepsis_V1.6-V6.5-SELECTIVE_PRECISION.json,MEDIUM,COMORBIDITE_ANTECEDENT,a_pour_contexte_acquisition,CONTEXTE_ACQUISITION,contexte_acquisition_influence_risque_resistance,MICRO_ORGANISME,P2_E001,cancer de la prostate,2,P5_V66_E003,Staphylocoque Epidermidis,5,"A et C présents dans le document, B absent du document"
B2_000217,img20250709_16193836_trace_sepsis_V1.6-V6.5-SELECTIVE_PRECISION.json,MEDIUM,COMORBIDITE_ANTECEDENT,a_pour_contexte_acquisition,CONTEXTE_ACQUISITION,contexte_acquisition_influence_risque_resistance,MICRO_ORGANISME,P2_E001,cancer de la prostate,2,P5_V66_E004,Pseudomonas,5,"A et C présents dans le document, B absent du document"
B2_000218,img20250709_16193836_trace_sepsis_V1.6-V6.5-SELECTIVE_PRECISION.json,MEDIUM,COMORBIDITE_ANTECEDENT,a_pour_contexte_acquisition,CONTEXTE_ACQUISITION,contexte_acquisition_influence_risque_resistance,MICRO_ORGANISME,P2_E001,cancer de la prostate,2,P6_E007,Portage de bactéries multirésistantes,6,"A et C présents dans le document, B absent du document"
B2_000219,img20250709_16193836_trace_sepsis_V1.6-V6.5-SELECTIVE_PRECISION.json,STRONG,COMORBIDITE_ANTECEDENT,a_pour_contexte_acquisition,CONTEXTE_ACQUISITION,contexte_acquisition_influence_risque_resistance,MICRO_ORGANISME,P2_E001,cancer de la prostate,2,P2_V75_001,enterococcus faecalis,2,"A et C présents sur la même page, B absent du document"
B2_000220,img20250709_16201504_trace_sepsis_V1.6-V6.5-SELECTIVE_PRECISION.json,MEDIUM,COMORBIDITE_ANTECEDENT,a_pour_contexte_acquisition,CONTEXTE_ACQUISITION,contexte_acquisition_influence_risque_resistance,MICRO_ORGANISME,P1_E003,Epilepsie symptomatique lésionnelle depuis 1980,1,P5_V66_E001,pneumocoque,5,"A et C présents dans le document, B absent du document"
B2_000221,img20250709_16201504_trace_sepsis_V1.6-V6.5-SELECTIVE_PRECISION.json,MEDIUM,COMORBIDITE_ANTECEDENT,a_pour_contexte_acquisition,CONTEXTE_ACQUISITION,contexte_acquisition_influence_risque_resistance,MICRO_ORGANISME,P1_E011,Cholécystectomie,1,P5_V66_E001,pneumocoque,5,"A et C présents dans le document, B absent du document"
B2_000222,img20250709_16201504_trace_sepsis_V1.6-V6.5-SELECTIVE_PRECISION.json,MEDIUM,COMORBIDITE_ANTECEDENT,a_pour_contexte_acquisition,CONTEXTE_ACQUISITION,contexte_acquisition_influence_risque_resistance,MICRO_ORGANISME,P1_E012,Appendicectomie,1,P5_V66_E001,pneumocoque,5,"A et C présents dans le document, B absent du document"
B2_000223,img20250709_16201504_trace_sepsis_V1.6-V6.5-SELECTIVE_PRECISION.json,MEDIUM,COMORBIDITE_ANTECEDENT,a_pour_contexte_acquisition,CONTEXTE_ACQUISITION,contexte_acquisition_influence_risque_resistance,MICRO_ORGANISME,P1_E013,Hémiparésie gauche néo-natale,1,P5_V66_E001,pneumocoque,5,"A et C présents dans le document, B absent du document"
B2_000224,img20250709_16201504_trace_sepsis_V1.6-V6.5-SELECTIVE_PRECISION.json,MEDIUM,COMORBIDITE_ANTECEDENT,a_pour_contexte_acquisition,CONTEXTE_ACQUISITION,contexte_acquisition_influence_risque_resistance,MICRO_ORGANISME,P3_E044,hématome,3,P5_V66_E001,pneumocoque,5,"A et C présents dans le document, B absent du document"
B2_000225,img20250709_16225557_trace_sepsis_V1.6-V6.5-SELECTIVE_PRECISION.json,STRONG,COMORBIDITE_ANTECEDENT,a_pour_contexte_acquisition,CONTEXTE_ACQUISITION,contexte_acquisition_influence_risque_resistance,MICRO_ORGANISME,P1_E009,Poliomyélite contractée en Afrique en 1995 responsable d'une tétraplégie avec insuffisance respiratoire restrictive,1,P1_E016,Klebsiella Pneumonia,1,"A et C présents sur la même page, B absent du document"
B2_000226,img20250709_16225557_trace_sepsis_V1.6-V6.5-SELECTIVE_PRECISION.json,STRONG,COMORBIDITE_ANTECEDENT,a_pour_contexte_acquisition,CONTEXTE_ACQUISITION,contexte_acquisition_influence_risque_resistance,MICRO_ORGANISME,P1_E009,Poliomyélite contractée en Afrique en 1995 responsable d'une tétraplégie avec insuffisance respiratoire restrictive,1,P1_E017,Streptococcus,1,"A et C présents sur la même page, B absent du document"
B2_000227,img20250709_16225557_trace_sepsis_V1.6-V6.5-SELECTIVE_PRECISION.json,STRONG,COMORBIDITE_ANTECEDENT,a_pour_contexte_acquisition,CONTEXTE_ACQUISITION,contexte_acquisition_influence_risque_resistance,MICRO_ORGANISME,P1_E009,Poliomyélite contractée en Afrique en 1995 responsable d'une tétraplégie avec insuffisance respiratoire restrictive,1,P1_E022,clostridium difficile,1,"A et C présents sur la même page, B absent du document"
B2_000228,img20250709_16225557_trace_sepsis_V1.6-V6.5-SELECTIVE_PRECISION.json,STRONG,COMORBIDITE_ANTECEDENT,a_pour_contexte_acquisition,CONTEXTE_ACQUISITION,contexte_acquisition_influence_risque_resistance,MICRO_ORGANISME,P1_E011,Hospitalisation en réanimation à Garches pour colite grave à clostridium difficile avec choc septique dans un contexte de pneumonie associé à Klebsiella Pneumonia et Streptococcus,1,P1_E016,Klebsiella Pneumonia,1,"A et C présents sur la même page, B absent du document"
B2_000229,img20250709_16225557_trace_sepsis_V1.6-V6.5-SELECTIVE_PRECISION.json,STRONG,COMORBIDITE_ANTECEDENT,a_pour_contexte_acquisition,CONTEXTE_ACQUISITION,contexte_acquisition_influence_risque_resistance,MICRO_ORGANISME,P1_E011,Hospitalisation en réanimation à Garches pour colite grave à clostridium difficile avec choc septique dans un contexte de pneumonie associé à Klebsiella Pneumonia et Streptococcus,1,P1_E017,Streptococcus,1,"A et C présents sur la même page, B absent du document"
B2_000230,img20250709_16225557_trace_sepsis_V1.6-V6.5-SELECTIVE_PRECISION.json,STRONG,COMORBIDITE_ANTECEDENT,a_pour_contexte_acquisition,CONTEXTE_ACQUISITION,contexte_acquisition_influence_risque_resistance,MICRO_ORGANISME,P1_E011,Hospitalisation en réanimation à Garches pour colite grave à clostridium difficile avec choc septique dans un contexte de pneumonie associé à Klebsiella Pneumonia et Streptococcus,1,P1_E022,clostridium difficile,1,"A et C présents sur la même page, B absent du document"
B2_000231,img20250709_16225557_trace_sepsis_V1.6-V6.5-SELECTIVE_PRECISION.json,STRONG,COMORBIDITE_ANTECEDENT,a_pour_contexte_acquisition,CONTEXTE_ACQUISITION,contexte_acquisition_influence_risque_resistance,MICRO_ORGANISME,P1_E012,Diagnostic d'embolie pulmonaire concomitante nécessitant des AVK au long cours,1,P1_E016,Klebsiella Pneumonia,1,"A et C présents sur la même page, B absent du document"
B2_000232,img20250709_16225557_trace_sepsis_V1.6-V6.5-SELECTIVE_PRECISION.json,STRONG,COMORBIDITE_ANTECEDENT,a_pour_contexte_acquisition,CONTEXTE_ACQUISITION,contexte_acquisition_influence_risque_resistance,MICRO_ORGANISME,P1_E012,Diagnostic d'embolie pulmonaire concomitante nécessitant des AVK au long cours,1,P1_E017,Streptococcus,1,"A et C présents sur la même page, B absent du document"
B2_000233,img20250709_16225557_trace_sepsis_V1.6-V6.5-SELECTIVE_PRECISION.json,STRONG,COMORBIDITE_ANTECEDENT,a_pour_contexte_acquisition,CONTEXTE_ACQUISITION,contexte_acquisition_influence_risque_resistance,MICRO_ORGANISME,P1_E012,Diagnostic d'embolie pulmonaire concomitante nécessitant des AVK au long cours,1,P1_E022,clostridium difficile,1,"A et C présents sur la même page, B absent du document"
B2_000234,img20250709_16225557_trace_sepsis_V1.6-V6.5-SELECTIVE_PRECISION.json,STRONG,COMORBIDITE_ANTECEDENT,a_pour_contexte_acquisition,CONTEXTE_ACQUISITION,contexte_acquisition_influence_risque_resistance,MICRO_ORGANISME,P1_E013,Cholécystectomie sur lithiase en 2014,1,P1_E016,Klebsiella Pneumonia,1,"A et C présents sur la même page, B absent du document"
B2_000235,img20250709_16225557_trace_sepsis_V1.6-V6.5-SELECTIVE_PRECISION.json,STRONG,COMORBIDITE_ANTECEDENT,a_pour_contexte_acquisition,CONTEXTE_ACQUISITION,contexte_acquisition_influence_risque_resistance,MICRO_ORGANISME,P1_E013,Cholécystectomie sur lithiase en 2014,1,P1_E017,Streptococcus,1,"A et C présents sur la même page, B absent du document"
B2_000236,img20250709_16225557_trace_sepsis_V1.6-V6.5-SELECTIVE_PRECISION.json,STRONG,COMORBIDITE_ANTECEDENT,a_pour_contexte_acquisition,CONTEXTE_ACQUISITION,contexte_acquisition_influence_risque_resistance,MICRO_ORGANISME,P1_E013,Cholécystectomie sur lithiase en 2014,1,P1_E022,clostridium difficile,1,"A et C présents sur la même page, B absent du document"
B2_000237,img20250709_16254831_trace_sepsis_V1.6-V6.5-SELECTIVE_PRECISION.json,MEDIUM,COMORBIDITE_ANTECEDENT,a_pour_contexte_acquisition,CONTEXTE_ACQUISITION,contexte_acquisition_influence_risque_resistance,MICRO_ORGANISME,P1_E004,"Sclérose en plaque, diagnostiquée en 1991, secondairement progressive depuis 2004",1,P4_E014,KLEBSIELLE PNEUMONIAE,4,"A et C présents dans le document, B absent du document"
B2_000238,img20250709_16254831_trace_sepsis_V1.6-V6.5-SELECTIVE_PRECISION.json,MEDIUM,COMORBIDITE_ANTECEDENT,a_pour_contexte_acquisition,CONTEXTE_ACQUISITION,contexte_acquisition_influence_risque_resistance,MICRO_ORGANISME,P1_E004,"Sclérose en plaque, diagnostiquée en 1991, secondairement progressive depuis 2004",1,P4_E015,PROTEUS VULGARIS,4,"A et C présents dans le document, B absent du document"
B2_000239,img20250709_16254831_trace_sepsis_V1.6-V6.5-SELECTIVE_PRECISION.json,MEDIUM,COMORBIDITE_ANTECEDENT,a_pour_contexte_acquisition,CONTEXTE_ACQUISITION,contexte_acquisition_influence_risque_resistance,MICRO_ORGANISME,P1_E004,"Sclérose en plaque, diagnostiquée en 1991, secondairement progressive depuis 2004",1,P5_E030,à Klebsielle,5,"A et C présents dans le document, B absent du document"
B2_000240,img20250709_16254831_trace_sepsis_V1.6-V6.5-SELECTIVE_PRECISION.json,MEDIUM,COMORBIDITE_ANTECEDENT,a_pour_contexte_acquisition,CONTEXTE_ACQUISITION,contexte_acquisition_influence_risque_resistance,MICRO_ORGANISME,P1_E004,"Sclérose en plaque, diagnostiquée en 1991, secondairement progressive depuis 2004",1,P5_E031,Proteus,5,"A et C présents dans le document, B absent du document"
B2_000241,img20250709_16254831_trace_sepsis_V1.6-V6.5-SELECTIVE_PRECISION.json,MEDIUM,COMORBIDITE_ANTECEDENT,a_pour_contexte_acquisition,CONTEXTE_ACQUISITION,contexte_acquisition_influence_risque_resistance,MICRO_ORGANISME,P1_E005,Hypothyroïdie (thyroïdite de Hashimoto),1,P4_E014,KLEBSIELLE PNEUMONIAE,4,"A et C présents dans le document, B absent du document"
B2_000242,img20250709_16254831_trace_sepsis_V1.6-V6.5-SELECTIVE_PRECISION.json,MEDIUM,COMORBIDITE_ANTECEDENT,a_pour_contexte_acquisition,CONTEXTE_ACQUISITION,contexte_acquisition_influence_risque_resistance,MICRO_ORGANISME,P1_E005,Hypothyroïdie (thyroïdite de Hashimoto),1,P4_E015,PROTEUS VULGARIS,4,"A et C présents dans le document, B absent du document"
B2_000243,img20250709_16254831_trace_sepsis_V1.6-V6.5-SELECTIVE_PRECISION.json,MEDIUM,COMORBIDITE_ANTECEDENT,a_pour_contexte_acquisition,CONTEXTE_ACQUISITION,contexte_acquisition_influence_risque_resistance,MICRO_ORGANISME,P1_E005,Hypothyroïdie (thyroïdite de Hashimoto),1,P5_E030,à Klebsielle,5,"A et C présents dans le document, B absent du document"
B2_000244,img20250709_16254831_trace_sepsis_V1.6-V6.5-SELECTIVE_PRECISION.json,MEDIUM,COMORBIDITE_ANTECEDENT,a_pour_contexte_acquisition,CONTEXTE_ACQUISITION,contexte_acquisition_influence_risque_resistance,MICRO_ORGANISME,P1_E005,Hypothyroïdie (thyroïdite de Hashimoto),1,P5_E031,Proteus,5,"A et C présents dans le document, B absent du document"
B2_000245,img20250709_16254831_trace_sepsis_V1.6-V6.5-SELECTIVE_PRECISION.json,MEDIUM,COMORBIDITE_ANTECEDENT,a_pour_contexte_acquisition,CONTEXTE_ACQUISITION,contexte_acquisition_influence_risque_resistance,MICRO_ORGANISME,P1_E006,Epidurite bactérienne sur escarre sacrée + abcès du psoas gauche,1,P4_E014,KLEBSIELLE PNEUMONIAE,4,"A et C présents dans le document, B absent du document"
B2_000246,img20250709_16254831_trace_sepsis_V1.6-V6.5-SELECTIVE_PRECISION.json,MEDIUM,COMORBIDITE_ANTECEDENT,a_pour_contexte_acquisition,CONTEXTE_ACQUISITION,contexte_acquisition_influence_risque_resistance,MICRO_ORGANISME,P1_E006,Epidurite bactérienne sur escarre sacrée + abcès du psoas gauche,1,P4_E015,PROTEUS VULGARIS,4,"A et C présents dans le document, B absent du document"
B2_000247,img20250709_16254831_trace_sepsis_V1.6-V6.5-SELECTIVE_PRECISION.json,MEDIUM,COMORBIDITE_ANTECEDENT,a_pour_contexte_acquisition,CONTEXTE_ACQUISITION,contexte_acquisition_influence_risque_resistance,MICRO_ORGANISME,P1_E006,Epidurite bactérienne sur escarre sacrée + abcès du psoas gauche,1,P5_E030,à Klebsielle,5,"A et C présents dans le document, B absent du document"
B2_000248,img20250709_16254831_trace_sepsis_V1.6-V6.5-SELECTIVE_PRECISION.json,MEDIUM,COMORBIDITE_ANTECEDENT,a_pour_contexte_acquisition,CONTEXTE_ACQUISITION,contexte_acquisition_influence_risque_resistance,MICRO_ORGANISME,P1_E006,Epidurite bactérienne sur escarre sacrée + abcès du psoas gauche,1,P5_E031,Proteus,5,"A et C présents dans le document, B absent du document"
B2_000249,img20250709_16254831_trace_sepsis_V1.6-V6.5-SELECTIVE_PRECISION.json,MEDIUM,COMORBIDITE_ANTECEDENT,a_pour_contexte_acquisition,CONTEXTE_ACQUISITION,contexte_acquisition_influence_risque_resistance,MICRO_ORGANISME,P5_E025,SEP,5,P4_E014,KLEBSIELLE PNEUMONIAE,4,"A et C présents dans le document, B absent du document"
B2_000250,img20250709_16254831_trace_sepsis_V1.6-V6.5-SELECTIVE_PRECISION.json,MEDIUM,COMORBIDITE_ANTECEDENT,a_pour_contexte_acquisition,CONTEXTE_ACQUISITION,contexte_acquisition_influence_risque_resistance,MICRO_ORGANISME,P5_E025,SEP,5,P4_E015,PROTEUS VULGARIS,4,"A et C présents dans le document, B absent du document"
B2_000251,img20250709_16254831_trace_sepsis_V1.6-V6.5-SELECTIVE_PRECISION.json,STRONG,COMORBIDITE_ANTECEDENT,a_pour_contexte_acquisition,CONTEXTE_ACQUISITION,contexte_acquisition_influence_risque_resistance,MICRO_ORGANISME,P5_E025,SEP,5,P5_E030,à Klebsielle,5,"A et C présents sur la même page, B absent du document"
B2_000252,img20250709_16254831_trace_sepsis_V1.6-V6.5-SELECTIVE_PRECISION.json,STRONG,COMORBIDITE_ANTECEDENT,a_pour_contexte_acquisition,CONTEXTE_ACQUISITION,contexte_acquisition_influence_risque_resistance,MICRO_ORGANISME,P5_E025,SEP,5,P5_E031,Proteus,5,"A et C présents sur la même page, B absent du document"
B2_000253,img20250709_16270030_trace_sepsis_V1.6-V6.5-SELECTIVE_PRECISION.json,STRONG,TRAITEMENT,antibiotique_adequat_pour,MICRO_ORGANISME,micro_organisme_isole_dans,FOYER_INFECTIEUX,P1_E010,5FU,1,P1_E002,point de départ pulmonaire,1,"A et C présents sur la même page, B absent du document"
B2_000254,img20250709_16270030_trace_sepsis_V1.6-V6.5-SELECTIVE_PRECISION.json,STRONG,TRAITEMENT,antibiotique_adequat_pour,MICRO_ORGANISME,micro_organisme_isole_dans,FOYER_INFECTIEUX,P1_E010,5FU,1,P1_E003,pneumopathie du lobe,1,"A et C présents sur la même page, B absent du document"
B2_000255,img20250709_16270030_trace_sepsis_V1.6-V6.5-SELECTIVE_PRECISION.json,MEDIUM,TRAITEMENT,antibiotique_adequat_pour,MICRO_ORGANISME,micro_organisme_isole_dans,FOYER_INFECTIEUX,P1_E010,5FU,1,P4_E024,Pneumopathie bilatérale,4,"A et C présents dans le document, B absent du document"
B2_000256,img20250709_16270030_trace_sepsis_V1.6-V6.5-SELECTIVE_PRECISION.json,MEDIUM,TRAITEMENT,antibiotique_adequat_pour,MICRO_ORGANISME,micro_organisme_isole_dans,FOYER_INFECTIEUX,P1_E010,5FU,1,P5_E002,point de départ pulmonaire,5,"A et C présents dans le document, B absent du document"
B2_000257,img20250709_16270030_trace_sepsis_V1.6-V6.5-SELECTIVE_PRECISION.json,MEDIUM,TRAITEMENT,antibiotique_adequat_pour,MICRO_ORGANISME,micro_organisme_isole_dans,FOYER_INFECTIEUX,P1_E010,5FU,1,P5_E011,pneumopathie postéro-basale bilatérale,5,"A et C présents dans le document, B absent du document"
B2_000258,img20250709_16270030_trace_sepsis_V1.6-V6.5-SELECTIVE_PRECISION.json,MEDIUM,TRAITEMENT,antibiotique_adequat_pour,MICRO_ORGANISME,micro_organisme_isole_dans,FOYER_INFECTIEUX,P1_E010,5FU,1,P6_E002,point de départ pulmonaire,6,"A et C présents dans le document, B absent du document"
B2_000259,img20250709_16270030_trace_sepsis_V1.6-V6.5-SELECTIVE_PRECISION.json,STRONG,TRAITEMENT,antibiotique_adequat_pour,MICRO_ORGANISME,micro_organisme_isole_dans,FOYER_INFECTIEUX,P1_E011,Cisplatine,1,P1_E002,point de départ pulmonaire,1,"A et C présents sur la même page, B absent du document"
B2_000260,img20250709_16270030_trace_sepsis_V1.6-V6.5-SELECTIVE_PRECISION.json,STRONG,TRAITEMENT,antibiotique_adequat_pour,MICRO_ORGANISME,micro_organisme_isole_dans,FOYER_INFECTIEUX,P1_E011,Cisplatine,1,P1_E003,pneumopathie du lobe,1,"A et C présents sur la même page, B absent du document"
B2_000261,img20250709_16270030_trace_sepsis_V1.6-V6.5-SELECTIVE_PRECISION.json,MEDIUM,TRAITEMENT,antibiotique_adequat_pour,MICRO_ORGANISME,micro_organisme_isole_dans,FOYER_INFECTIEUX,P1_E011,Cisplatine,1,P4_E024,Pneumopathie bilatérale,4,"A et C présents dans le document, B absent du document"
B2_000262,img20250709_16270030_trace_sepsis_V1.6-V6.5-SELECTIVE_PRECISION.json,MEDIUM,TRAITEMENT,antibiotique_adequat_pour,MICRO_ORGANISME,micro_organisme_isole_dans,FOYER_INFECTIEUX,P1_E011,Cisplatine,1,P5_E002,point de départ pulmonaire,5,"A et C présents dans le document, B absent du document"
B2_000263,img20250709_16270030_trace_sepsis_V1.6-V6.5-SELECTIVE_PRECISION.json,MEDIUM,TRAITEMENT,antibiotique_adequat_pour,MICRO_ORGANISME,micro_organisme_isole_dans,FOYER_INFECTIEUX,P1_E011,Cisplatine,1,P5_E011,pneumopathie postéro-basale bilatérale,5,"A et C présents dans le document, B absent du document"
B2_000264,img20250709_16270030_trace_sepsis_V1.6-V6.5-SELECTIVE_PRECISION.json,MEDIUM,TRAITEMENT,antibiotique_adequat_pour,MICRO_ORGANISME,micro_organisme_isole_dans,FOYER_INFECTIEUX,P1_E011,Cisplatine,1,P6_E002,point de départ pulmonaire,6,"A et C présents dans le document, B absent du document"
B2_000265,img20250709_16270030_trace_sepsis_V1.6-V6.5-SELECTIVE_PRECISION.json,MEDIUM,TRAITEMENT,antibiotique_adequat_pour,MICRO_ORGANISME,micro_organisme_isole_dans,FOYER_INFECTIEUX,P2_E001,Augmentin,2,P1_E002,point de départ pulmonaire,1,"A et C présents dans le document, B absent du document"
B2_000266,img20250709_16270030_trace_sepsis_V1.6-V6.5-SELECTIVE_PRECISION.json,MEDIUM,TRAITEMENT,antibiotique_adequat_pour,MICRO_ORGANISME,micro_organisme_isole_dans,FOYER_INFECTIEUX,P2_E001,Augmentin,2,P1_E003,pneumopathie du lobe,1,"A et C présents dans le document, B absent du document"
B2_000267,img20250709_16270030_trace_sepsis_V1.6-V6.5-SELECTIVE_PRECISION.json,MEDIUM,TRAITEMENT,antibiotique_adequat_pour,MICRO_ORGANISME,micro_organisme_isole_dans,FOYER_INFECTIEUX,P2_E001,Augmentin,2,P4_E024,Pneumopathie bilatérale,4,"A et C présents dans le document, B absent du document"
B2_000268,img20250709_16270030_trace_sepsis_V1.6-V6.5-SELECTIVE_PRECISION.json,MEDIUM,TRAITEMENT,antibiotique_adequat_pour,MICRO_ORGANISME,micro_organisme_isole_dans,FOYER_INFECTIEUX,P2_E001,Augmentin,2,P5_E002,point de départ pulmonaire,5,"A et C présents dans le document, B absent du document"
B2_000269,img20250709_16270030_trace_sepsis_V1.6-V6.5-SELECTIVE_PRECISION.json,MEDIUM,TRAITEMENT,antibiotique_adequat_pour,MICRO_ORGANISME,micro_organisme_isole_dans,FOYER_INFECTIEUX,P2_E001,Augmentin,2,P5_E011,pneumopathie postéro-basale bilatérale,5,"A et C présents dans le document, B absent du document"
B2_000270,img20250709_16270030_trace_sepsis_V1.6-V6.5-SELECTIVE_PRECISION.json,MEDIUM,TRAITEMENT,antibiotique_adequat_pour,MICRO_ORGANISME,micro_organisme_isole_dans,FOYER_INFECTIEUX,P2_E001,Augmentin,2,P6_E002,point de départ pulmonaire,6,"A et C présents dans le document, B absent du document"
B2_000271,img20250709_16270030_trace_sepsis_V1.6-V6.5-SELECTIVE_PRECISION.json,MEDIUM,TRAITEMENT,antibiotique_adequat_pour,MICRO_ORGANISME,micro_organisme_isole_dans,FOYER_INFECTIEUX,P2_E002,Rocéphine,2,P1_E002,point de départ pulmonaire,1,"A et C présents dans le document, B absent du document"
B2_000272,img20250709_16270030_trace_sepsis_V1.6-V6.5-SELECTIVE_PRECISION.json,MEDIUM,TRAITEMENT,antibiotique_adequat_pour,MICRO_ORGANISME,micro_organisme_isole_dans,FOYER_INFECTIEUX,P2_E002,Rocéphine,2,P1_E003,pneumopathie du lobe,1,"A et C présents dans le document, B absent du document"
B2_000273,img20250709_16270030_trace_sepsis_V1.6-V6.5-SELECTIVE_PRECISION.json,MEDIUM,TRAITEMENT,antibiotique_adequat_pour,MICRO_ORGANISME,micro_organisme_isole_dans,FOYER_INFECTIEUX,P2_E002,Rocéphine,2,P4_E024,Pneumopathie bilatérale,4,"A et C présents dans le document, B absent du document"
B2_000274,img20250709_16270030_trace_sepsis_V1.6-V6.5-SELECTIVE_PRECISION.json,MEDIUM,TRAITEMENT,antibiotique_adequat_pour,MICRO_ORGANISME,micro_organisme_isole_dans,FOYER_INFECTIEUX,P2_E002,Rocéphine,2,P5_E002,point de départ pulmonaire,5,"A et C présents dans le document, B absent du document"
B2_000275,img20250709_16270030_trace_sepsis_V1.6-V6.5-SELECTIVE_PRECISION.json,MEDIUM,TRAITEMENT,antibiotique_adequat_pour,MICRO_ORGANISME,micro_organisme_isole_dans,FOYER_INFECTIEUX,P2_E002,Rocéphine,2,P5_E011,pneumopathie postéro-basale bilatérale,5,"A et C présents dans le document, B absent du document"
B2_000276,img20250709_16270030_trace_sepsis_V1.6-V6.5-SELECTIVE_PRECISION.json,MEDIUM,TRAITEMENT,antibiotique_adequat_pour,MICRO_ORGANISME,micro_organisme_isole_dans,FOYER_INFECTIEUX,P2_E002,Rocéphine,2,P6_E002,point de départ pulmonaire,6,"A et C présents dans le document, B absent du document"
B2_000277,img20250709_16270030_trace_sepsis_V1.6-V6.5-SELECTIVE_PRECISION.json,MEDIUM,TRAITEMENT,antibiotique_adequat_pour,MICRO_ORGANISME,micro_organisme_isole_dans,FOYER_INFECTIEUX,P2_E003,amiklin,2,P1_E002,point de départ pulmonaire,1,"A et C présents dans le document, B absent du document"
B2_000278,img20250709_16270030_trace_sepsis_V1.6-V6.5-SELECTIVE_PRECISION.json,MEDIUM,TRAITEMENT,antibiotique_adequat_pour,MICRO_ORGANISME,micro_organisme_isole_dans,FOYER_INFECTIEUX,P2_E003,amiklin,2,P1_E003,pneumopathie du lobe,1,"A et C présents dans le document, B absent du document"
B2_000279,img20250709_16270030_trace_sepsis_V1.6-V6.5-SELECTIVE_PRECISION.json,MEDIUM,TRAITEMENT,antibiotique_adequat_pour,MICRO_ORGANISME,micro_organisme_isole_dans,FOYER_INFECTIEUX,P2_E003,amiklin,2,P4_E024,Pneumopathie bilatérale,4,"A et C présents dans le document, B absent du document"
B2_000280,img20250709_16270030_trace_sepsis_V1.6-V6.5-SELECTIVE_PRECISION.json,MEDIUM,TRAITEMENT,antibiotique_adequat_pour,MICRO_ORGANISME,micro_organisme_isole_dans,FOYER_INFECTIEUX,P2_E003,amiklin,2,P5_E002,point de départ pulmonaire,5,"A et C présents dans le document, B absent du document"
B2_000281,img20250709_16270030_trace_sepsis_V1.6-V6.5-SELECTIVE_PRECISION.json,MEDIUM,TRAITEMENT,antibiotique_adequat_pour,MICRO_ORGANISME,micro_organisme_isole_dans,FOYER_INFECTIEUX,P2_E003,amiklin,2,P5_E011,pneumopathie postéro-basale bilatérale,5,"A et C présents dans le document, B absent du document"
B2_000282,img20250709_16270030_trace_sepsis_V1.6-V6.5-SELECTIVE_PRECISION.json,MEDIUM,TRAITEMENT,antibiotique_adequat_pour,MICRO_ORGANISME,micro_organisme_isole_dans,FOYER_INFECTIEUX,P2_E003,amiklin,2,P6_E002,point de départ pulmonaire,6,"A et C présents dans le document, B absent du document"
B2_000283,img20250709_16270030_trace_sepsis_V1.6-V6.5-SELECTIVE_PRECISION.json,MEDIUM,TRAITEMENT,antibiotique_adequat_pour,MICRO_ORGANISME,micro_organisme_isole_dans,FOYER_INFECTIEUX,P2_E004,Flagyl,2,P1_E002,point de départ pulmonaire,1,"A et C présents dans le document, B absent du document"
B2_000284,img20250709_16270030_trace_sepsis_V1.6-V6.5-SELECTIVE_PRECISION.json,MEDIUM,TRAITEMENT,antibiotique_adequat_pour,MICRO_ORGANISME,micro_organisme_isole_dans,FOYER_INFECTIEUX,P2_E004,Flagyl,2,P1_E003,pneumopathie du lobe,1,"A et C présents dans le document, B absent du document"
B2_000285,img20250709_16270030_trace_sepsis_V1.6-V6.5-SELECTIVE_PRECISION.json,MEDIUM,TRAITEMENT,antibiotique_adequat_pour,MICRO_ORGANISME,micro_organisme_isole_dans,FOYER_INFECTIEUX,P2_E004,Flagyl,2,P4_E024,Pneumopathie bilatérale,4,"A et C présents dans le document, B absent du document"
B2_000286,img20250709_16270030_trace_sepsis_V1.6-V6.5-SELECTIVE_PRECISION.json,MEDIUM,TRAITEMENT,antibiotique_adequat_pour,MICRO_ORGANISME,micro_organisme_isole_dans,FOYER_INFECTIEUX,P2_E004,Flagyl,2,P5_E002,point de départ pulmonaire,5,"A et C présents dans le document, B absent du document"
B2_000287,img20250709_16270030_trace_sepsis_V1.6-V6.5-SELECTIVE_PRECISION.json,MEDIUM,TRAITEMENT,antibiotique_adequat_pour,MICRO_ORGANISME,micro_organisme_isole_dans,FOYER_INFECTIEUX,P2_E004,Flagyl,2,P5_E011,pneumopathie postéro-basale bilatérale,5,"A et C présents dans le document, B absent du document"
B2_000288,img20250709_16270030_trace_sepsis_V1.6-V6.5-SELECTIVE_PRECISION.json,MEDIUM,TRAITEMENT,antibiotique_adequat_pour,MICRO_ORGANISME,micro_organisme_isole_dans,FOYER_INFECTIEUX,P2_E004,Flagyl,2,P6_E002,point de départ pulmonaire,6,"A et C présents dans le document, B absent du document"
B2_000289,img20250709_16270030_trace_sepsis_V1.6-V6.5-SELECTIVE_PRECISION.json,MEDIUM,TRAITEMENT,antibiotique_adequat_pour,MICRO_ORGANISME,micro_organisme_isole_dans,FOYER_INFECTIEUX,P2_E005,voluven,2,P1_E002,point de départ pulmonaire,1,"A et C présents dans le document, B absent du document"
B2_000290,img20250709_16270030_trace_sepsis_V1.6-V6.5-SELECTIVE_PRECISION.json,MEDIUM,TRAITEMENT,antibiotique_adequat_pour,MICRO_ORGANISME,micro_organisme_isole_dans,FOYER_INFECTIEUX,P2_E005,voluven,2,P1_E003,pneumopathie du lobe,1,"A et C présents dans le document, B absent du document"
B2_000291,img20250709_16270030_trace_sepsis_V1.6-V6.5-SELECTIVE_PRECISION.json,MEDIUM,TRAITEMENT,antibiotique_adequat_pour,MICRO_ORGANISME,micro_organisme_isole_dans,FOYER_INFECTIEUX,P2_E005,voluven,2,P4_E024,Pneumopathie bilatérale,4,"A et C présents dans le document, B absent du document"
B2_000292,img20250709_16270030_trace_sepsis_V1.6-V6.5-SELECTIVE_PRECISION.json,MEDIUM,TRAITEMENT,antibiotique_adequat_pour,MICRO_ORGANISME,micro_organisme_isole_dans,FOYER_INFECTIEUX,P2_E005,voluven,2,P5_E002,point de départ pulmonaire,5,"A et C présents dans le document, B absent du document"
B2_000293,img20250709_16270030_trace_sepsis_V1.6-V6.5-SELECTIVE_PRECISION.json,MEDIUM,TRAITEMENT,antibiotique_adequat_pour,MICRO_ORGANISME,micro_organisme_isole_dans,FOYER_INFECTIEUX,P2_E005,voluven,2,P5_E011,pneumopathie postéro-basale bilatérale,5,"A et C présents dans le document, B absent du document"
B2_000294,img20250709_16270030_trace_sepsis_V1.6-V6.5-SELECTIVE_PRECISION.json,MEDIUM,TRAITEMENT,antibiotique_adequat_pour,MICRO_ORGANISME,micro_organisme_isole_dans,FOYER_INFECTIEUX,P2_E005,voluven,2,P6_E002,point de départ pulmonaire,6,"A et C présents dans le document, B absent du document"
B2_000295,img20250709_16270030_trace_sepsis_V1.6-V6.5-SELECTIVE_PRECISION.json,MEDIUM,TRAITEMENT,antibiotique_adequat_pour,MICRO_ORGANISME,micro_organisme_isole_dans,FOYER_INFECTIEUX,P2_E013,Noradrénaline,2,P1_E002,point de départ pulmonaire,1,"A et C présents dans le document, B absent du document"
B2_000296,img20250709_16270030_trace_sepsis_V1.6-V6.5-SELECTIVE_PRECISION.json,MEDIUM,TRAITEMENT,antibiotique_adequat_pour,MICRO_ORGANISME,micro_organisme_isole_dans,FOYER_INFECTIEUX,P2_E013,Noradrénaline,2,P1_E003,pneumopathie du lobe,1,"A et C présents dans le document, B absent du document"
B2_000297,img20250709_16270030_trace_sepsis_V1.6-V6.5-SELECTIVE_PRECISION.json,MEDIUM,TRAITEMENT,antibiotique_adequat_pour,MICRO_ORGANISME,micro_organisme_isole_dans,FOYER_INFECTIEUX,P2_E013,Noradrénaline,2,P4_E024,Pneumopathie bilatérale,4,"A et C présents dans le document, B absent du document"
B2_000298,img20250709_16270030_trace_sepsis_V1.6-V6.5-SELECTIVE_PRECISION.json,MEDIUM,TRAITEMENT,antibiotique_adequat_pour,MICRO_ORGANISME,micro_organisme_isole_dans,FOYER_INFECTIEUX,P2_E013,Noradrénaline,2,P5_E002,point de départ pulmonaire,5,"A et C présents dans le document, B absent du document"
B2_000299,img20250709_16270030_trace_sepsis_V1.6-V6.5-SELECTIVE_PRECISION.json,MEDIUM,TRAITEMENT,antibiotique_adequat_pour,MICRO_ORGANISME,micro_organisme_isole_dans,FOYER_INFECTIEUX,P2_E013,Noradrénaline,2,P5_E011,pneumopathie postéro-basale bilatérale,5,"A et C présents dans le document, B absent du document"
B2_000300,img20250709_16270030_trace_sepsis_V1.6-V6.5-SELECTIVE_PRECISION.json,MEDIUM,TRAITEMENT,antibiotique_adequat_pour,MICRO_ORGANISME,micro_organisme_isole_dans,FOYER_INFECTIEUX,P2_E013,Noradrénaline,2,P6_E002,point de départ pulmonaire,6,"A et C présents dans le document, B absent du document"
B2_000301,img20250709_16270030_trace_sepsis_V1.6-V6.5-SELECTIVE_PRECISION.json,MEDIUM,TRAITEMENT,antibiotique_adequat_pour,MICRO_ORGANISME,micro_organisme_isole_dans,FOYER_INFECTIEUX,P2_E015,Hypnovel,2,P1_E002,point de départ pulmonaire,1,"A et C présents dans le document, B absent du document"
B2_000302,img20250709_16270030_trace_sepsis_V1.6-V6.5-SELECTIVE_PRECISION.json,MEDIUM,TRAITEMENT,antibiotique_adequat_pour,MICRO_ORGANISME,micro_organisme_isole_dans,FOYER_INFECTIEUX,P2_E015,Hypnovel,2,P1_E003,pneumopathie du lobe,1,"A et C présents dans le document, B absent du document"
B2_000303,img20250709_16270030_trace_sepsis_V1.6-V6.5-SELECTIVE_PRECISION.json,MEDIUM,TRAITEMENT,antibiotique_adequat_pour,MICRO_ORGANISME,micro_organisme_isole_dans,FOYER_INFECTIEUX,P2_E015,Hypnovel,2,P4_E024,Pneumopathie bilatérale,4,"A et C présents dans le document, B absent du document"
B2_000304,img20250709_16270030_trace_sepsis_V1.6-V6.5-SELECTIVE_PRECISION.json,MEDIUM,TRAITEMENT,antibiotique_adequat_pour,MICRO_ORGANISME,micro_organisme_isole_dans,FOYER_INFECTIEUX,P2_E015,Hypnovel,2,P5_E002,point de départ pulmonaire,5,"A et C présents dans le document, B absent du document"
B2_000305,img20250709_16270030_trace_sepsis_V1.6-V6.5-SELECTIVE_PRECISION.json,MEDIUM,TRAITEMENT,antibiotique_adequat_pour,MICRO_ORGANISME,micro_organisme_isole_dans,FOYER_INFECTIEUX,P2_E015,Hypnovel,2,P5_E011,pneumopathie postéro-basale bilatérale,5,"A et C présents dans le document, B absent du document"
B2_000306,img20250709_16270030_trace_sepsis_V1.6-V6.5-SELECTIVE_PRECISION.json,MEDIUM,TRAITEMENT,antibiotique_adequat_pour,MICRO_ORGANISME,micro_organisme_isole_dans,FOYER_INFECTIEUX,P2_E015,Hypnovel,2,P6_E002,point de départ pulmonaire,6,"A et C présents dans le document, B absent du document"
B2_000307,img20250709_16270030_trace_sepsis_V1.6-V6.5-SELECTIVE_PRECISION.json,MEDIUM,TRAITEMENT,antibiotique_adequat_pour,MICRO_ORGANISME,micro_organisme_isole_dans,FOYER_INFECTIEUX,P2_E017,Sufentanyl,2,P1_E002,point de départ pulmonaire,1,"A et C présents dans le document, B absent du document"
B2_000308,img20250709_16270030_trace_sepsis_V1.6-V6.5-SELECTIVE_PRECISION.json,MEDIUM,TRAITEMENT,antibiotique_adequat_pour,MICRO_ORGANISME,micro_organisme_isole_dans,FOYER_INFECTIEUX,P2_E017,Sufentanyl,2,P1_E003,pneumopathie du lobe,1,"A et C présents dans le document, B absent du document"
B2_000309,img20250709_16270030_trace_sepsis_V1.6-V6.5-SELECTIVE_PRECISION.json,MEDIUM,TRAITEMENT,antibiotique_adequat_pour,MICRO_ORGANISME,micro_organisme_isole_dans,FOYER_INFECTIEUX,P2_E017,Sufentanyl,2,P4_E024,Pneumopathie bilatérale,4,"A et C présents dans le document, B absent du document"
B2_000310,img20250709_16270030_trace_sepsis_V1.6-V6.5-SELECTIVE_PRECISION.json,MEDIUM,TRAITEMENT,antibiotique_adequat_pour,MICRO_ORGANISME,micro_organisme_isole_dans,FOYER_INFECTIEUX,P2_E017,Sufentanyl,2,P5_E002,point de départ pulmonaire,5,"A et C présents dans le document, B absent du document"
B2_000311,img20250709_16270030_trace_sepsis_V1.6-V6.5-SELECTIVE_PRECISION.json,MEDIUM,TRAITEMENT,antibiotique_adequat_pour,MICRO_ORGANISME,micro_organisme_isole_dans,FOYER_INFECTIEUX,P2_E017,Sufentanyl,2,P5_E011,pneumopathie postéro-basale bilatérale,5,"A et C présents dans le document, B absent du document"
B2_000312,img20250709_16270030_trace_sepsis_V1.6-V6.5-SELECTIVE_PRECISION.json,MEDIUM,TRAITEMENT,antibiotique_adequat_pour,MICRO_ORGANISME,micro_organisme_isole_dans,FOYER_INFECTIEUX,P2_E017,Sufentanyl,2,P6_E002,point de départ pulmonaire,6,"A et C présents dans le document, B absent du document"
B2_000313,img20250709_16270030_trace_sepsis_V1.6-V6.5-SELECTIVE_PRECISION.json,MEDIUM,TRAITEMENT,antibiotique_adequat_pour,MICRO_ORGANISME,micro_organisme_isole_dans,FOYER_INFECTIEUX,P2_E025,sérum physiologique,2,P1_E002,point de départ pulmonaire,1,"A et C présents dans le document, B absent du document"
B2_000314,img20250709_16270030_trace_sepsis_V1.6-V6.5-SELECTIVE_PRECISION.json,MEDIUM,TRAITEMENT,antibiotique_adequat_pour,MICRO_ORGANISME,micro_organisme_isole_dans,FOYER_INFECTIEUX,P2_E025,sérum physiologique,2,P1_E003,pneumopathie du lobe,1,"A et C présents dans le document, B absent du document"
B2_000315,img20250709_16270030_trace_sepsis_V1.6-V6.5-SELECTIVE_PRECISION.json,MEDIUM,TRAITEMENT,antibiotique_adequat_pour,MICRO_ORGANISME,micro_organisme_isole_dans,FOYER_INFECTIEUX,P2_E025,sérum physiologique,2,P4_E024,Pneumopathie bilatérale,4,"A et C présents dans le document, B absent du document"
B2_000316,img20250709_16270030_trace_sepsis_V1.6-V6.5-SELECTIVE_PRECISION.json,MEDIUM,TRAITEMENT,antibiotique_adequat_pour,MICRO_ORGANISME,micro_organisme_isole_dans,FOYER_INFECTIEUX,P2_E025,sérum physiologique,2,P5_E002,point de départ pulmonaire,5,"A et C présents dans le document, B absent du document"
B2_000317,img20250709_16270030_trace_sepsis_V1.6-V6.5-SELECTIVE_PRECISION.json,MEDIUM,TRAITEMENT,antibiotique_adequat_pour,MICRO_ORGANISME,micro_organisme_isole_dans,FOYER_INFECTIEUX,P2_E025,sérum physiologique,2,P5_E011,pneumopathie postéro-basale bilatérale,5,"A et C présents dans le document, B absent du document"
B2_000318,img20250709_16270030_trace_sepsis_V1.6-V6.5-SELECTIVE_PRECISION.json,MEDIUM,TRAITEMENT,antibiotique_adequat_pour,MICRO_ORGANISME,micro_organisme_isole_dans,FOYER_INFECTIEUX,P2_E025,sérum physiologique,2,P6_E002,point de départ pulmonaire,6,"A et C présents dans le document, B absent du document"
B2_000319,img20250709_16270030_trace_sepsis_V1.6-V6.5-SELECTIVE_PRECISION.json,MEDIUM,TRAITEMENT,antibiotique_adequat_pour,MICRO_ORGANISME,micro_organisme_isole_dans,FOYER_INFECTIEUX,P2_E028,intubé,2,P1_E002,point de départ pulmonaire,1,"A et C présents dans le document, B absent du document"
B2_000320,img20250709_16270030_trace_sepsis_V1.6-V6.5-SELECTIVE_PRECISION.json,MEDIUM,TRAITEMENT,antibiotique_adequat_pour,MICRO_ORGANISME,micro_organisme_isole_dans,FOYER_INFECTIEUX,P2_E028,intubé,2,P1_E003,pneumopathie du lobe,1,"A et C présents dans le document, B absent du document"
B2_000321,img20250709_16270030_trace_sepsis_V1.6-V6.5-SELECTIVE_PRECISION.json,MEDIUM,TRAITEMENT,antibiotique_adequat_pour,MICRO_ORGANISME,micro_organisme_isole_dans,FOYER_INFECTIEUX,P2_E028,intubé,2,P4_E024,Pneumopathie bilatérale,4,"A et C présents dans le document, B absent du document"
B2_000322,img20250709_16270030_trace_sepsis_V1.6-V6.5-SELECTIVE_PRECISION.json,MEDIUM,TRAITEMENT,antibiotique_adequat_pour,MICRO_ORGANISME,micro_organisme_isole_dans,FOYER_INFECTIEUX,P2_E028,intubé,2,P5_E002,point de départ pulmonaire,5,"A et C présents dans le document, B absent du document"
B2_000323,img20250709_16270030_trace_sepsis_V1.6-V6.5-SELECTIVE_PRECISION.json,MEDIUM,TRAITEMENT,antibiotique_adequat_pour,MICRO_ORGANISME,micro_organisme_isole_dans,FOYER_INFECTIEUX,P2_E028,intubé,2,P5_E011,pneumopathie postéro-basale bilatérale,5,"A et C présents dans le document, B absent du document"
B2_000324,img20250709_16270030_trace_sepsis_V1.6-V6.5-SELECTIVE_PRECISION.json,MEDIUM,TRAITEMENT,antibiotique_adequat_pour,MICRO_ORGANISME,micro_organisme_isole_dans,FOYER_INFECTIEUX,P2_E028,intubé,2,P6_E002,point de départ pulmonaire,6,"A et C présents dans le document, B absent du document"
B2_000325,img20250709_16270030_trace_sepsis_V1.6-V6.5-SELECTIVE_PRECISION.json,MEDIUM,TRAITEMENT,antibiotique_adequat_pour,MICRO_ORGANISME,micro_organisme_isole_dans,FOYER_INFECTIEUX,P2_E036,oxygénodépendant,2,P1_E002,point de départ pulmonaire,1,"A et C présents dans le document, B absent du document"
B2_000326,img20250709_16270030_trace_sepsis_V1.6-V6.5-SELECTIVE_PRECISION.json,MEDIUM,TRAITEMENT,antibiotique_adequat_pour,MICRO_ORGANISME,micro_organisme_isole_dans,FOYER_INFECTIEUX,P2_E036,oxygénodépendant,2,P1_E003,pneumopathie du lobe,1,"A et C présents dans le document, B absent du document"
B2_000327,img20250709_16270030_trace_sepsis_V1.6-V6.5-SELECTIVE_PRECISION.json,MEDIUM,TRAITEMENT,antibiotique_adequat_pour,MICRO_ORGANISME,micro_organisme_isole_dans,FOYER_INFECTIEUX,P2_E036,oxygénodépendant,2,P4_E024,Pneumopathie bilatérale,4,"A et C présents dans le document, B absent du document"
B2_000328,img20250709_16270030_trace_sepsis_V1.6-V6.5-SELECTIVE_PRECISION.json,MEDIUM,TRAITEMENT,antibiotique_adequat_pour,MICRO_ORGANISME,micro_organisme_isole_dans,FOYER_INFECTIEUX,P2_E036,oxygénodépendant,2,P5_E002,point de départ pulmonaire,5,"A et C présents dans le document, B absent du document"
B2_000329,img20250709_16270030_trace_sepsis_V1.6-V6.5-SELECTIVE_PRECISION.json,MEDIUM,TRAITEMENT,antibiotique_adequat_pour,MICRO_ORGANISME,micro_organisme_isole_dans,FOYER_INFECTIEUX,P2_E036,oxygénodépendant,2,P5_E011,pneumopathie postéro-basale bilatérale,5,"A et C présents dans le document, B absent du document"
B2_000330,img20250709_16270030_trace_sepsis_V1.6-V6.5-SELECTIVE_PRECISION.json,MEDIUM,TRAITEMENT,antibiotique_adequat_pour,MICRO_ORGANISME,micro_organisme_isole_dans,FOYER_INFECTIEUX,P2_E036,oxygénodépendant,2,P6_E002,point de départ pulmonaire,6,"A et C présents dans le document, B absent du document"
B2_000331,img20250709_16270030_trace_sepsis_V1.6-V6.5-SELECTIVE_PRECISION.json,MEDIUM,TRAITEMENT,antibiotique_adequat_pour,MICRO_ORGANISME,micro_organisme_isole_dans,FOYER_INFECTIEUX,P2_E039,Patient ventilé,2,P1_E002,point de départ pulmonaire,1,"A et C présents dans le document, B absent du document"
B2_000332,img20250709_16270030_trace_sepsis_V1.6-V6.5-SELECTIVE_PRECISION.json,MEDIUM,TRAITEMENT,antibiotique_adequat_pour,MICRO_ORGANISME,micro_organisme_isole_dans,FOYER_INFECTIEUX,P2_E039,Patient ventilé,2,P1_E003,pneumopathie du lobe,1,"A et C présents dans le document, B absent du document"
B2_000333,img20250709_16270030_trace_sepsis_V1.6-V6.5-SELECTIVE_PRECISION.json,MEDIUM,TRAITEMENT,antibiotique_adequat_pour,MICRO_ORGANISME,micro_organisme_isole_dans,FOYER_INFECTIEUX,P2_E039,Patient ventilé,2,P4_E024,Pneumopathie bilatérale,4,"A et C présents dans le document, B absent du document"
B2_000334,img20250709_16270030_trace_sepsis_V1.6-V6.5-SELECTIVE_PRECISION.json,MEDIUM,TRAITEMENT,antibiotique_adequat_pour,MICRO_ORGANISME,micro_organisme_isole_dans,FOYER_INFECTIEUX,P2_E039,Patient ventilé,2,P5_E002,point de départ pulmonaire,5,"A et C présents dans le document, B absent du document"
B2_000335,img20250709_16270030_trace_sepsis_V1.6-V6.5-SELECTIVE_PRECISION.json,MEDIUM,TRAITEMENT,antibiotique_adequat_pour,MICRO_ORGANISME,micro_organisme_isole_dans,FOYER_INFECTIEUX,P2_E039,Patient ventilé,2,P5_E011,pneumopathie postéro-basale bilatérale,5,"A et C présents dans le document, B absent du document"
B2_000336,img20250709_16270030_trace_sepsis_V1.6-V6.5-SELECTIVE_PRECISION.json,MEDIUM,TRAITEMENT,antibiotique_adequat_pour,MICRO_ORGANISME,micro_organisme_isole_dans,FOYER_INFECTIEUX,P2_E039,Patient ventilé,2,P6_E002,point de départ pulmonaire,6,"A et C présents dans le document, B absent du document"
B2_000337,img20250709_16270030_trace_sepsis_V1.6-V6.5-SELECTIVE_PRECISION.json,MEDIUM,TRAITEMENT,antibiotique_adequat_pour,MICRO_ORGANISME,micro_organisme_isole_dans,FOYER_INFECTIEUX,P2_E059,O2,2,P1_E002,point de départ pulmonaire,1,"A et C présents dans le document, B absent du document"
B2_000338,img20250709_16270030_trace_sepsis_V1.6-V6.5-SELECTIVE_PRECISION.json,MEDIUM,TRAITEMENT,antibiotique_adequat_pour,MICRO_ORGANISME,micro_organisme_isole_dans,FOYER_INFECTIEUX,P2_E059,O2,2,P1_E003,pneumopathie du lobe,1,"A et C présents dans le document, B absent du document"
B2_000339,img20250709_16270030_trace_sepsis_V1.6-V6.5-SELECTIVE_PRECISION.json,MEDIUM,TRAITEMENT,antibiotique_adequat_pour,MICRO_ORGANISME,micro_organisme_isole_dans,FOYER_INFECTIEUX,P2_E059,O2,2,P4_E024,Pneumopathie bilatérale,4,"A et C présents dans le document, B absent du document"
B2_000340,img20250709_16270030_trace_sepsis_V1.6-V6.5-SELECTIVE_PRECISION.json,MEDIUM,TRAITEMENT,antibiotique_adequat_pour,MICRO_ORGANISME,micro_organisme_isole_dans,FOYER_INFECTIEUX,P2_E059,O2,2,P5_E002,point de départ pulmonaire,5,"A et C présents dans le document, B absent du document"
B2_000341,img20250709_16270030_trace_sepsis_V1.6-V6.5-SELECTIVE_PRECISION.json,MEDIUM,TRAITEMENT,antibiotique_adequat_pour,MICRO_ORGANISME,micro_organisme_isole_dans,FOYER_INFECTIEUX,P2_E059,O2,2,P5_E011,pneumopathie postéro-basale bilatérale,5,"A et C présents dans le document, B absent du document"
B2_000342,img20250709_16270030_trace_sepsis_V1.6-V6.5-SELECTIVE_PRECISION.json,MEDIUM,TRAITEMENT,antibiotique_adequat_pour,MICRO_ORGANISME,micro_organisme_isole_dans,FOYER_INFECTIEUX,P2_E059,O2,2,P6_E002,point de départ pulmonaire,6,"A et C présents dans le document, B absent du document"
B2_000343,img20250709_16270030_trace_sepsis_V1.6-V6.5-SELECTIVE_PRECISION.json,MEDIUM,TRAITEMENT,antibiotique_adequat_pour,MICRO_ORGANISME,micro_organisme_isole_dans,FOYER_INFECTIEUX,P5_E003,remplissage par voluven et sérum physiologique,5,P1_E002,point de départ pulmonaire,1,"A et C présents dans le document, B absent du document"
B2_000344,img20250709_16270030_trace_sepsis_V1.6-V6.5-SELECTIVE_PRECISION.json,MEDIUM,TRAITEMENT,antibiotique_adequat_pour,MICRO_ORGANISME,micro_organisme_isole_dans,FOYER_INFECTIEUX,P5_E003,remplissage par voluven et sérum physiologique,5,P1_E003,pneumopathie du lobe,1,"A et C présents dans le document, B absent du document"
B2_000345,img20250709_16270030_trace_sepsis_V1.6-V6.5-SELECTIVE_PRECISION.json,MEDIUM,TRAITEMENT,antibiotique_adequat_pour,MICRO_ORGANISME,micro_organisme_isole_dans,FOYER_INFECTIEUX,P5_E003,remplissage par voluven et sérum physiologique,5,P4_E024,Pneumopathie bilatérale,4,"A et C présents dans le document, B absent du document"
B2_000346,img20250709_16270030_trace_sepsis_V1.6-V6.5-SELECTIVE_PRECISION.json,STRONG,TRAITEMENT,antibiotique_adequat_pour,MICRO_ORGANISME,micro_organisme_isole_dans,FOYER_INFECTIEUX,P5_E003,remplissage par voluven et sérum physiologique,5,P5_E002,point de départ pulmonaire,5,"A et C présents sur la même page, B absent du document"
B2_000347,img20250709_16270030_trace_sepsis_V1.6-V6.5-SELECTIVE_PRECISION.json,STRONG,TRAITEMENT,antibiotique_adequat_pour,MICRO_ORGANISME,micro_organisme_isole_dans,FOYER_INFECTIEUX,P5_E003,remplissage par voluven et sérum physiologique,5,P5_E011,pneumopathie postéro-basale bilatérale,5,"A et C présents sur la même page, B absent du document"
B2_000348,img20250709_16270030_trace_sepsis_V1.6-V6.5-SELECTIVE_PRECISION.json,MEDIUM,TRAITEMENT,antibiotique_adequat_pour,MICRO_ORGANISME,micro_organisme_isole_dans,FOYER_INFECTIEUX,P5_E003,remplissage par voluven et sérum physiologique,5,P6_E002,point de départ pulmonaire,6,"A et C présents dans le document, B absent du document"
B2_000349,img20250709_16270030_trace_sepsis_V1.6-V6.5-SELECTIVE_PRECISION.json,MEDIUM,TRAITEMENT,antibiotique_adequat_pour,MICRO_ORGANISME,micro_organisme_isole_dans,FOYER_INFECTIEUX,P5_E005,Noradrénaline,5,P1_E002,point de départ pulmonaire,1,"A et C présents dans le document, B absent du document"
B2_000350,img20250709_16270030_trace_sepsis_V1.6-V6.5-SELECTIVE_PRECISION.json,MEDIUM,TRAITEMENT,antibiotique_adequat_pour,MICRO_ORGANISME,micro_organisme_isole_dans,FOYER_INFECTIEUX,P5_E005,Noradrénaline,5,P1_E003,pneumopathie du lobe,1,"A et C présents dans le document, B absent du document"
B2_000351,img20250709_16270030_trace_sepsis_V1.6-V6.5-SELECTIVE_PRECISION.json,MEDIUM,TRAITEMENT,antibiotique_adequat_pour,MICRO_ORGANISME,micro_organisme_isole_dans,FOYER_INFECTIEUX,P5_E005,Noradrénaline,5,P4_E024,Pneumopathie bilatérale,4,"A et C présents dans le document, B absent du document"
B2_000352,img20250709_16270030_trace_sepsis_V1.6-V6.5-SELECTIVE_PRECISION.json,STRONG,TRAITEMENT,antibiotique_adequat_pour,MICRO_ORGANISME,micro_organisme_isole_dans,FOYER_INFECTIEUX,P5_E005,Noradrénaline,5,P5_E002,point de départ pulmonaire,5,"A et C présents sur la même page, B absent du document"
B2_000353,img20250709_16270030_trace_sepsis_V1.6-V6.5-SELECTIVE_PRECISION.json,STRONG,TRAITEMENT,antibiotique_adequat_pour,MICRO_ORGANISME,micro_organisme_isole_dans,FOYER_INFECTIEUX,P5_E005,Noradrénaline,5,P5_E011,pneumopathie postéro-basale bilatérale,5,"A et C présents sur la même page, B absent du document"
B2_000354,img20250709_16270030_trace_sepsis_V1.6-V6.5-SELECTIVE_PRECISION.json,MEDIUM,TRAITEMENT,antibiotique_adequat_pour,MICRO_ORGANISME,micro_organisme_isole_dans,FOYER_INFECTIEUX,P5_E005,Noradrénaline,5,P6_E002,point de départ pulmonaire,6,"A et C présents dans le document, B absent du document"
B2_000355,img20250709_16270030_trace_sepsis_V1.6-V6.5-SELECTIVE_PRECISION.json,MEDIUM,TRAITEMENT,antibiotique_adequat_pour,MICRO_ORGANISME,micro_organisme_isole_dans,FOYER_INFECTIEUX,P5_E007,PICCO,5,P1_E002,point de départ pulmonaire,1,"A et C présents dans le document, B absent du document"
B2_000356,img20250709_16270030_trace_sepsis_V1.6-V6.5-SELECTIVE_PRECISION.json,MEDIUM,TRAITEMENT,antibiotique_adequat_pour,MICRO_ORGANISME,micro_organisme_isole_dans,FOYER_INFECTIEUX,P5_E007,PICCO,5,P1_E003,pneumopathie du lobe,1,"A et C présents dans le document, B absent du document"
B2_000357,img20250709_16270030_trace_sepsis_V1.6-V6.5-SELECTIVE_PRECISION.json,MEDIUM,TRAITEMENT,antibiotique_adequat_pour,MICRO_ORGANISME,micro_organisme_isole_dans,FOYER_INFECTIEUX,P5_E007,PICCO,5,P4_E024,Pneumopathie bilatérale,4,"A et C présents dans le document, B absent du document"
B2_000358,img20250709_16270030_trace_sepsis_V1.6-V6.5-SELECTIVE_PRECISION.json,STRONG,TRAITEMENT,antibiotique_adequat_pour,MICRO_ORGANISME,micro_organisme_isole_dans,FOYER_INFECTIEUX,P5_E007,PICCO,5,P5_E002,point de départ pulmonaire,5,"A et C présents sur la même page, B absent du document"
B2_000359,img20250709_16270030_trace_sepsis_V1.6-V6.5-SELECTIVE_PRECISION.json,STRONG,TRAITEMENT,antibiotique_adequat_pour,MICRO_ORGANISME,micro_organisme_isole_dans,FOYER_INFECTIEUX,P5_E007,PICCO,5,P5_E011,pneumopathie postéro-basale bilatérale,5,"A et C présents sur la même page, B absent du document"
B2_000360,img20250709_16270030_trace_sepsis_V1.6-V6.5-SELECTIVE_PRECISION.json,MEDIUM,TRAITEMENT,antibiotique_adequat_pour,MICRO_ORGANISME,micro_organisme_isole_dans,FOYER_INFECTIEUX,P5_E007,PICCO,5,P6_E002,point de départ pulmonaire,6,"A et C présents dans le document, B absent du document"
B2_000361,img20250709_16270030_trace_sepsis_V1.6-V6.5-SELECTIVE_PRECISION.json,MEDIUM,TRAITEMENT,antibiotique_adequat_pour,MICRO_ORGANISME,micro_organisme_isole_dans,FOYER_INFECTIEUX,P5_E008,Tienam,5,P1_E002,point de départ pulmonaire,1,"A et C présents dans le document, B absent du document"
B2_000362,img20250709_16270030_trace_sepsis_V1.6-V6.5-SELECTIVE_PRECISION.json,MEDIUM,TRAITEMENT,antibiotique_adequat_pour,MICRO_ORGANISME,micro_organisme_isole_dans,FOYER_INFECTIEUX,P5_E008,Tienam,5,P1_E003,pneumopathie du lobe,1,"A et C présents dans le document, B absent du document"
B2_000363,img20250709_16270030_trace_sepsis_V1.6-V6.5-SELECTIVE_PRECISION.json,MEDIUM,TRAITEMENT,antibiotique_adequat_pour,MICRO_ORGANISME,micro_organisme_isole_dans,FOYER_INFECTIEUX,P5_E008,Tienam,5,P4_E024,Pneumopathie bilatérale,4,"A et C présents dans le document, B absent du document"
B2_000364,img20250709_16270030_trace_sepsis_V1.6-V6.5-SELECTIVE_PRECISION.json,STRONG,TRAITEMENT,antibiotique_adequat_pour,MICRO_ORGANISME,micro_organisme_isole_dans,FOYER_INFECTIEUX,P5_E008,Tienam,5,P5_E002,point de départ pulmonaire,5,"A et C présents sur la même page, B absent du document"
B2_000365,img20250709_16270030_trace_sepsis_V1.6-V6.5-SELECTIVE_PRECISION.json,STRONG,TRAITEMENT,antibiotique_adequat_pour,MICRO_ORGANISME,micro_organisme_isole_dans,FOYER_INFECTIEUX,P5_E008,Tienam,5,P5_E011,pneumopathie postéro-basale bilatérale,5,"A et C présents sur la même page, B absent du document"
B2_000366,img20250709_16270030_trace_sepsis_V1.6-V6.5-SELECTIVE_PRECISION.json,MEDIUM,TRAITEMENT,antibiotique_adequat_pour,MICRO_ORGANISME,micro_organisme_isole_dans,FOYER_INFECTIEUX,P5_E008,Tienam,5,P6_E002,point de départ pulmonaire,6,"A et C présents dans le document, B absent du document"
B2_000367,img20250709_16270030_trace_sepsis_V1.6-V6.5-SELECTIVE_PRECISION.json,MEDIUM,TRAITEMENT,antibiotique_adequat_pour,MICRO_ORGANISME,micro_organisme_isole_dans,FOYER_INFECTIEUX,P5_E009,Amiklin,5,P1_E002,point de départ pulmonaire,1,"A et C présents dans le document, B absent du document"
B2_000368,img20250709_16270030_trace_sepsis_V1.6-V6.5-SELECTIVE_PRECISION.json,MEDIUM,TRAITEMENT,antibiotique_adequat_pour,MICRO_ORGANISME,micro_organisme_isole_dans,FOYER_INFECTIEUX,P5_E009,Amiklin,5,P1_E003,pneumopathie du lobe,1,"A et C présents dans le document, B absent du document"
B2_000369,img20250709_16270030_trace_sepsis_V1.6-V6.5-SELECTIVE_PRECISION.json,MEDIUM,TRAITEMENT,antibiotique_adequat_pour,MICRO_ORGANISME,micro_organisme_isole_dans,FOYER_INFECTIEUX,P5_E009,Amiklin,5,P4_E024,Pneumopathie bilatérale,4,"A et C présents dans le document, B absent du document"
B2_000370,img20250709_16270030_trace_sepsis_V1.6-V6.5-SELECTIVE_PRECISION.json,STRONG,TRAITEMENT,antibiotique_adequat_pour,MICRO_ORGANISME,micro_organisme_isole_dans,FOYER_INFECTIEUX,P5_E009,Amiklin,5,P5_E002,point de départ pulmonaire,5,"A et C présents sur la même page, B absent du document"
B2_000371,img20250709_16270030_trace_sepsis_V1.6-V6.5-SELECTIVE_PRECISION.json,STRONG,TRAITEMENT,antibiotique_adequat_pour,MICRO_ORGANISME,micro_organisme_isole_dans,FOYER_INFECTIEUX,P5_E009,Amiklin,5,P5_E011,pneumopathie postéro-basale bilatérale,5,"A et C présents sur la même page, B absent du document"
B2_000372,img20250709_16270030_trace_sepsis_V1.6-V6.5-SELECTIVE_PRECISION.json,MEDIUM,TRAITEMENT,antibiotique_adequat_pour,MICRO_ORGANISME,micro_organisme_isole_dans,FOYER_INFECTIEUX,P5_E009,Amiklin,5,P6_E002,point de départ pulmonaire,6,"A et C présents dans le document, B absent du document"
B2_000373,img20250709_16270030_trace_sepsis_V1.6-V6.5-SELECTIVE_PRECISION.json,MEDIUM,TRAITEMENT,antibiotique_adequat_pour,MICRO_ORGANISME,micro_organisme_isole_dans,FOYER_INFECTIEUX,P5_E015,chimiothérapie pour un carcinome épidermoïde,5,P1_E002,point de départ pulmonaire,1,"A et C présents dans le document, B absent du document"
B2_000374,img20250709_16270030_trace_sepsis_V1.6-V6.5-SELECTIVE_PRECISION.json,MEDIUM,TRAITEMENT,antibiotique_adequat_pour,MICRO_ORGANISME,micro_organisme_isole_dans,FOYER_INFECTIEUX,P5_E015,chimiothérapie pour un carcinome épidermoïde,5,P1_E003,pneumopathie du lobe,1,"A et C présents dans le document, B absent du document"
B2_000375,img20250709_16270030_trace_sepsis_V1.6-V6.5-SELECTIVE_PRECISION.json,MEDIUM,TRAITEMENT,antibiotique_adequat_pour,MICRO_ORGANISME,micro_organisme_isole_dans,FOYER_INFECTIEUX,P5_E015,chimiothérapie pour un carcinome épidermoïde,5,P4_E024,Pneumopathie bilatérale,4,"A et C présents dans le document, B absent du document"
B2_000376,img20250709_16270030_trace_sepsis_V1.6-V6.5-SELECTIVE_PRECISION.json,STRONG,TRAITEMENT,antibiotique_adequat_pour,MICRO_ORGANISME,micro_organisme_isole_dans,FOYER_INFECTIEUX,P5_E015,chimiothérapie pour un carcinome épidermoïde,5,P5_E002,point de départ pulmonaire,5,"A et C présents sur la même page, B absent du document"
B2_000377,img20250709_16270030_trace_sepsis_V1.6-V6.5-SELECTIVE_PRECISION.json,STRONG,TRAITEMENT,antibiotique_adequat_pour,MICRO_ORGANISME,micro_organisme_isole_dans,FOYER_INFECTIEUX,P5_E015,chimiothérapie pour un carcinome épidermoïde,5,P5_E011,pneumopathie postéro-basale bilatérale,5,"A et C présents sur la même page, B absent du document"
B2_000378,img20250709_16270030_trace_sepsis_V1.6-V6.5-SELECTIVE_PRECISION.json,MEDIUM,TRAITEMENT,antibiotique_adequat_pour,MICRO_ORGANISME,micro_organisme_isole_dans,FOYER_INFECTIEUX,P5_E015,chimiothérapie pour un carcinome épidermoïde,5,P6_E002,point de départ pulmonaire,6,"A et C présents dans le document, B absent du document"
B2_000379,img20250709_16270030_trace_sepsis_V1.6-V6.5-SELECTIVE_PRECISION.json,MEDIUM,TRAITEMENT,antibiotique_adequat_pour,MICRO_ORGANISME,micro_organisme_isole_dans,FOYER_INFECTIEUX,P5_E019,prisma,5,P1_E002,point de départ pulmonaire,1,"A et C présents dans le document, B absent du document"
B2_000380,img20250709_16270030_trace_sepsis_V1.6-V6.5-SELECTIVE_PRECISION.json,MEDIUM,TRAITEMENT,antibiotique_adequat_pour,MICRO_ORGANISME,micro_organisme_isole_dans,FOYER_INFECTIEUX,P5_E019,prisma,5,P1_E003,pneumopathie du lobe,1,"A et C présents dans le document, B absent du document"
B2_000381,img20250709_16270030_trace_sepsis_V1.6-V6.5-SELECTIVE_PRECISION.json,MEDIUM,TRAITEMENT,antibiotique_adequat_pour,MICRO_ORGANISME,micro_organisme_isole_dans,FOYER_INFECTIEUX,P5_E019,prisma,5,P4_E024,Pneumopathie bilatérale,4,"A et C présents dans le document, B absent du document"
B2_000382,img20250709_16270030_trace_sepsis_V1.6-V6.5-SELECTIVE_PRECISION.json,STRONG,TRAITEMENT,antibiotique_adequat_pour,MICRO_ORGANISME,micro_organisme_isole_dans,FOYER_INFECTIEUX,P5_E019,prisma,5,P5_E002,point de départ pulmonaire,5,"A et C présents sur la même page, B absent du document"
B2_000383,img20250709_16270030_trace_sepsis_V1.6-V6.5-SELECTIVE_PRECISION.json,STRONG,TRAITEMENT,antibiotique_adequat_pour,MICRO_ORGANISME,micro_organisme_isole_dans,FOYER_INFECTIEUX,P5_E019,prisma,5,P5_E011,pneumopathie postéro-basale bilatérale,5,"A et C présents sur la même page, B absent du document"
B2_000384,img20250709_16270030_trace_sepsis_V1.6-V6.5-SELECTIVE_PRECISION.json,MEDIUM,TRAITEMENT,antibiotique_adequat_pour,MICRO_ORGANISME,micro_organisme_isole_dans,FOYER_INFECTIEUX,P5_E019,prisma,5,P6_E002,point de départ pulmonaire,6,"A et C présents dans le document, B absent du document"
B2_000385,img20250709_16270030_trace_sepsis_V1.6-V6.5-SELECTIVE_PRECISION.json,MEDIUM,TRAITEMENT,antibiotique_adequat_pour,MICRO_ORGANISME,micro_organisme_isole_dans,FOYER_INFECTIEUX,P5_E020,remplissage de 5L,5,P1_E002,point de départ pulmonaire,1,"A et C présents dans le document, B absent du document"
B2_000386,img20250709_16270030_trace_sepsis_V1.6-V6.5-SELECTIVE_PRECISION.json,MEDIUM,TRAITEMENT,antibiotique_adequat_pour,MICRO_ORGANISME,micro_organisme_isole_dans,FOYER_INFECTIEUX,P5_E020,remplissage de 5L,5,P1_E003,pneumopathie du lobe,1,"A et C présents dans le document, B absent du document"
B2_000387,img20250709_16270030_trace_sepsis_V1.6-V6.5-SELECTIVE_PRECISION.json,MEDIUM,TRAITEMENT,antibiotique_adequat_pour,MICRO_ORGANISME,micro_organisme_isole_dans,FOYER_INFECTIEUX,P5_E020,remplissage de 5L,5,P4_E024,Pneumopathie bilatérale,4,"A et C présents dans le document, B absent du document"
B2_000388,img20250709_16270030_trace_sepsis_V1.6-V6.5-SELECTIVE_PRECISION.json,STRONG,TRAITEMENT,antibiotique_adequat_pour,MICRO_ORGANISME,micro_organisme_isole_dans,FOYER_INFECTIEUX,P5_E020,remplissage de 5L,5,P5_E002,point de départ pulmonaire,5,"A et C présents sur la même page, B absent du document"
B2_000389,img20250709_16270030_trace_sepsis_V1.6-V6.5-SELECTIVE_PRECISION.json,STRONG,TRAITEMENT,antibiotique_adequat_pour,MICRO_ORGANISME,micro_organisme_isole_dans,FOYER_INFECTIEUX,P5_E020,remplissage de 5L,5,P5_E011,pneumopathie postéro-basale bilatérale,5,"A et C présents sur la même page, B absent du document"
B2_000390,img20250709_16270030_trace_sepsis_V1.6-V6.5-SELECTIVE_PRECISION.json,MEDIUM,TRAITEMENT,antibiotique_adequat_pour,MICRO_ORGANISME,micro_organisme_isole_dans,FOYER_INFECTIEUX,P5_E020,remplissage de 5L,5,P6_E002,point de départ pulmonaire,6,"A et C présents dans le document, B absent du document"
B2_000391,img20250709_16270030_trace_sepsis_V1.6-V6.5-SELECTIVE_PRECISION.json,MEDIUM,TRAITEMENT,antibiotique_adequat_pour,MICRO_ORGANISME,micro_organisme_isole_dans,FOYER_INFECTIEUX,P5_E021,Adrénaline,5,P1_E002,point de départ pulmonaire,1,"A et C présents dans le document, B absent du document"
B2_000392,img20250709_16270030_trace_sepsis_V1.6-V6.5-SELECTIVE_PRECISION.json,MEDIUM,TRAITEMENT,antibiotique_adequat_pour,MICRO_ORGANISME,micro_organisme_isole_dans,FOYER_INFECTIEUX,P5_E021,Adrénaline,5,P1_E003,pneumopathie du lobe,1,"A et C présents dans le document, B absent du document"
B2_000393,img20250709_16270030_trace_sepsis_V1.6-V6.5-SELECTIVE_PRECISION.json,MEDIUM,TRAITEMENT,antibiotique_adequat_pour,MICRO_ORGANISME,micro_organisme_isole_dans,FOYER_INFECTIEUX,P5_E021,Adrénaline,5,P4_E024,Pneumopathie bilatérale,4,"A et C présents dans le document, B absent du document"
B2_000394,img20250709_16270030_trace_sepsis_V1.6-V6.5-SELECTIVE_PRECISION.json,STRONG,TRAITEMENT,antibiotique_adequat_pour,MICRO_ORGANISME,micro_organisme_isole_dans,FOYER_INFECTIEUX,P5_E021,Adrénaline,5,P5_E002,point de départ pulmonaire,5,"A et C présents sur la même page, B absent du document"
B2_000395,img20250709_16270030_trace_sepsis_V1.6-V6.5-SELECTIVE_PRECISION.json,STRONG,TRAITEMENT,antibiotique_adequat_pour,MICRO_ORGANISME,micro_organisme_isole_dans,FOYER_INFECTIEUX,P5_E021,Adrénaline,5,P5_E011,pneumopathie postéro-basale bilatérale,5,"A et C présents sur la même page, B absent du document"
B2_000396,img20250709_16270030_trace_sepsis_V1.6-V6.5-SELECTIVE_PRECISION.json,MEDIUM,TRAITEMENT,antibiotique_adequat_pour,MICRO_ORGANISME,micro_organisme_isole_dans,FOYER_INFECTIEUX,P5_E021,Adrénaline,5,P6_E002,point de départ pulmonaire,6,"A et C présents dans le document, B absent du document"
B2_000397,img20250709_16270030_trace_sepsis_V1.6-V6.5-SELECTIVE_PRECISION.json,MEDIUM,TRAITEMENT,antibiotique_adequat_pour,MICRO_ORGANISME,micro_organisme_isole_dans,FOYER_INFECTIEUX,P5_E035,transfusion,5,P1_E002,point de départ pulmonaire,1,"A et C présents dans le document, B absent du document"
B2_000398,img20250709_16270030_trace_sepsis_V1.6-V6.5-SELECTIVE_PRECISION.json,MEDIUM,TRAITEMENT,antibiotique_adequat_pour,MICRO_ORGANISME,micro_organisme_isole_dans,FOYER_INFECTIEUX,P5_E035,transfusion,5,P1_E003,pneumopathie du lobe,1,"A et C présents dans le document, B absent du document"
B2_000399,img20250709_16270030_trace_sepsis_V1.6-V6.5-SELECTIVE_PRECISION.json,MEDIUM,TRAITEMENT,antibiotique_adequat_pour,MICRO_ORGANISME,micro_organisme_isole_dans,FOYER_INFECTIEUX,P5_E035,transfusion,5,P4_E024,Pneumopathie bilatérale,4,"A et C présents dans le document, B absent du document"
B2_000400,img20250709_16270030_trace_sepsis_V1.6-V6.5-SELECTIVE_PRECISION.json,STRONG,TRAITEMENT,antibiotique_adequat_pour,MICRO_ORGANISME,micro_organisme_isole_dans,FOYER_INFECTIEUX,P5_E035,transfusion,5,P5_E002,point de départ pulmonaire,5,"A et C présents sur la même page, B absent du document"
B2_000401,img20250709_16270030_trace_sepsis_V1.6-V6.5-SELECTIVE_PRECISION.json,STRONG,TRAITEMENT,antibiotique_adequat_pour,MICRO_ORGANISME,micro_organisme_isole_dans,FOYER_INFECTIEUX,P5_E035,transfusion,5,P5_E011,pneumopathie postéro-basale bilatérale,5,"A et C présents sur la même page, B absent du document"
B2_000402,img20250709_16270030_trace_sepsis_V1.6-V6.5-SELECTIVE_PRECISION.json,MEDIUM,TRAITEMENT,antibiotique_adequat_pour,MICRO_ORGANISME,micro_organisme_isole_dans,FOYER_INFECTIEUX,P5_E035,transfusion,5,P6_E002,point de départ pulmonaire,6,"A et C présents dans le document, B absent du document"
B2_000403,img20250709_16270030_trace_sepsis_V1.6-V6.5-SELECTIVE_PRECISION.json,MEDIUM,TRAITEMENT,antibiotique_adequat_pour,MICRO_ORGANISME,micro_organisme_isole_dans,FOYER_INFECTIEUX,P6_E005,Transfusion,6,P1_E002,point de départ pulmonaire,1,"A et C présents dans le document, B absent du document"
B2_000404,img20250709_16270030_trace_sepsis_V1.6-V6.5-SELECTIVE_PRECISION.json,MEDIUM,TRAITEMENT,antibiotique_adequat_pour,MICRO_ORGANISME,micro_organisme_isole_dans,FOYER_INFECTIEUX,P6_E005,Transfusion,6,P1_E003,pneumopathie du lobe,1,"A et C présents dans le document, B absent du document"
B2_000405,img20250709_16270030_trace_sepsis_V1.6-V6.5-SELECTIVE_PRECISION.json,MEDIUM,TRAITEMENT,antibiotique_adequat_pour,MICRO_ORGANISME,micro_organisme_isole_dans,FOYER_INFECTIEUX,P6_E005,Transfusion,6,P4_E024,Pneumopathie bilatérale,4,"A et C présents dans le document, B absent du document"
B2_000406,img20250709_16270030_trace_sepsis_V1.6-V6.5-SELECTIVE_PRECISION.json,MEDIUM,TRAITEMENT,antibiotique_adequat_pour,MICRO_ORGANISME,micro_organisme_isole_dans,FOYER_INFECTIEUX,P6_E005,Transfusion,6,P5_E002,point de départ pulmonaire,5,"A et C présents dans le document, B absent du document"
B2_000407,img20250709_16270030_trace_sepsis_V1.6-V6.5-SELECTIVE_PRECISION.json,MEDIUM,TRAITEMENT,antibiotique_adequat_pour,MICRO_ORGANISME,micro_organisme_isole_dans,FOYER_INFECTIEUX,P6_E005,Transfusion,6,P5_E011,pneumopathie postéro-basale bilatérale,5,"A et C présents dans le document, B absent du document"
B2_000408,img20250709_16270030_trace_sepsis_V1.6-V6.5-SELECTIVE_PRECISION.json,STRONG,TRAITEMENT,antibiotique_adequat_pour,MICRO_ORGANISME,micro_organisme_isole_dans,FOYER_INFECTIEUX,P6_E005,Transfusion,6,P6_E002,point de départ pulmonaire,6,"A et C présents sur la même page, B absent du document"
B2_000409,img20250709_16270030_trace_sepsis_V1.6-V6.5-SELECTIVE_PRECISION.json,MEDIUM,TRAITEMENT,antibiotique_adequat_pour,MICRO_ORGANISME,micro_organisme_isole_dans,FOYER_INFECTIEUX,P6_E006,Produits ou dérivés sanguins,6,P1_E002,point de départ pulmonaire,1,"A et C présents dans le document, B absent du document"
B2_000410,img20250709_16270030_trace_sepsis_V1.6-V6.5-SELECTIVE_PRECISION.json,MEDIUM,TRAITEMENT,antibiotique_adequat_pour,MICRO_ORGANISME,micro_organisme_isole_dans,FOYER_INFECTIEUX,P6_E006,Produits ou dérivés sanguins,6,P1_E003,pneumopathie du lobe,1,"A et C présents dans le document, B absent du document"
B2_000411,img20250709_16270030_trace_sepsis_V1.6-V6.5-SELECTIVE_PRECISION.json,MEDIUM,TRAITEMENT,antibiotique_adequat_pour,MICRO_ORGANISME,micro_organisme_isole_dans,FOYER_INFECTIEUX,P6_E006,Produits ou dérivés sanguins,6,P4_E024,Pneumopathie bilatérale,4,"A et C présents dans le document, B absent du document"
B2_000412,img20250709_16270030_trace_sepsis_V1.6-V6.5-SELECTIVE_PRECISION.json,MEDIUM,TRAITEMENT,antibiotique_adequat_pour,MICRO_ORGANISME,micro_organisme_isole_dans,FOYER_INFECTIEUX,P6_E006,Produits ou dérivés sanguins,6,P5_E002,point de départ pulmonaire,5,"A et C présents dans le document, B absent du document"
B2_000413,img20250709_16270030_trace_sepsis_V1.6-V6.5-SELECTIVE_PRECISION.json,MEDIUM,TRAITEMENT,antibiotique_adequat_pour,MICRO_ORGANISME,micro_organisme_isole_dans,FOYER_INFECTIEUX,P6_E006,Produits ou dérivés sanguins,6,P5_E011,pneumopathie postéro-basale bilatérale,5,"A et C présents dans le document, B absent du document"
B2_000414,img20250709_16270030_trace_sepsis_V1.6-V6.5-SELECTIVE_PRECISION.json,STRONG,TRAITEMENT,antibiotique_adequat_pour,MICRO_ORGANISME,micro_organisme_isole_dans,FOYER_INFECTIEUX,P6_E006,Produits ou dérivés sanguins,6,P6_E002,point de départ pulmonaire,6,"A et C présents sur la même page, B absent du document"
B2_000415,img20250709_16270030_trace_sepsis_V1.6-V6.5-SELECTIVE_PRECISION.json,STRONG,TRAITEMENT,antibiotique_inadequat_pour,MICRO_ORGANISME,micro_organisme_isole_dans,FOYER_INFECTIEUX,P1_E010,5FU,1,P1_E002,point de départ pulmonaire,1,"A et C présents sur la même page, B absent du document"
B2_000416,img20250709_16270030_trace_sepsis_V1.6-V6.5-SELECTIVE_PRECISION.json,STRONG,TRAITEMENT,antibiotique_inadequat_pour,MICRO_ORGANISME,micro_organisme_isole_dans,FOYER_INFECTIEUX,P1_E010,5FU,1,P1_E003,pneumopathie du lobe,1,"A et C présents sur la même page, B absent du document"
B2_000417,img20250709_16270030_trace_sepsis_V1.6-V6.5-SELECTIVE_PRECISION.json,MEDIUM,TRAITEMENT,antibiotique_inadequat_pour,MICRO_ORGANISME,micro_organisme_isole_dans,FOYER_INFECTIEUX,P1_E010,5FU,1,P4_E024,Pneumopathie bilatérale,4,"A et C présents dans le document, B absent du document"
B2_000418,img20250709_16270030_trace_sepsis_V1.6-V6.5-SELECTIVE_PRECISION.json,MEDIUM,TRAITEMENT,antibiotique_inadequat_pour,MICRO_ORGANISME,micro_organisme_isole_dans,FOYER_INFECTIEUX,P1_E010,5FU,1,P5_E002,point de départ pulmonaire,5,"A et C présents dans le document, B absent du document"
B2_000419,img20250709_16270030_trace_sepsis_V1.6-V6.5-SELECTIVE_PRECISION.json,MEDIUM,TRAITEMENT,antibiotique_inadequat_pour,MICRO_ORGANISME,micro_organisme_isole_dans,FOYER_INFECTIEUX,P1_E010,5FU,1,P5_E011,pneumopathie postéro-basale bilatérale,5,"A et C présents dans le document, B absent du document"
B2_000420,img20250709_16270030_trace_sepsis_V1.6-V6.5-SELECTIVE_PRECISION.json,MEDIUM,TRAITEMENT,antibiotique_inadequat_pour,MICRO_ORGANISME,micro_organisme_isole_dans,FOYER_INFECTIEUX,P1_E010,5FU,1,P6_E002,point de départ pulmonaire,6,"A et C présents dans le document, B absent du document"
B2_000421,img20250709_16270030_trace_sepsis_V1.6-V6.5-SELECTIVE_PRECISION.json,STRONG,TRAITEMENT,antibiotique_inadequat_pour,MICRO_ORGANISME,micro_organisme_isole_dans,FOYER_INFECTIEUX,P1_E011,Cisplatine,1,P1_E002,point de départ pulmonaire,1,"A et C présents sur la même page, B absent du document"
B2_000422,img20250709_16270030_trace_sepsis_V1.6-V6.5-SELECTIVE_PRECISION.json,STRONG,TRAITEMENT,antibiotique_inadequat_pour,MICRO_ORGANISME,micro_organisme_isole_dans,FOYER_INFECTIEUX,P1_E011,Cisplatine,1,P1_E003,pneumopathie du lobe,1,"A et C présents sur la même page, B absent du document"
B2_000423,img20250709_16270030_trace_sepsis_V1.6-V6.5-SELECTIVE_PRECISION.json,MEDIUM,TRAITEMENT,antibiotique_inadequat_pour,MICRO_ORGANISME,micro_organisme_isole_dans,FOYER_INFECTIEUX,P1_E011,Cisplatine,1,P4_E024,Pneumopathie bilatérale,4,"A et C présents dans le document, B absent du document"
B2_000424,img20250709_16270030_trace_sepsis_V1.6-V6.5-SELECTIVE_PRECISION.json,MEDIUM,TRAITEMENT,antibiotique_inadequat_pour,MICRO_ORGANISME,micro_organisme_isole_dans,FOYER_INFECTIEUX,P1_E011,Cisplatine,1,P5_E002,point de départ pulmonaire,5,"A et C présents dans le document, B absent du document"
B2_000425,img20250709_16270030_trace_sepsis_V1.6-V6.5-SELECTIVE_PRECISION.json,MEDIUM,TRAITEMENT,antibiotique_inadequat_pour,MICRO_ORGANISME,micro_organisme_isole_dans,FOYER_INFECTIEUX,P1_E011,Cisplatine,1,P5_E011,pneumopathie postéro-basale bilatérale,5,"A et C présents dans le document, B absent du document"
B2_000426,img20250709_16270030_trace_sepsis_V1.6-V6.5-SELECTIVE_PRECISION.json,MEDIUM,TRAITEMENT,antibiotique_inadequat_pour,MICRO_ORGANISME,micro_organisme_isole_dans,FOYER_INFECTIEUX,P1_E011,Cisplatine,1,P6_E002,point de départ pulmonaire,6,"A et C présents dans le document, B absent du document"
B2_000427,img20250709_16270030_trace_sepsis_V1.6-V6.5-SELECTIVE_PRECISION.json,MEDIUM,TRAITEMENT,antibiotique_inadequat_pour,MICRO_ORGANISME,micro_organisme_isole_dans,FOYER_INFECTIEUX,P2_E001,Augmentin,2,P1_E002,point de départ pulmonaire,1,"A et C présents dans le document, B absent du document"
B2_000428,img20250709_16270030_trace_sepsis_V1.6-V6.5-SELECTIVE_PRECISION.json,MEDIUM,TRAITEMENT,antibiotique_inadequat_pour,MICRO_ORGANISME,micro_organisme_isole_dans,FOYER_INFECTIEUX,P2_E001,Augmentin,2,P1_E003,pneumopathie du lobe,1,"A et C présents dans le document, B absent du document"
B2_000429,img20250709_16270030_trace_sepsis_V1.6-V6.5-SELECTIVE_PRECISION.json,MEDIUM,TRAITEMENT,antibiotique_inadequat_pour,MICRO_ORGANISME,micro_organisme_isole_dans,FOYER_INFECTIEUX,P2_E001,Augmentin,2,P4_E024,Pneumopathie bilatérale,4,"A et C présents dans le document, B absent du document"
B2_000430,img20250709_16270030_trace_sepsis_V1.6-V6.5-SELECTIVE_PRECISION.json,MEDIUM,TRAITEMENT,antibiotique_inadequat_pour,MICRO_ORGANISME,micro_organisme_isole_dans,FOYER_INFECTIEUX,P2_E001,Augmentin,2,P5_E002,point de départ pulmonaire,5,"A et C présents dans le document, B absent du document"
B2_000431,img20250709_16270030_trace_sepsis_V1.6-V6.5-SELECTIVE_PRECISION.json,MEDIUM,TRAITEMENT,antibiotique_inadequat_pour,MICRO_ORGANISME,micro_organisme_isole_dans,FOYER_INFECTIEUX,P2_E001,Augmentin,2,P5_E011,pneumopathie postéro-basale bilatérale,5,"A et C présents dans le document, B absent du document"
B2_000432,img20250709_16270030_trace_sepsis_V1.6-V6.5-SELECTIVE_PRECISION.json,MEDIUM,TRAITEMENT,antibiotique_inadequat_pour,MICRO_ORGANISME,micro_organisme_isole_dans,FOYER_INFECTIEUX,P2_E001,Augmentin,2,P6_E002,point de départ pulmonaire,6,"A et C présents dans le document, B absent du document"
B2_000433,img20250709_16270030_trace_sepsis_V1.6-V6.5-SELECTIVE_PRECISION.json,MEDIUM,TRAITEMENT,antibiotique_inadequat_pour,MICRO_ORGANISME,micro_organisme_isole_dans,FOYER_INFECTIEUX,P2_E002,Rocéphine,2,P1_E002,point de départ pulmonaire,1,"A et C présents dans le document, B absent du document"
B2_000434,img20250709_16270030_trace_sepsis_V1.6-V6.5-SELECTIVE_PRECISION.json,MEDIUM,TRAITEMENT,antibiotique_inadequat_pour,MICRO_ORGANISME,micro_organisme_isole_dans,FOYER_INFECTIEUX,P2_E002,Rocéphine,2,P1_E003,pneumopathie du lobe,1,"A et C présents dans le document, B absent du document"
B2_000435,img20250709_16270030_trace_sepsis_V1.6-V6.5-SELECTIVE_PRECISION.json,MEDIUM,TRAITEMENT,antibiotique_inadequat_pour,MICRO_ORGANISME,micro_organisme_isole_dans,FOYER_INFECTIEUX,P2_E002,Rocéphine,2,P4_E024,Pneumopathie bilatérale,4,"A et C présents dans le document, B absent du document"
B2_000436,img20250709_16270030_trace_sepsis_V1.6-V6.5-SELECTIVE_PRECISION.json,MEDIUM,TRAITEMENT,antibiotique_inadequat_pour,MICRO_ORGANISME,micro_organisme_isole_dans,FOYER_INFECTIEUX,P2_E002,Rocéphine,2,P5_E002,point de départ pulmonaire,5,"A et C présents dans le document, B absent du document"
B2_000437,img20250709_16270030_trace_sepsis_V1.6-V6.5-SELECTIVE_PRECISION.json,MEDIUM,TRAITEMENT,antibiotique_inadequat_pour,MICRO_ORGANISME,micro_organisme_isole_dans,FOYER_INFECTIEUX,P2_E002,Rocéphine,2,P5_E011,pneumopathie postéro-basale bilatérale,5,"A et C présents dans le document, B absent du document"
B2_000438,img20250709_16270030_trace_sepsis_V1.6-V6.5-SELECTIVE_PRECISION.json,MEDIUM,TRAITEMENT,antibiotique_inadequat_pour,MICRO_ORGANISME,micro_organisme_isole_dans,FOYER_INFECTIEUX,P2_E002,Rocéphine,2,P6_E002,point de départ pulmonaire,6,"A et C présents dans le document, B absent du document"
B2_000439,img20250709_16270030_trace_sepsis_V1.6-V6.5-SELECTIVE_PRECISION.json,MEDIUM,TRAITEMENT,antibiotique_inadequat_pour,MICRO_ORGANISME,micro_organisme_isole_dans,FOYER_INFECTIEUX,P2_E003,amiklin,2,P1_E002,point de départ pulmonaire,1,"A et C présents dans le document, B absent du document"
B2_000440,img20250709_16270030_trace_sepsis_V1.6-V6.5-SELECTIVE_PRECISION.json,MEDIUM,TRAITEMENT,antibiotique_inadequat_pour,MICRO_ORGANISME,micro_organisme_isole_dans,FOYER_INFECTIEUX,P2_E003,amiklin,2,P1_E003,pneumopathie du lobe,1,"A et C présents dans le document, B absent du document"
B2_000441,img20250709_16270030_trace_sepsis_V1.6-V6.5-SELECTIVE_PRECISION.json,MEDIUM,TRAITEMENT,antibiotique_inadequat_pour,MICRO_ORGANISME,micro_organisme_isole_dans,FOYER_INFECTIEUX,P2_E003,amiklin,2,P4_E024,Pneumopathie bilatérale,4,"A et C présents dans le document, B absent du document"
B2_000442,img20250709_16270030_trace_sepsis_V1.6-V6.5-SELECTIVE_PRECISION.json,MEDIUM,TRAITEMENT,antibiotique_inadequat_pour,MICRO_ORGANISME,micro_organisme_isole_dans,FOYER_INFECTIEUX,P2_E003,amiklin,2,P5_E002,point de départ pulmonaire,5,"A et C présents dans le document, B absent du document"
B2_000443,img20250709_16270030_trace_sepsis_V1.6-V6.5-SELECTIVE_PRECISION.json,MEDIUM,TRAITEMENT,antibiotique_inadequat_pour,MICRO_ORGANISME,micro_organisme_isole_dans,FOYER_INFECTIEUX,P2_E003,amiklin,2,P5_E011,pneumopathie postéro-basale bilatérale,5,"A et C présents dans le document, B absent du document"
B2_000444,img20250709_16270030_trace_sepsis_V1.6-V6.5-SELECTIVE_PRECISION.json,MEDIUM,TRAITEMENT,antibiotique_inadequat_pour,MICRO_ORGANISME,micro_organisme_isole_dans,FOYER_INFECTIEUX,P2_E003,amiklin,2,P6_E002,point de départ pulmonaire,6,"A et C présents dans le document, B absent du document"
B2_000445,img20250709_16270030_trace_sepsis_V1.6-V6.5-SELECTIVE_PRECISION.json,MEDIUM,TRAITEMENT,antibiotique_inadequat_pour,MICRO_ORGANISME,micro_organisme_isole_dans,FOYER_INFECTIEUX,P2_E004,Flagyl,2,P1_E002,point de départ pulmonaire,1,"A et C présents dans le document, B absent du document"
B2_000446,img20250709_16270030_trace_sepsis_V1.6-V6.5-SELECTIVE_PRECISION.json,MEDIUM,TRAITEMENT,antibiotique_inadequat_pour,MICRO_ORGANISME,micro_organisme_isole_dans,FOYER_INFECTIEUX,P2_E004,Flagyl,2,P1_E003,pneumopathie du lobe,1,"A et C présents dans le document, B absent du document"
B2_000447,img20250709_16270030_trace_sepsis_V1.6-V6.5-SELECTIVE_PRECISION.json,MEDIUM,TRAITEMENT,antibiotique_inadequat_pour,MICRO_ORGANISME,micro_organisme_isole_dans,FOYER_INFECTIEUX,P2_E004,Flagyl,2,P4_E024,Pneumopathie bilatérale,4,"A et C présents dans le document, B absent du document"
B2_000448,img20250709_16270030_trace_sepsis_V1.6-V6.5-SELECTIVE_PRECISION.json,MEDIUM,TRAITEMENT,antibiotique_inadequat_pour,MICRO_ORGANISME,micro_organisme_isole_dans,FOYER_INFECTIEUX,P2_E004,Flagyl,2,P5_E002,point de départ pulmonaire,5,"A et C présents dans le document, B absent du document"
B2_000449,img20250709_16270030_trace_sepsis_V1.6-V6.5-SELECTIVE_PRECISION.json,MEDIUM,TRAITEMENT,antibiotique_inadequat_pour,MICRO_ORGANISME,micro_organisme_isole_dans,FOYER_INFECTIEUX,P2_E004,Flagyl,2,P5_E011,pneumopathie postéro-basale bilatérale,5,"A et C présents dans le document, B absent du document"
B2_000450,img20250709_16270030_trace_sepsis_V1.6-V6.5-SELECTIVE_PRECISION.json,MEDIUM,TRAITEMENT,antibiotique_inadequat_pour,MICRO_ORGANISME,micro_organisme_isole_dans,FOYER_INFECTIEUX,P2_E004,Flagyl,2,P6_E002,point de départ pulmonaire,6,"A et C présents dans le document, B absent du document"
B2_000451,img20250709_16270030_trace_sepsis_V1.6-V6.5-SELECTIVE_PRECISION.json,MEDIUM,TRAITEMENT,antibiotique_inadequat_pour,MICRO_ORGANISME,micro_organisme_isole_dans,FOYER_INFECTIEUX,P2_E005,voluven,2,P1_E002,point de départ pulmonaire,1,"A et C présents dans le document, B absent du document"
B2_000452,img20250709_16270030_trace_sepsis_V1.6-V6.5-SELECTIVE_PRECISION.json,MEDIUM,TRAITEMENT,antibiotique_inadequat_pour,MICRO_ORGANISME,micro_organisme_isole_dans,FOYER_INFECTIEUX,P2_E005,voluven,2,P1_E003,pneumopathie du lobe,1,"A et C présents dans le document, B absent du document"
B2_000453,img20250709_16270030_trace_sepsis_V1.6-V6.5-SELECTIVE_PRECISION.json,MEDIUM,TRAITEMENT,antibiotique_inadequat_pour,MICRO_ORGANISME,micro_organisme_isole_dans,FOYER_INFECTIEUX,P2_E005,voluven,2,P4_E024,Pneumopathie bilatérale,4,"A et C présents dans le document, B absent du document"
B2_000454,img20250709_16270030_trace_sepsis_V1.6-V6.5-SELECTIVE_PRECISION.json,MEDIUM,TRAITEMENT,antibiotique_inadequat_pour,MICRO_ORGANISME,micro_organisme_isole_dans,FOYER_INFECTIEUX,P2_E005,voluven,2,P5_E002,point de départ pulmonaire,5,"A et C présents dans le document, B absent du document"
B2_000455,img20250709_16270030_trace_sepsis_V1.6-V6.5-SELECTIVE_PRECISION.json,MEDIUM,TRAITEMENT,antibiotique_inadequat_pour,MICRO_ORGANISME,micro_organisme_isole_dans,FOYER_INFECTIEUX,P2_E005,voluven,2,P5_E011,pneumopathie postéro-basale bilatérale,5,"A et C présents dans le document, B absent du document"
B2_000456,img20250709_16270030_trace_sepsis_V1.6-V6.5-SELECTIVE_PRECISION.json,MEDIUM,TRAITEMENT,antibiotique_inadequat_pour,MICRO_ORGANISME,micro_organisme_isole_dans,FOYER_INFECTIEUX,P2_E005,voluven,2,P6_E002,point de départ pulmonaire,6,"A et C présents dans le document, B absent du document"
B2_000457,img20250709_16270030_trace_sepsis_V1.6-V6.5-SELECTIVE_PRECISION.json,MEDIUM,TRAITEMENT,antibiotique_inadequat_pour,MICRO_ORGANISME,micro_organisme_isole_dans,FOYER_INFECTIEUX,P2_E013,Noradrénaline,2,P1_E002,point de départ pulmonaire,1,"A et C présents dans le document, B absent du document"
B2_000458,img20250709_16270030_trace_sepsis_V1.6-V6.5-SELECTIVE_PRECISION.json,MEDIUM,TRAITEMENT,antibiotique_inadequat_pour,MICRO_ORGANISME,micro_organisme_isole_dans,FOYER_INFECTIEUX,P2_E013,Noradrénaline,2,P1_E003,pneumopathie du lobe,1,"A et C présents dans le document, B absent du document"
B2_000459,img20250709_16270030_trace_sepsis_V1.6-V6.5-SELECTIVE_PRECISION.json,MEDIUM,TRAITEMENT,antibiotique_inadequat_pour,MICRO_ORGANISME,micro_organisme_isole_dans,FOYER_INFECTIEUX,P2_E013,Noradrénaline,2,P4_E024,Pneumopathie bilatérale,4,"A et C présents dans le document, B absent du document"
B2_000460,img20250709_16270030_trace_sepsis_V1.6-V6.5-SELECTIVE_PRECISION.json,MEDIUM,TRAITEMENT,antibiotique_inadequat_pour,MICRO_ORGANISME,micro_organisme_isole_dans,FOYER_INFECTIEUX,P2_E013,Noradrénaline,2,P5_E002,point de départ pulmonaire,5,"A et C présents dans le document, B absent du document"
B2_000461,img20250709_16270030_trace_sepsis_V1.6-V6.5-SELECTIVE_PRECISION.json,MEDIUM,TRAITEMENT,antibiotique_inadequat_pour,MICRO_ORGANISME,micro_organisme_isole_dans,FOYER_INFECTIEUX,P2_E013,Noradrénaline,2,P5_E011,pneumopathie postéro-basale bilatérale,5,"A et C présents dans le document, B absent du document"
B2_000462,img20250709_16270030_trace_sepsis_V1.6-V6.5-SELECTIVE_PRECISION.json,MEDIUM,TRAITEMENT,antibiotique_inadequat_pour,MICRO_ORGANISME,micro_organisme_isole_dans,FOYER_INFECTIEUX,P2_E013,Noradrénaline,2,P6_E002,point de départ pulmonaire,6,"A et C présents dans le document, B absent du document"
B2_000463,img20250709_16270030_trace_sepsis_V1.6-V6.5-SELECTIVE_PRECISION.json,MEDIUM,TRAITEMENT,antibiotique_inadequat_pour,MICRO_ORGANISME,micro_organisme_isole_dans,FOYER_INFECTIEUX,P2_E015,Hypnovel,2,P1_E002,point de départ pulmonaire,1,"A et C présents dans le document, B absent du document"
B2_000464,img20250709_16270030_trace_sepsis_V1.6-V6.5-SELECTIVE_PRECISION.json,MEDIUM,TRAITEMENT,antibiotique_inadequat_pour,MICRO_ORGANISME,micro_organisme_isole_dans,FOYER_INFECTIEUX,P2_E015,Hypnovel,2,P1_E003,pneumopathie du lobe,1,"A et C présents dans le document, B absent du document"
B2_000465,img20250709_16270030_trace_sepsis_V1.6-V6.5-SELECTIVE_PRECISION.json,MEDIUM,TRAITEMENT,antibiotique_inadequat_pour,MICRO_ORGANISME,micro_organisme_isole_dans,FOYER_INFECTIEUX,P2_E015,Hypnovel,2,P4_E024,Pneumopathie bilatérale,4,"A et C présents dans le document, B absent du document"
B2_000466,img20250709_16270030_trace_sepsis_V1.6-V6.5-SELECTIVE_PRECISION.json,MEDIUM,TRAITEMENT,antibiotique_inadequat_pour,MICRO_ORGANISME,micro_organisme_isole_dans,FOYER_INFECTIEUX,P2_E015,Hypnovel,2,P5_E002,point de départ pulmonaire,5,"A et C présents dans le document, B absent du document"
B2_000467,img20250709_16270030_trace_sepsis_V1.6-V6.5-SELECTIVE_PRECISION.json,MEDIUM,TRAITEMENT,antibiotique_inadequat_pour,MICRO_ORGANISME,micro_organisme_isole_dans,FOYER_INFECTIEUX,P2_E015,Hypnovel,2,P5_E011,pneumopathie postéro-basale bilatérale,5,"A et C présents dans le document, B absent du document"
B2_000468,img20250709_16270030_trace_sepsis_V1.6-V6.5-SELECTIVE_PRECISION.json,MEDIUM,TRAITEMENT,antibiotique_inadequat_pour,MICRO_ORGANISME,micro_organisme_isole_dans,FOYER_INFECTIEUX,P2_E015,Hypnovel,2,P6_E002,point de départ pulmonaire,6,"A et C présents dans le document, B absent du document"
B2_000469,img20250709_16270030_trace_sepsis_V1.6-V6.5-SELECTIVE_PRECISION.json,MEDIUM,TRAITEMENT,antibiotique_inadequat_pour,MICRO_ORGANISME,micro_organisme_isole_dans,FOYER_INFECTIEUX,P2_E017,Sufentanyl,2,P1_E002,point de départ pulmonaire,1,"A et C présents dans le document, B absent du document"
B2_000470,img20250709_16270030_trace_sepsis_V1.6-V6.5-SELECTIVE_PRECISION.json,MEDIUM,TRAITEMENT,antibiotique_inadequat_pour,MICRO_ORGANISME,micro_organisme_isole_dans,FOYER_INFECTIEUX,P2_E017,Sufentanyl,2,P1_E003,pneumopathie du lobe,1,"A et C présents dans le document, B absent du document"
B2_000471,img20250709_16270030_trace_sepsis_V1.6-V6.5-SELECTIVE_PRECISION.json,MEDIUM,TRAITEMENT,antibiotique_inadequat_pour,MICRO_ORGANISME,micro_organisme_isole_dans,FOYER_INFECTIEUX,P2_E017,Sufentanyl,2,P4_E024,Pneumopathie bilatérale,4,"A et C présents dans le document, B absent du document"
B2_000472,img20250709_16270030_trace_sepsis_V1.6-V6.5-SELECTIVE_PRECISION.json,MEDIUM,TRAITEMENT,antibiotique_inadequat_pour,MICRO_ORGANISME,micro_organisme_isole_dans,FOYER_INFECTIEUX,P2_E017,Sufentanyl,2,P5_E002,point de départ pulmonaire,5,"A et C présents dans le document, B absent du document"
B2_000473,img20250709_16270030_trace_sepsis_V1.6-V6.5-SELECTIVE_PRECISION.json,MEDIUM,TRAITEMENT,antibiotique_inadequat_pour,MICRO_ORGANISME,micro_organisme_isole_dans,FOYER_INFECTIEUX,P2_E017,Sufentanyl,2,P5_E011,pneumopathie postéro-basale bilatérale,5,"A et C présents dans le document, B absent du document"
B2_000474,img20250709_16270030_trace_sepsis_V1.6-V6.5-SELECTIVE_PRECISION.json,MEDIUM,TRAITEMENT,antibiotique_inadequat_pour,MICRO_ORGANISME,micro_organisme_isole_dans,FOYER_INFECTIEUX,P2_E017,Sufentanyl,2,P6_E002,point de départ pulmonaire,6,"A et C présents dans le document, B absent du document"
B2_000475,img20250709_16270030_trace_sepsis_V1.6-V6.5-SELECTIVE_PRECISION.json,MEDIUM,TRAITEMENT,antibiotique_inadequat_pour,MICRO_ORGANISME,micro_organisme_isole_dans,FOYER_INFECTIEUX,P2_E025,sérum physiologique,2,P1_E002,point de départ pulmonaire,1,"A et C présents dans le document, B absent du document"
B2_000476,img20250709_16270030_trace_sepsis_V1.6-V6.5-SELECTIVE_PRECISION.json,MEDIUM,TRAITEMENT,antibiotique_inadequat_pour,MICRO_ORGANISME,micro_organisme_isole_dans,FOYER_INFECTIEUX,P2_E025,sérum physiologique,2,P1_E003,pneumopathie du lobe,1,"A et C présents dans le document, B absent du document"
B2_000477,img20250709_16270030_trace_sepsis_V1.6-V6.5-SELECTIVE_PRECISION.json,MEDIUM,TRAITEMENT,antibiotique_inadequat_pour,MICRO_ORGANISME,micro_organisme_isole_dans,FOYER_INFECTIEUX,P2_E025,sérum physiologique,2,P4_E024,Pneumopathie bilatérale,4,"A et C présents dans le document, B absent du document"
B2_000478,img20250709_16270030_trace_sepsis_V1.6-V6.5-SELECTIVE_PRECISION.json,MEDIUM,TRAITEMENT,antibiotique_inadequat_pour,MICRO_ORGANISME,micro_organisme_isole_dans,FOYER_INFECTIEUX,P2_E025,sérum physiologique,2,P5_E002,point de départ pulmonaire,5,"A et C présents dans le document, B absent du document"
B2_000479,img20250709_16270030_trace_sepsis_V1.6-V6.5-SELECTIVE_PRECISION.json,MEDIUM,TRAITEMENT,antibiotique_inadequat_pour,MICRO_ORGANISME,micro_organisme_isole_dans,FOYER_INFECTIEUX,P2_E025,sérum physiologique,2,P5_E011,pneumopathie postéro-basale bilatérale,5,"A et C présents dans le document, B absent du document"
B2_000480,img20250709_16270030_trace_sepsis_V1.6-V6.5-SELECTIVE_PRECISION.json,MEDIUM,TRAITEMENT,antibiotique_inadequat_pour,MICRO_ORGANISME,micro_organisme_isole_dans,FOYER_INFECTIEUX,P2_E025,sérum physiologique,2,P6_E002,point de départ pulmonaire,6,"A et C présents dans le document, B absent du document"
B2_000481,img20250709_16270030_trace_sepsis_V1.6-V6.5-SELECTIVE_PRECISION.json,MEDIUM,TRAITEMENT,antibiotique_inadequat_pour,MICRO_ORGANISME,micro_organisme_isole_dans,FOYER_INFECTIEUX,P2_E028,intubé,2,P1_E002,point de départ pulmonaire,1,"A et C présents dans le document, B absent du document"
B2_000482,img20250709_16270030_trace_sepsis_V1.6-V6.5-SELECTIVE_PRECISION.json,MEDIUM,TRAITEMENT,antibiotique_inadequat_pour,MICRO_ORGANISME,micro_organisme_isole_dans,FOYER_INFECTIEUX,P2_E028,intubé,2,P1_E003,pneumopathie du lobe,1,"A et C présents dans le document, B absent du document"
B2_000483,img20250709_16270030_trace_sepsis_V1.6-V6.5-SELECTIVE_PRECISION.json,MEDIUM,TRAITEMENT,antibiotique_inadequat_pour,MICRO_ORGANISME,micro_organisme_isole_dans,FOYER_INFECTIEUX,P2_E028,intubé,2,P4_E024,Pneumopathie bilatérale,4,"A et C présents dans le document, B absent du document"
B2_000484,img20250709_16270030_trace_sepsis_V1.6-V6.5-SELECTIVE_PRECISION.json,MEDIUM,TRAITEMENT,antibiotique_inadequat_pour,MICRO_ORGANISME,micro_organisme_isole_dans,FOYER_INFECTIEUX,P2_E028,intubé,2,P5_E002,point de départ pulmonaire,5,"A et C présents dans le document, B absent du document"
B2_000485,img20250709_16270030_trace_sepsis_V1.6-V6.5-SELECTIVE_PRECISION.json,MEDIUM,TRAITEMENT,antibiotique_inadequat_pour,MICRO_ORGANISME,micro_organisme_isole_dans,FOYER_INFECTIEUX,P2_E028,intubé,2,P5_E011,pneumopathie postéro-basale bilatérale,5,"A et C présents dans le document, B absent du document"
B2_000486,img20250709_16270030_trace_sepsis_V1.6-V6.5-SELECTIVE_PRECISION.json,MEDIUM,TRAITEMENT,antibiotique_inadequat_pour,MICRO_ORGANISME,micro_organisme_isole_dans,FOYER_INFECTIEUX,P2_E028,intubé,2,P6_E002,point de départ pulmonaire,6,"A et C présents dans le document, B absent du document"
B2_000487,img20250709_16270030_trace_sepsis_V1.6-V6.5-SELECTIVE_PRECISION.json,MEDIUM,TRAITEMENT,antibiotique_inadequat_pour,MICRO_ORGANISME,micro_organisme_isole_dans,FOYER_INFECTIEUX,P2_E036,oxygénodépendant,2,P1_E002,point de départ pulmonaire,1,"A et C présents dans le document, B absent du document"
B2_000488,img20250709_16270030_trace_sepsis_V1.6-V6.5-SELECTIVE_PRECISION.json,MEDIUM,TRAITEMENT,antibiotique_inadequat_pour,MICRO_ORGANISME,micro_organisme_isole_dans,FOYER_INFECTIEUX,P2_E036,oxygénodépendant,2,P1_E003,pneumopathie du lobe,1,"A et C présents dans le document, B absent du document"
B2_000489,img20250709_16270030_trace_sepsis_V1.6-V6.5-SELECTIVE_PRECISION.json,MEDIUM,TRAITEMENT,antibiotique_inadequat_pour,MICRO_ORGANISME,micro_organisme_isole_dans,FOYER_INFECTIEUX,P2_E036,oxygénodépendant,2,P4_E024,Pneumopathie bilatérale,4,"A et C présents dans le document, B absent du document"
B2_000490,img20250709_16270030_trace_sepsis_V1.6-V6.5-SELECTIVE_PRECISION.json,MEDIUM,TRAITEMENT,antibiotique_inadequat_pour,MICRO_ORGANISME,micro_organisme_isole_dans,FOYER_INFECTIEUX,P2_E036,oxygénodépendant,2,P5_E002,point de départ pulmonaire,5,"A et C présents dans le document, B absent du document"
B2_000491,img20250709_16270030_trace_sepsis_V1.6-V6.5-SELECTIVE_PRECISION.json,MEDIUM,TRAITEMENT,antibiotique_inadequat_pour,MICRO_ORGANISME,micro_organisme_isole_dans,FOYER_INFECTIEUX,P2_E036,oxygénodépendant,2,P5_E011,pneumopathie postéro-basale bilatérale,5,"A et C présents dans le document, B absent du document"
B2_000492,img20250709_16270030_trace_sepsis_V1.6-V6.5-SELECTIVE_PRECISION.json,MEDIUM,TRAITEMENT,antibiotique_inadequat_pour,MICRO_ORGANISME,micro_organisme_isole_dans,FOYER_INFECTIEUX,P2_E036,oxygénodépendant,2,P6_E002,point de départ pulmonaire,6,"A et C présents dans le document, B absent du document"
B2_000493,img20250709_16270030_trace_sepsis_V1.6-V6.5-SELECTIVE_PRECISION.json,MEDIUM,TRAITEMENT,antibiotique_inadequat_pour,MICRO_ORGANISME,micro_organisme_isole_dans,FOYER_INFECTIEUX,P2_E039,Patient ventilé,2,P1_E002,point de départ pulmonaire,1,"A et C présents dans le document, B absent du document"
B2_000494,img20250709_16270030_trace_sepsis_V1.6-V6.5-SELECTIVE_PRECISION.json,MEDIUM,TRAITEMENT,antibiotique_inadequat_pour,MICRO_ORGANISME,micro_organisme_isole_dans,FOYER_INFECTIEUX,P2_E039,Patient ventilé,2,P1_E003,pneumopathie du lobe,1,"A et C présents dans le document, B absent du document"
B2_000495,img20250709_16270030_trace_sepsis_V1.6-V6.5-SELECTIVE_PRECISION.json,MEDIUM,TRAITEMENT,antibiotique_inadequat_pour,MICRO_ORGANISME,micro_organisme_isole_dans,FOYER_INFECTIEUX,P2_E039,Patient ventilé,2,P4_E024,Pneumopathie bilatérale,4,"A et C présents dans le document, B absent du document"
B2_000496,img20250709_16270030_trace_sepsis_V1.6-V6.5-SELECTIVE_PRECISION.json,MEDIUM,TRAITEMENT,antibiotique_inadequat_pour,MICRO_ORGANISME,micro_organisme_isole_dans,FOYER_INFECTIEUX,P2_E039,Patient ventilé,2,P5_E002,point de départ pulmonaire,5,"A et C présents dans le document, B absent du document"
B2_000497,img20250709_16270030_trace_sepsis_V1.6-V6.5-SELECTIVE_PRECISION.json,MEDIUM,TRAITEMENT,antibiotique_inadequat_pour,MICRO_ORGANISME,micro_organisme_isole_dans,FOYER_INFECTIEUX,P2_E039,Patient ventilé,2,P5_E011,pneumopathie postéro-basale bilatérale,5,"A et C présents dans le document, B absent du document"
B2_000498,img20250709_16270030_trace_sepsis_V1.6-V6.5-SELECTIVE_PRECISION.json,MEDIUM,TRAITEMENT,antibiotique_inadequat_pour,MICRO_ORGANISME,micro_organisme_isole_dans,FOYER_INFECTIEUX,P2_E039,Patient ventilé,2,P6_E002,point de départ pulmonaire,6,"A et C présents dans le document, B absent du document"
B2_000499,img20250709_16270030_trace_sepsis_V1.6-V6.5-SELECTIVE_PRECISION.json,MEDIUM,TRAITEMENT,antibiotique_inadequat_pour,MICRO_ORGANISME,micro_organisme_isole_dans,FOYER_INFECTIEUX,P2_E059,O2,2,P1_E002,point de départ pulmonaire,1,"A et C présents dans le document, B absent du document"
B2_000500,img20250709_16270030_trace_sepsis_V1.6-V6.5-SELECTIVE_PRECISION.json,MEDIUM,TRAITEMENT,antibiotique_inadequat_pour,MICRO_ORGANISME,micro_organisme_isole_dans,FOYER_INFECTIEUX,P2_E059,O2,2,P1_E003,pneumopathie du lobe,1,"A et C présents dans le document, B absent du document"
B2_000501,img20250709_16270030_trace_sepsis_V1.6-V6.5-SELECTIVE_PRECISION.json,MEDIUM,TRAITEMENT,antibiotique_inadequat_pour,MICRO_ORGANISME,micro_organisme_isole_dans,FOYER_INFECTIEUX,P2_E059,O2,2,P4_E024,Pneumopathie bilatérale,4,"A et C présents dans le document, B absent du document"
B2_000502,img20250709_16270030_trace_sepsis_V1.6-V6.5-SELECTIVE_PRECISION.json,MEDIUM,TRAITEMENT,antibiotique_inadequat_pour,MICRO_ORGANISME,micro_organisme_isole_dans,FOYER_INFECTIEUX,P2_E059,O2,2,P5_E002,point de départ pulmonaire,5,"A et C présents dans le document, B absent du document"
B2_000503,img20250709_16270030_trace_sepsis_V1.6-V6.5-SELECTIVE_PRECISION.json,MEDIUM,TRAITEMENT,antibiotique_inadequat_pour,MICRO_ORGANISME,micro_organisme_isole_dans,FOYER_INFECTIEUX,P2_E059,O2,2,P5_E011,pneumopathie postéro-basale bilatérale,5,"A et C présents dans le document, B absent du document"
B2_000504,img20250709_16270030_trace_sepsis_V1.6-V6.5-SELECTIVE_PRECISION.json,MEDIUM,TRAITEMENT,antibiotique_inadequat_pour,MICRO_ORGANISME,micro_organisme_isole_dans,FOYER_INFECTIEUX,P2_E059,O2,2,P6_E002,point de départ pulmonaire,6,"A et C présents dans le document, B absent du document"
B2_000505,img20250709_16270030_trace_sepsis_V1.6-V6.5-SELECTIVE_PRECISION.json,MEDIUM,TRAITEMENT,antibiotique_inadequat_pour,MICRO_ORGANISME,micro_organisme_isole_dans,FOYER_INFECTIEUX,P5_E003,remplissage par voluven et sérum physiologique,5,P1_E002,point de départ pulmonaire,1,"A et C présents dans le document, B absent du document"
B2_000506,img20250709_16270030_trace_sepsis_V1.6-V6.5-SELECTIVE_PRECISION.json,MEDIUM,TRAITEMENT,antibiotique_inadequat_pour,MICRO_ORGANISME,micro_organisme_isole_dans,FOYER_INFECTIEUX,P5_E003,remplissage par voluven et sérum physiologique,5,P1_E003,pneumopathie du lobe,1,"A et C présents dans le document, B absent du document"
B2_000507,img20250709_16270030_trace_sepsis_V1.6-V6.5-SELECTIVE_PRECISION.json,MEDIUM,TRAITEMENT,antibiotique_inadequat_pour,MICRO_ORGANISME,micro_organisme_isole_dans,FOYER_INFECTIEUX,P5_E003,remplissage par voluven et sérum physiologique,5,P4_E024,Pneumopathie bilatérale,4,"A et C présents dans le document, B absent du document"
B2_000508,img20250709_16270030_trace_sepsis_V1.6-V6.5-SELECTIVE_PRECISION.json,STRONG,TRAITEMENT,antibiotique_inadequat_pour,MICRO_ORGANISME,micro_organisme_isole_dans,FOYER_INFECTIEUX,P5_E003,remplissage par voluven et sérum physiologique,5,P5_E002,point de départ pulmonaire,5,"A et C présents sur la même page, B absent du document"
B2_000509,img20250709_16270030_trace_sepsis_V1.6-V6.5-SELECTIVE_PRECISION.json,STRONG,TRAITEMENT,antibiotique_inadequat_pour,MICRO_ORGANISME,micro_organisme_isole_dans,FOYER_INFECTIEUX,P5_E003,remplissage par voluven et sérum physiologique,5,P5_E011,pneumopathie postéro-basale bilatérale,5,"A et C présents sur la même page, B absent du document"
B2_000510,img20250709_16270030_trace_sepsis_V1.6-V6.5-SELECTIVE_PRECISION.json,MEDIUM,TRAITEMENT,antibiotique_inadequat_pour,MICRO_ORGANISME,micro_organisme_isole_dans,FOYER_INFECTIEUX,P5_E003,remplissage par voluven et sérum physiologique,5,P6_E002,point de départ pulmonaire,6,"A et C présents dans le document, B absent du document"
B2_000511,img20250709_16270030_trace_sepsis_V1.6-V6.5-SELECTIVE_PRECISION.json,MEDIUM,TRAITEMENT,antibiotique_inadequat_pour,MICRO_ORGANISME,micro_organisme_isole_dans,FOYER_INFECTIEUX,P5_E005,Noradrénaline,5,P1_E002,point de départ pulmonaire,1,"A et C présents dans le document, B absent du document"
B2_000512,img20250709_16270030_trace_sepsis_V1.6-V6.5-SELECTIVE_PRECISION.json,MEDIUM,TRAITEMENT,antibiotique_inadequat_pour,MICRO_ORGANISME,micro_organisme_isole_dans,FOYER_INFECTIEUX,P5_E005,Noradrénaline,5,P1_E003,pneumopathie du lobe,1,"A et C présents dans le document, B absent du document"
B2_000513,img20250709_16270030_trace_sepsis_V1.6-V6.5-SELECTIVE_PRECISION.json,MEDIUM,TRAITEMENT,antibiotique_inadequat_pour,MICRO_ORGANISME,micro_organisme_isole_dans,FOYER_INFECTIEUX,P5_E005,Noradrénaline,5,P4_E024,Pneumopathie bilatérale,4,"A et C présents dans le document, B absent du document"
B2_000514,img20250709_16270030_trace_sepsis_V1.6-V6.5-SELECTIVE_PRECISION.json,STRONG,TRAITEMENT,antibiotique_inadequat_pour,MICRO_ORGANISME,micro_organisme_isole_dans,FOYER_INFECTIEUX,P5_E005,Noradrénaline,5,P5_E002,point de départ pulmonaire,5,"A et C présents sur la même page, B absent du document"
B2_000515,img20250709_16270030_trace_sepsis_V1.6-V6.5-SELECTIVE_PRECISION.json,STRONG,TRAITEMENT,antibiotique_inadequat_pour,MICRO_ORGANISME,micro_organisme_isole_dans,FOYER_INFECTIEUX,P5_E005,Noradrénaline,5,P5_E011,pneumopathie postéro-basale bilatérale,5,"A et C présents sur la même page, B absent du document"
B2_000516,img20250709_16270030_trace_sepsis_V1.6-V6.5-SELECTIVE_PRECISION.json,MEDIUM,TRAITEMENT,antibiotique_inadequat_pour,MICRO_ORGANISME,micro_organisme_isole_dans,FOYER_INFECTIEUX,P5_E005,Noradrénaline,5,P6_E002,point de départ pulmonaire,6,"A et C présents dans le document, B absent du document"
B2_000517,img20250709_16270030_trace_sepsis_V1.6-V6.5-SELECTIVE_PRECISION.json,MEDIUM,TRAITEMENT,antibiotique_inadequat_pour,MICRO_ORGANISME,micro_organisme_isole_dans,FOYER_INFECTIEUX,P5_E007,PICCO,5,P1_E002,point de départ pulmonaire,1,"A et C présents dans le document, B absent du document"
B2_000518,img20250709_16270030_trace_sepsis_V1.6-V6.5-SELECTIVE_PRECISION.json,MEDIUM,TRAITEMENT,antibiotique_inadequat_pour,MICRO_ORGANISME,micro_organisme_isole_dans,FOYER_INFECTIEUX,P5_E007,PICCO,5,P1_E003,pneumopathie du lobe,1,"A et C présents dans le document, B absent du document"
B2_000519,img20250709_16270030_trace_sepsis_V1.6-V6.5-SELECTIVE_PRECISION.json,MEDIUM,TRAITEMENT,antibiotique_inadequat_pour,MICRO_ORGANISME,micro_organisme_isole_dans,FOYER_INFECTIEUX,P5_E007,PICCO,5,P4_E024,Pneumopathie bilatérale,4,"A et C présents dans le document, B absent du document"
B2_000520,img20250709_16270030_trace_sepsis_V1.6-V6.5-SELECTIVE_PRECISION.json,STRONG,TRAITEMENT,antibiotique_inadequat_pour,MICRO_ORGANISME,micro_organisme_isole_dans,FOYER_INFECTIEUX,P5_E007,PICCO,5,P5_E002,point de départ pulmonaire,5,"A et C présents sur la même page, B absent du document"
B2_000521,img20250709_16270030_trace_sepsis_V1.6-V6.5-SELECTIVE_PRECISION.json,STRONG,TRAITEMENT,antibiotique_inadequat_pour,MICRO_ORGANISME,micro_organisme_isole_dans,FOYER_INFECTIEUX,P5_E007,PICCO,5,P5_E011,pneumopathie postéro-basale bilatérale,5,"A et C présents sur la même page, B absent du document"
B2_000522,img20250709_16270030_trace_sepsis_V1.6-V6.5-SELECTIVE_PRECISION.json,MEDIUM,TRAITEMENT,antibiotique_inadequat_pour,MICRO_ORGANISME,micro_organisme_isole_dans,FOYER_INFECTIEUX,P5_E007,PICCO,5,P6_E002,point de départ pulmonaire,6,"A et C présents dans le document, B absent du document"
B2_000523,img20250709_16270030_trace_sepsis_V1.6-V6.5-SELECTIVE_PRECISION.json,MEDIUM,TRAITEMENT,antibiotique_inadequat_pour,MICRO_ORGANISME,micro_organisme_isole_dans,FOYER_INFECTIEUX,P5_E008,Tienam,5,P1_E002,point de départ pulmonaire,1,"A et C présents dans le document, B absent du document"
B2_000524,img20250709_16270030_trace_sepsis_V1.6-V6.5-SELECTIVE_PRECISION.json,MEDIUM,TRAITEMENT,antibiotique_inadequat_pour,MICRO_ORGANISME,micro_organisme_isole_dans,FOYER_INFECTIEUX,P5_E008,Tienam,5,P1_E003,pneumopathie du lobe,1,"A et C présents dans le document, B absent du document"
B2_000525,img20250709_16270030_trace_sepsis_V1.6-V6.5-SELECTIVE_PRECISION.json,MEDIUM,TRAITEMENT,antibiotique_inadequat_pour,MICRO_ORGANISME,micro_organisme_isole_dans,FOYER_INFECTIEUX,P5_E008,Tienam,5,P4_E024,Pneumopathie bilatérale,4,"A et C présents dans le document, B absent du document"
B2_000526,img20250709_16270030_trace_sepsis_V1.6-V6.5-SELECTIVE_PRECISION.json,STRONG,TRAITEMENT,antibiotique_inadequat_pour,MICRO_ORGANISME,micro_organisme_isole_dans,FOYER_INFECTIEUX,P5_E008,Tienam,5,P5_E002,point de départ pulmonaire,5,"A et C présents sur la même page, B absent du document"
B2_000527,img20250709_16270030_trace_sepsis_V1.6-V6.5-SELECTIVE_PRECISION.json,STRONG,TRAITEMENT,antibiotique_inadequat_pour,MICRO_ORGANISME,micro_organisme_isole_dans,FOYER_INFECTIEUX,P5_E008,Tienam,5,P5_E011,pneumopathie postéro-basale bilatérale,5,"A et C présents sur la même page, B absent du document"
B2_000528,img20250709_16270030_trace_sepsis_V1.6-V6.5-SELECTIVE_PRECISION.json,MEDIUM,TRAITEMENT,antibiotique_inadequat_pour,MICRO_ORGANISME,micro_organisme_isole_dans,FOYER_INFECTIEUX,P5_E008,Tienam,5,P6_E002,point de départ pulmonaire,6,"A et C présents dans le document, B absent du document"
B2_000529,img20250709_16270030_trace_sepsis_V1.6-V6.5-SELECTIVE_PRECISION.json,MEDIUM,TRAITEMENT,antibiotique_inadequat_pour,MICRO_ORGANISME,micro_organisme_isole_dans,FOYER_INFECTIEUX,P5_E009,Amiklin,5,P1_E002,point de départ pulmonaire,1,"A et C présents dans le document, B absent du document"
B2_000530,img20250709_16270030_trace_sepsis_V1.6-V6.5-SELECTIVE_PRECISION.json,MEDIUM,TRAITEMENT,antibiotique_inadequat_pour,MICRO_ORGANISME,micro_organisme_isole_dans,FOYER_INFECTIEUX,P5_E009,Amiklin,5,P1_E003,pneumopathie du lobe,1,"A et C présents dans le document, B absent du document"
B2_000531,img20250709_16270030_trace_sepsis_V1.6-V6.5-SELECTIVE_PRECISION.json,MEDIUM,TRAITEMENT,antibiotique_inadequat_pour,MICRO_ORGANISME,micro_organisme_isole_dans,FOYER_INFECTIEUX,P5_E009,Amiklin,5,P4_E024,Pneumopathie bilatérale,4,"A et C présents dans le document, B absent du document"
B2_000532,img20250709_16270030_trace_sepsis_V1.6-V6.5-SELECTIVE_PRECISION.json,STRONG,TRAITEMENT,antibiotique_inadequat_pour,MICRO_ORGANISME,micro_organisme_isole_dans,FOYER_INFECTIEUX,P5_E009,Amiklin,5,P5_E002,point de départ pulmonaire,5,"A et C présents sur la même page, B absent du document"
B2_000533,img20250709_16270030_trace_sepsis_V1.6-V6.5-SELECTIVE_PRECISION.json,STRONG,TRAITEMENT,antibiotique_inadequat_pour,MICRO_ORGANISME,micro_organisme_isole_dans,FOYER_INFECTIEUX,P5_E009,Amiklin,5,P5_E011,pneumopathie postéro-basale bilatérale,5,"A et C présents sur la même page, B absent du document"
B2_000534,img20250709_16270030_trace_sepsis_V1.6-V6.5-SELECTIVE_PRECISION.json,MEDIUM,TRAITEMENT,antibiotique_inadequat_pour,MICRO_ORGANISME,micro_organisme_isole_dans,FOYER_INFECTIEUX,P5_E009,Amiklin,5,P6_E002,point de départ pulmonaire,6,"A et C présents dans le document, B absent du document"
B2_000535,img20250709_16270030_trace_sepsis_V1.6-V6.5-SELECTIVE_PRECISION.json,MEDIUM,TRAITEMENT,antibiotique_inadequat_pour,MICRO_ORGANISME,micro_organisme_isole_dans,FOYER_INFECTIEUX,P5_E015,chimiothérapie pour un carcinome épidermoïde,5,P1_E002,point de départ pulmonaire,1,"A et C présents dans le document, B absent du document"
B2_000536,img20250709_16270030_trace_sepsis_V1.6-V6.5-SELECTIVE_PRECISION.json,MEDIUM,TRAITEMENT,antibiotique_inadequat_pour,MICRO_ORGANISME,micro_organisme_isole_dans,FOYER_INFECTIEUX,P5_E015,chimiothérapie pour un carcinome épidermoïde,5,P1_E003,pneumopathie du lobe,1,"A et C présents dans le document, B absent du document"
B2_000537,img20250709_16270030_trace_sepsis_V1.6-V6.5-SELECTIVE_PRECISION.json,MEDIUM,TRAITEMENT,antibiotique_inadequat_pour,MICRO_ORGANISME,micro_organisme_isole_dans,FOYER_INFECTIEUX,P5_E015,chimiothérapie pour un carcinome épidermoïde,5,P4_E024,Pneumopathie bilatérale,4,"A et C présents dans le document, B absent du document"
B2_000538,img20250709_16270030_trace_sepsis_V1.6-V6.5-SELECTIVE_PRECISION.json,STRONG,TRAITEMENT,antibiotique_inadequat_pour,MICRO_ORGANISME,micro_organisme_isole_dans,FOYER_INFECTIEUX,P5_E015,chimiothérapie pour un carcinome épidermoïde,5,P5_E002,point de départ pulmonaire,5,"A et C présents sur la même page, B absent du document"
B2_000539,img20250709_16270030_trace_sepsis_V1.6-V6.5-SELECTIVE_PRECISION.json,STRONG,TRAITEMENT,antibiotique_inadequat_pour,MICRO_ORGANISME,micro_organisme_isole_dans,FOYER_INFECTIEUX,P5_E015,chimiothérapie pour un carcinome épidermoïde,5,P5_E011,pneumopathie postéro-basale bilatérale,5,"A et C présents sur la même page, B absent du document"
B2_000540,img20250709_16270030_trace_sepsis_V1.6-V6.5-SELECTIVE_PRECISION.json,MEDIUM,TRAITEMENT,antibiotique_inadequat_pour,MICRO_ORGANISME,micro_organisme_isole_dans,FOYER_INFECTIEUX,P5_E015,chimiothérapie pour un carcinome épidermoïde,5,P6_E002,point de départ pulmonaire,6,"A et C présents dans le document, B absent du document"
B2_000541,img20250709_16270030_trace_sepsis_V1.6-V6.5-SELECTIVE_PRECISION.json,MEDIUM,TRAITEMENT,antibiotique_inadequat_pour,MICRO_ORGANISME,micro_organisme_isole_dans,FOYER_INFECTIEUX,P5_E019,prisma,5,P1_E002,point de départ pulmonaire,1,"A et C présents dans le document, B absent du document"
B2_000542,img20250709_16270030_trace_sepsis_V1.6-V6.5-SELECTIVE_PRECISION.json,MEDIUM,TRAITEMENT,antibiotique_inadequat_pour,MICRO_ORGANISME,micro_organisme_isole_dans,FOYER_INFECTIEUX,P5_E019,prisma,5,P1_E003,pneumopathie du lobe,1,"A et C présents dans le document, B absent du document"
B2_000543,img20250709_16270030_trace_sepsis_V1.6-V6.5-SELECTIVE_PRECISION.json,MEDIUM,TRAITEMENT,antibiotique_inadequat_pour,MICRO_ORGANISME,micro_organisme_isole_dans,FOYER_INFECTIEUX,P5_E019,prisma,5,P4_E024,Pneumopathie bilatérale,4,"A et C présents dans le document, B absent du document"
B2_000544,img20250709_16270030_trace_sepsis_V1.6-V6.5-SELECTIVE_PRECISION.json,STRONG,TRAITEMENT,antibiotique_inadequat_pour,MICRO_ORGANISME,micro_organisme_isole_dans,FOYER_INFECTIEUX,P5_E019,prisma,5,P5_E002,point de départ pulmonaire,5,"A et C présents sur la même page, B absent du document"
B2_000545,img20250709_16270030_trace_sepsis_V1.6-V6.5-SELECTIVE_PRECISION.json,STRONG,TRAITEMENT,antibiotique_inadequat_pour,MICRO_ORGANISME,micro_organisme_isole_dans,FOYER_INFECTIEUX,P5_E019,prisma,5,P5_E011,pneumopathie postéro-basale bilatérale,5,"A et C présents sur la même page, B absent du document"
B2_000546,img20250709_16270030_trace_sepsis_V1.6-V6.5-SELECTIVE_PRECISION.json,MEDIUM,TRAITEMENT,antibiotique_inadequat_pour,MICRO_ORGANISME,micro_organisme_isole_dans,FOYER_INFECTIEUX,P5_E019,prisma,5,P6_E002,point de départ pulmonaire,6,"A et C présents dans le document, B absent du document"
B2_000547,img20250709_16270030_trace_sepsis_V1.6-V6.5-SELECTIVE_PRECISION.json,MEDIUM,TRAITEMENT,antibiotique_inadequat_pour,MICRO_ORGANISME,micro_organisme_isole_dans,FOYER_INFECTIEUX,P5_E020,remplissage de 5L,5,P1_E002,point de départ pulmonaire,1,"A et C présents dans le document, B absent du document"
B2_000548,img20250709_16270030_trace_sepsis_V1.6-V6.5-SELECTIVE_PRECISION.json,MEDIUM,TRAITEMENT,antibiotique_inadequat_pour,MICRO_ORGANISME,micro_organisme_isole_dans,FOYER_INFECTIEUX,P5_E020,remplissage de 5L,5,P1_E003,pneumopathie du lobe,1,"A et C présents dans le document, B absent du document"
B2_000549,img20250709_16270030_trace_sepsis_V1.6-V6.5-SELECTIVE_PRECISION.json,MEDIUM,TRAITEMENT,antibiotique_inadequat_pour,MICRO_ORGANISME,micro_organisme_isole_dans,FOYER_INFECTIEUX,P5_E020,remplissage de 5L,5,P4_E024,Pneumopathie bilatérale,4,"A et C présents dans le document, B absent du document"
B2_000550,img20250709_16270030_trace_sepsis_V1.6-V6.5-SELECTIVE_PRECISION.json,STRONG,TRAITEMENT,antibiotique_inadequat_pour,MICRO_ORGANISME,micro_organisme_isole_dans,FOYER_INFECTIEUX,P5_E020,remplissage de 5L,5,P5_E002,point de départ pulmonaire,5,"A et C présents sur la même page, B absent du document"
B2_000551,img20250709_16270030_trace_sepsis_V1.6-V6.5-SELECTIVE_PRECISION.json,STRONG,TRAITEMENT,antibiotique_inadequat_pour,MICRO_ORGANISME,micro_organisme_isole_dans,FOYER_INFECTIEUX,P5_E020,remplissage de 5L,5,P5_E011,pneumopathie postéro-basale bilatérale,5,"A et C présents sur la même page, B absent du document"
B2_000552,img20250709_16270030_trace_sepsis_V1.6-V6.5-SELECTIVE_PRECISION.json,MEDIUM,TRAITEMENT,antibiotique_inadequat_pour,MICRO_ORGANISME,micro_organisme_isole_dans,FOYER_INFECTIEUX,P5_E020,remplissage de 5L,5,P6_E002,point de départ pulmonaire,6,"A et C présents dans le document, B absent du document"
B2_000553,img20250709_16270030_trace_sepsis_V1.6-V6.5-SELECTIVE_PRECISION.json,MEDIUM,TRAITEMENT,antibiotique_inadequat_pour,MICRO_ORGANISME,micro_organisme_isole_dans,FOYER_INFECTIEUX,P5_E021,Adrénaline,5,P1_E002,point de départ pulmonaire,1,"A et C présents dans le document, B absent du document"
B2_000554,img20250709_16270030_trace_sepsis_V1.6-V6.5-SELECTIVE_PRECISION.json,MEDIUM,TRAITEMENT,antibiotique_inadequat_pour,MICRO_ORGANISME,micro_organisme_isole_dans,FOYER_INFECTIEUX,P5_E021,Adrénaline,5,P1_E003,pneumopathie du lobe,1,"A et C présents dans le document, B absent du document"
B2_000555,img20250709_16270030_trace_sepsis_V1.6-V6.5-SELECTIVE_PRECISION.json,MEDIUM,TRAITEMENT,antibiotique_inadequat_pour,MICRO_ORGANISME,micro_organisme_isole_dans,FOYER_INFECTIEUX,P5_E021,Adrénaline,5,P4_E024,Pneumopathie bilatérale,4,"A et C présents dans le document, B absent du document"
B2_000556,img20250709_16270030_trace_sepsis_V1.6-V6.5-SELECTIVE_PRECISION.json,STRONG,TRAITEMENT,antibiotique_inadequat_pour,MICRO_ORGANISME,micro_organisme_isole_dans,FOYER_INFECTIEUX,P5_E021,Adrénaline,5,P5_E002,point de départ pulmonaire,5,"A et C présents sur la même page, B absent du document"
B2_000557,img20250709_16270030_trace_sepsis_V1.6-V6.5-SELECTIVE_PRECISION.json,STRONG,TRAITEMENT,antibiotique_inadequat_pour,MICRO_ORGANISME,micro_organisme_isole_dans,FOYER_INFECTIEUX,P5_E021,Adrénaline,5,P5_E011,pneumopathie postéro-basale bilatérale,5,"A et C présents sur la même page, B absent du document"
B2_000558,img20250709_16270030_trace_sepsis_V1.6-V6.5-SELECTIVE_PRECISION.json,MEDIUM,TRAITEMENT,antibiotique_inadequat_pour,MICRO_ORGANISME,micro_organisme_isole_dans,FOYER_INFECTIEUX,P5_E021,Adrénaline,5,P6_E002,point de départ pulmonaire,6,"A et C présents dans le document, B absent du document"
B2_000559,img20250709_16270030_trace_sepsis_V1.6-V6.5-SELECTIVE_PRECISION.json,MEDIUM,TRAITEMENT,antibiotique_inadequat_pour,MICRO_ORGANISME,micro_organisme_isole_dans,FOYER_INFECTIEUX,P5_E035,transfusion,5,P1_E002,point de départ pulmonaire,1,"A et C présents dans le document, B absent du document"
B2_000560,img20250709_16270030_trace_sepsis_V1.6-V6.5-SELECTIVE_PRECISION.json,MEDIUM,TRAITEMENT,antibiotique_inadequat_pour,MICRO_ORGANISME,micro_organisme_isole_dans,FOYER_INFECTIEUX,P5_E035,transfusion,5,P1_E003,pneumopathie du lobe,1,"A et C présents dans le document, B absent du document"
B2_000561,img20250709_16270030_trace_sepsis_V1.6-V6.5-SELECTIVE_PRECISION.json,MEDIUM,TRAITEMENT,antibiotique_inadequat_pour,MICRO_ORGANISME,micro_organisme_isole_dans,FOYER_INFECTIEUX,P5_E035,transfusion,5,P4_E024,Pneumopathie bilatérale,4,"A et C présents dans le document, B absent du document"
B2_000562,img20250709_16270030_trace_sepsis_V1.6-V6.5-SELECTIVE_PRECISION.json,STRONG,TRAITEMENT,antibiotique_inadequat_pour,MICRO_ORGANISME,micro_organisme_isole_dans,FOYER_INFECTIEUX,P5_E035,transfusion,5,P5_E002,point de départ pulmonaire,5,"A et C présents sur la même page, B absent du document"
B2_000563,img20250709_16270030_trace_sepsis_V1.6-V6.5-SELECTIVE_PRECISION.json,STRONG,TRAITEMENT,antibiotique_inadequat_pour,MICRO_ORGANISME,micro_organisme_isole_dans,FOYER_INFECTIEUX,P5_E035,transfusion,5,P5_E011,pneumopathie postéro-basale bilatérale,5,"A et C présents sur la même page, B absent du document"
B2_000564,img20250709_16270030_trace_sepsis_V1.6-V6.5-SELECTIVE_PRECISION.json,MEDIUM,TRAITEMENT,antibiotique_inadequat_pour,MICRO_ORGANISME,micro_organisme_isole_dans,FOYER_INFECTIEUX,P5_E035,transfusion,5,P6_E002,point de départ pulmonaire,6,"A et C présents dans le document, B absent du document"
B2_000565,img20250709_16270030_trace_sepsis_V1.6-V6.5-SELECTIVE_PRECISION.json,MEDIUM,TRAITEMENT,antibiotique_inadequat_pour,MICRO_ORGANISME,micro_organisme_isole_dans,FOYER_INFECTIEUX,P6_E005,Transfusion,6,P1_E002,point de départ pulmonaire,1,"A et C présents dans le document, B absent du document"
B2_000566,img20250709_16270030_trace_sepsis_V1.6-V6.5-SELECTIVE_PRECISION.json,MEDIUM,TRAITEMENT,antibiotique_inadequat_pour,MICRO_ORGANISME,micro_organisme_isole_dans,FOYER_INFECTIEUX,P6_E005,Transfusion,6,P1_E003,pneumopathie du lobe,1,"A et C présents dans le document, B absent du document"
B2_000567,img20250709_16270030_trace_sepsis_V1.6-V6.5-SELECTIVE_PRECISION.json,MEDIUM,TRAITEMENT,antibiotique_inadequat_pour,MICRO_ORGANISME,micro_organisme_isole_dans,FOYER_INFECTIEUX,P6_E005,Transfusion,6,P4_E024,Pneumopathie bilatérale,4,"A et C présents dans le document, B absent du document"
B2_000568,img20250709_16270030_trace_sepsis_V1.6-V6.5-SELECTIVE_PRECISION.json,MEDIUM,TRAITEMENT,antibiotique_inadequat_pour,MICRO_ORGANISME,micro_organisme_isole_dans,FOYER_INFECTIEUX,P6_E005,Transfusion,6,P5_E002,point de départ pulmonaire,5,"A et C présents dans le document, B absent du document"
B2_000569,img20250709_16270030_trace_sepsis_V1.6-V6.5-SELECTIVE_PRECISION.json,MEDIUM,TRAITEMENT,antibiotique_inadequat_pour,MICRO_ORGANISME,micro_organisme_isole_dans,FOYER_INFECTIEUX,P6_E005,Transfusion,6,P5_E011,pneumopathie postéro-basale bilatérale,5,"A et C présents dans le document, B absent du document"
B2_000570,img20250709_16270030_trace_sepsis_V1.6-V6.5-SELECTIVE_PRECISION.json,STRONG,TRAITEMENT,antibiotique_inadequat_pour,MICRO_ORGANISME,micro_organisme_isole_dans,FOYER_INFECTIEUX,P6_E005,Transfusion,6,P6_E002,point de départ pulmonaire,6,"A et C présents sur la même page, B absent du document"
B2_000571,img20250709_16270030_trace_sepsis_V1.6-V6.5-SELECTIVE_PRECISION.json,MEDIUM,TRAITEMENT,antibiotique_inadequat_pour,MICRO_ORGANISME,micro_organisme_isole_dans,FOYER_INFECTIEUX,P6_E006,Produits ou dérivés sanguins,6,P1_E002,point de départ pulmonaire,1,"A et C présents dans le document, B absent du document"
B2_000572,img20250709_16270030_trace_sepsis_V1.6-V6.5-SELECTIVE_PRECISION.json,MEDIUM,TRAITEMENT,antibiotique_inadequat_pour,MICRO_ORGANISME,micro_organisme_isole_dans,FOYER_INFECTIEUX,P6_E006,Produits ou dérivés sanguins,6,P1_E003,pneumopathie du lobe,1,"A et C présents dans le document, B absent du document"
B2_000573,img20250709_16270030_trace_sepsis_V1.6-V6.5-SELECTIVE_PRECISION.json,MEDIUM,TRAITEMENT,antibiotique_inadequat_pour,MICRO_ORGANISME,micro_organisme_isole_dans,FOYER_INFECTIEUX,P6_E006,Produits ou dérivés sanguins,6,P4_E024,Pneumopathie bilatérale,4,"A et C présents dans le document, B absent du document"
B2_000574,img20250709_16270030_trace_sepsis_V1.6-V6.5-SELECTIVE_PRECISION.json,MEDIUM,TRAITEMENT,antibiotique_inadequat_pour,MICRO_ORGANISME,micro_organisme_isole_dans,FOYER_INFECTIEUX,P6_E006,Produits ou dérivés sanguins,6,P5_E002,point de départ pulmonaire,5,"A et C présents dans le document, B absent du document"
B2_000575,img20250709_16270030_trace_sepsis_V1.6-V6.5-SELECTIVE_PRECISION.json,MEDIUM,TRAITEMENT,antibiotique_inadequat_pour,MICRO_ORGANISME,micro_organisme_isole_dans,FOYER_INFECTIEUX,P6_E006,Produits ou dérivés sanguins,6,P5_E011,pneumopathie postéro-basale bilatérale,5,"A et C présents dans le document, B absent du document"
B2_000576,img20250709_16270030_trace_sepsis_V1.6-V6.5-SELECTIVE_PRECISION.json,STRONG,TRAITEMENT,antibiotique_inadequat_pour,MICRO_ORGANISME,micro_organisme_isole_dans,FOYER_INFECTIEUX,P6_E006,Produits ou dérivés sanguins,6,P6_E002,point de départ pulmonaire,6,"A et C présents sur la même page, B absent du document"
B2_000577,img20250709_16271908_trace_sepsis_V1.6-V6.5-SELECTIVE_PRECISION.json,MEDIUM,COMORBIDITE_ANTECEDENT,a_pour_contexte_acquisition,CONTEXTE_ACQUISITION,contexte_acquisition_influence_risque_resistance,MICRO_ORGANISME,P1_E003,Cancer du rein droit en 1992 : carcinome à cellules claires avec thrombus remontant dans la VCI,1,P5_V66_E002,staphylocoque aureus multisensible,5,"A et C présents dans le document, B absent du document"
B2_000578,img20250709_16271908_trace_sepsis_V1.6-V6.5-SELECTIVE_PRECISION.json,MEDIUM,COMORBIDITE_ANTECEDENT,a_pour_contexte_acquisition,CONTEXTE_ACQUISITION,contexte_acquisition_influence_risque_resistance,MICRO_ORGANISME,P1_E003,Cancer du rein droit en 1992 : carcinome à cellules claires avec thrombus remontant dans la VCI,1,P5_V66_E003,Staphylocoque épidermidis,5,"A et C présents dans le document, B absent du document"
B2_000579,img20250709_16271908_trace_sepsis_V1.6-V6.5-SELECTIVE_PRECISION.json,MEDIUM,COMORBIDITE_ANTECEDENT,a_pour_contexte_acquisition,CONTEXTE_ACQUISITION,contexte_acquisition_influence_risque_resistance,MICRO_ORGANISME,P1_E004,Métastases thyroïdiennes découvertes en 2005,1,P5_V66_E002,staphylocoque aureus multisensible,5,"A et C présents dans le document, B absent du document"
B2_000580,img20250709_16271908_trace_sepsis_V1.6-V6.5-SELECTIVE_PRECISION.json,MEDIUM,COMORBIDITE_ANTECEDENT,a_pour_contexte_acquisition,CONTEXTE_ACQUISITION,contexte_acquisition_influence_risque_resistance,MICRO_ORGANISME,P1_E004,Métastases thyroïdiennes découvertes en 2005,1,P5_V66_E003,Staphylocoque épidermidis,5,"A et C présents dans le document, B absent du document"
B2_000581,img20250709_16271908_trace_sepsis_V1.6-V6.5-SELECTIVE_PRECISION.json,MEDIUM,COMORBIDITE_ANTECEDENT,a_pour_contexte_acquisition,CONTEXTE_ACQUISITION,contexte_acquisition_influence_risque_resistance,MICRO_ORGANISME,P1_E005,traitement par SUTENT (jusqu'à fin 2008),1,P5_V66_E002,staphylocoque aureus multisensible,5,"A et C présents dans le document, B absent du document"
B2_000582,img20250709_16271908_trace_sepsis_V1.6-V6.5-SELECTIVE_PRECISION.json,MEDIUM,COMORBIDITE_ANTECEDENT,a_pour_contexte_acquisition,CONTEXTE_ACQUISITION,contexte_acquisition_influence_risque_resistance,MICRO_ORGANISME,P1_E005,traitement par SUTENT (jusqu'à fin 2008),1,P5_V66_E003,Staphylocoque épidermidis,5,"A et C présents dans le document, B absent du document"
B2_000583,img20250709_16271908_trace_sepsis_V1.6-V6.5-SELECTIVE_PRECISION.json,MEDIUM,COMORBIDITE_ANTECEDENT,a_pour_contexte_acquisition,CONTEXTE_ACQUISITION,contexte_acquisition_influence_risque_resistance,MICRO_ORGANISME,P1_E006,puis de l'AFINITOR,1,P5_V66_E002,staphylocoque aureus multisensible,5,"A et C présents dans le document, B absent du document"
B2_000584,img20250709_16271908_trace_sepsis_V1.6-V6.5-SELECTIVE_PRECISION.json,MEDIUM,COMORBIDITE_ANTECEDENT,a_pour_contexte_acquisition,CONTEXTE_ACQUISITION,contexte_acquisition_influence_risque_resistance,MICRO_ORGANISME,P1_E006,puis de l'AFINITOR,1,P5_V66_E003,Staphylocoque épidermidis,5,"A et C présents dans le document, B absent du document"
B2_000585,img20250709_16271908_trace_sepsis_V1.6-V6.5-SELECTIVE_PRECISION.json,MEDIUM,COMORBIDITE_ANTECEDENT,a_pour_contexte_acquisition,CONTEXTE_ACQUISITION,contexte_acquisition_influence_risque_resistance,MICRO_ORGANISME,P1_E007,Embolie pulmonaire en 2006,1,P5_V66_E002,staphylocoque aureus multisensible,5,"A et C présents dans le document, B absent du document"
B2_000586,img20250709_16271908_trace_sepsis_V1.6-V6.5-SELECTIVE_PRECISION.json,MEDIUM,COMORBIDITE_ANTECEDENT,a_pour_contexte_acquisition,CONTEXTE_ACQUISITION,contexte_acquisition_influence_risque_resistance,MICRO_ORGANISME,P1_E007,Embolie pulmonaire en 2006,1,P5_V66_E003,Staphylocoque épidermidis,5,"A et C présents dans le document, B absent du document"
B2_000587,img20250709_16271908_trace_sepsis_V1.6-V6.5-SELECTIVE_PRECISION.json,MEDIUM,COMORBIDITE_ANTECEDENT,a_pour_contexte_acquisition,CONTEXTE_ACQUISITION,contexte_acquisition_influence_risque_resistance,MICRO_ORGANISME,P1_E008,Maladie de Strumpell Lorrain (mutation gène SPG4 Spastine),1,P5_V66_E002,staphylocoque aureus multisensible,5,"A et C présents dans le document, B absent du document"
B2_000588,img20250709_16271908_trace_sepsis_V1.6-V6.5-SELECTIVE_PRECISION.json,MEDIUM,COMORBIDITE_ANTECEDENT,a_pour_contexte_acquisition,CONTEXTE_ACQUISITION,contexte_acquisition_influence_risque_resistance,MICRO_ORGANISME,P1_E008,Maladie de Strumpell Lorrain (mutation gène SPG4 Spastine),1,P5_V66_E003,Staphylocoque épidermidis,5,"A et C présents dans le document, B absent du document"
B2_000589,img20250709_16271908_trace_sepsis_V1.6-V6.5-SELECTIVE_PRECISION.json,MEDIUM,COMORBIDITE_ANTECEDENT,a_pour_contexte_acquisition,CONTEXTE_ACQUISITION,contexte_acquisition_influence_risque_resistance,MICRO_ORGANISME,P1_E009,Péricardite,1,P5_V66_E002,staphylocoque aureus multisensible,5,"A et C présents dans le document, B absent du document"
B2_000590,img20250709_16271908_trace_sepsis_V1.6-V6.5-SELECTIVE_PRECISION.json,MEDIUM,COMORBIDITE_ANTECEDENT,a_pour_contexte_acquisition,CONTEXTE_ACQUISITION,contexte_acquisition_influence_risque_resistance,MICRO_ORGANISME,P1_E009,Péricardite,1,P5_V66_E003,Staphylocoque épidermidis,5,"A et C présents dans le document, B absent du document"
B2_000591,img20250709_16271908_trace_sepsis_V1.6-V6.5-SELECTIVE_PRECISION.json,MEDIUM,COMORBIDITE_ANTECEDENT,a_pour_contexte_acquisition,CONTEXTE_ACQUISITION,contexte_acquisition_influence_risque_resistance,MICRO_ORGANISME,P1_E010,Méningite à l'âge de 12 ans,1,P5_V66_E002,staphylocoque aureus multisensible,5,"A et C présents dans le document, B absent du document"
B2_000592,img20250709_16271908_trace_sepsis_V1.6-V6.5-SELECTIVE_PRECISION.json,MEDIUM,COMORBIDITE_ANTECEDENT,a_pour_contexte_acquisition,CONTEXTE_ACQUISITION,contexte_acquisition_influence_risque_resistance,MICRO_ORGANISME,P1_E010,Méningite à l'âge de 12 ans,1,P5_V66_E003,Staphylocoque épidermidis,5,"A et C présents dans le document, B absent du document"
B2_000593,img20250709_16271908_trace_sepsis_V1.6-V6.5-SELECTIVE_PRECISION.json,MEDIUM,COMORBIDITE_ANTECEDENT,a_pour_contexte_acquisition,CONTEXTE_ACQUISITION,contexte_acquisition_influence_risque_resistance,MICRO_ORGANISME,P1_E011,Hernies bilatérales,1,P5_V66_E002,staphylocoque aureus multisensible,5,"A et C présents dans le document, B absent du document"
B2_000594,img20250709_16271908_trace_sepsis_V1.6-V6.5-SELECTIVE_PRECISION.json,MEDIUM,COMORBIDITE_ANTECEDENT,a_pour_contexte_acquisition,CONTEXTE_ACQUISITION,contexte_acquisition_influence_risque_resistance,MICRO_ORGANISME,P1_E011,Hernies bilatérales,1,P5_V66_E003,Staphylocoque épidermidis,5,"A et C présents dans le document, B absent du document"
B2_000595,img20250709_16271908_trace_sepsis_V1.6-V6.5-SELECTIVE_PRECISION.json,MEDIUM,COMORBIDITE_ANTECEDENT,a_pour_contexte_acquisition,CONTEXTE_ACQUISITION,contexte_acquisition_influence_risque_resistance,MICRO_ORGANISME,P1_E012,Genou Prothèse unicompartimentale,1,P5_V66_E002,staphylocoque aureus multisensible,5,"A et C présents dans le document, B absent du document"
B2_000596,img20250709_16271908_trace_sepsis_V1.6-V6.5-SELECTIVE_PRECISION.json,MEDIUM,COMORBIDITE_ANTECEDENT,a_pour_contexte_acquisition,CONTEXTE_ACQUISITION,contexte_acquisition_influence_risque_resistance,MICRO_ORGANISME,P1_E012,Genou Prothèse unicompartimentale,1,P5_V66_E003,Staphylocoque épidermidis,5,"A et C présents dans le document, B absent du document"
B2_000597,img20250709_16271908_trace_sepsis_V1.6-V6.5-SELECTIVE_PRECISION.json,MEDIUM,COMORBIDITE_ANTECEDENT,a_pour_contexte_acquisition,CONTEXTE_ACQUISITION,contexte_acquisition_influence_risque_resistance,MICRO_ORGANISME,P1_E013,Thyroidectomie totale,1,P5_V66_E002,staphylocoque aureus multisensible,5,"A et C présents dans le document, B absent du document"
B2_000598,img20250709_16271908_trace_sepsis_V1.6-V6.5-SELECTIVE_PRECISION.json,MEDIUM,COMORBIDITE_ANTECEDENT,a_pour_contexte_acquisition,CONTEXTE_ACQUISITION,contexte_acquisition_influence_risque_resistance,MICRO_ORGANISME,P1_E013,Thyroidectomie totale,1,P5_V66_E003,Staphylocoque épidermidis,5,"A et C présents dans le document, B absent du document"
B2_000599,img20250709_16271908_trace_sepsis_V1.6-V6.5-SELECTIVE_PRECISION.json,MEDIUM,COMORBIDITE_ANTECEDENT,a_pour_contexte_acquisition,CONTEXTE_ACQUISITION,contexte_acquisition_influence_risque_resistance,MICRO_ORGANISME,P1_E015,Prostatectomie,1,P5_V66_E002,staphylocoque aureus multisensible,5,"A et C présents dans le document, B absent du document"
B2_000600,img20250709_16271908_trace_sepsis_V1.6-V6.5-SELECTIVE_PRECISION.json,MEDIUM,COMORBIDITE_ANTECEDENT,a_pour_contexte_acquisition,CONTEXTE_ACQUISITION,contexte_acquisition_influence_risque_resistance,MICRO_ORGANISME,P1_E015,Prostatectomie,1,P5_V66_E003,Staphylocoque épidermidis,5,"A et C présents dans le document, B absent du document"
B2_000601,img20250709_16271908_trace_sepsis_V1.6-V6.5-SELECTIVE_PRECISION.json,MEDIUM,COMORBIDITE_ANTECEDENT,a_pour_contexte_acquisition,CONTEXTE_ACQUISITION,contexte_acquisition_influence_risque_resistance,MICRO_ORGANISME,P1_E022,Cataracte,1,P5_V66_E002,staphylocoque aureus multisensible,5,"A et C présents dans le document, B absent du document"
B2_000602,img20250709_16271908_trace_sepsis_V1.6-V6.5-SELECTIVE_PRECISION.json,MEDIUM,COMORBIDITE_ANTECEDENT,a_pour_contexte_acquisition,CONTEXTE_ACQUISITION,contexte_acquisition_influence_risque_resistance,MICRO_ORGANISME,P1_E022,Cataracte,1,P5_V66_E003,Staphylocoque épidermidis,5,"A et C présents dans le document, B absent du document"
B2_000603,img20250709_16271908_trace_sepsis_V1.6-V6.5-SELECTIVE_PRECISION.json,MEDIUM,COMORBIDITE_ANTECEDENT,a_pour_contexte_acquisition,CONTEXTE_ACQUISITION,contexte_acquisition_influence_risque_resistance,MICRO_ORGANISME,P4_E038,Hémibloc antérieur,4,P5_V66_E002,staphylocoque aureus multisensible,5,"A et C présents dans le document, B absent du document"
B2_000604,img20250709_16271908_trace_sepsis_V1.6-V6.5-SELECTIVE_PRECISION.json,MEDIUM,COMORBIDITE_ANTECEDENT,a_pour_contexte_acquisition,CONTEXTE_ACQUISITION,contexte_acquisition_influence_risque_resistance,MICRO_ORGANISME,P4_E038,Hémibloc antérieur,4,P5_V66_E003,Staphylocoque épidermidis,5,"A et C présents dans le document, B absent du document"
B2_000605,img20250709_16283177_trace_sepsis_V1.6-V6.5-SELECTIVE_PRECISION.json,MEDIUM,COMORBIDITE_ANTECEDENT,a_pour_contexte_acquisition,CONTEXTE_ACQUISITION,contexte_acquisition_influence_risque_resistance,MICRO_ORGANISME,P1_E003,Cirrhose Child B sur alcoolisme chronique et Hépatite C post transfusionnel en 94,1,P2_E070,SARM,2,"A et C présents dans le document, B absent du document"
B2_000606,img20250709_16283177_trace_sepsis_V1.6-V6.5-SELECTIVE_PRECISION.json,MEDIUM,COMORBIDITE_ANTECEDENT,a_pour_contexte_acquisition,CONTEXTE_ACQUISITION,contexte_acquisition_influence_risque_resistance,MICRO_ORGANISME,P1_E003,Cirrhose Child B sur alcoolisme chronique et Hépatite C post transfusionnel en 94,1,P2_V66_E001,STAPHYLOCOQUE AUREUS,2,"A et C présents dans le document, B absent du document"
B2_000607,img20250709_16283177_trace_sepsis_V1.6-V6.5-SELECTIVE_PRECISION.json,MEDIUM,COMORBIDITE_ANTECEDENT,a_pour_contexte_acquisition,CONTEXTE_ACQUISITION,contexte_acquisition_influence_risque_resistance,MICRO_ORGANISME,P1_E003,Cirrhose Child B sur alcoolisme chronique et Hépatite C post transfusionnel en 94,1,P5_V66_E001,Staph méth R,5,"A et C présents dans le document, B absent du document"
B2_000608,img20250709_16283177_trace_sepsis_V1.6-V6.5-SELECTIVE_PRECISION.json,MEDIUM,COMORBIDITE_ANTECEDENT,a_pour_contexte_acquisition,CONTEXTE_ACQUISITION,contexte_acquisition_influence_risque_resistance,MICRO_ORGANISME,P1_E003,Cirrhose Child B sur alcoolisme chronique et Hépatite C post transfusionnel en 94,1,P6_E071,SARM,6,"A et C présents dans le document, B absent du document"
B2_000609,img20250709_16283177_trace_sepsis_V1.6-V6.5-SELECTIVE_PRECISION.json,MEDIUM,COMORBIDITE_ANTECEDENT,a_pour_contexte_acquisition,CONTEXTE_ACQUISITION,contexte_acquisition_influence_risque_resistance,MICRO_ORGANISME,P1_E004,Hépatite C post transfusionnel en 94,1,P2_E070,SARM,2,"A et C présents dans le document, B absent du document"
B2_000610,img20250709_16283177_trace_sepsis_V1.6-V6.5-SELECTIVE_PRECISION.json,MEDIUM,COMORBIDITE_ANTECEDENT,a_pour_contexte_acquisition,CONTEXTE_ACQUISITION,contexte_acquisition_influence_risque_resistance,MICRO_ORGANISME,P1_E004,Hépatite C post transfusionnel en 94,1,P2_V66_E001,STAPHYLOCOQUE AUREUS,2,"A et C présents dans le document, B absent du document"
B2_000611,img20250709_16283177_trace_sepsis_V1.6-V6.5-SELECTIVE_PRECISION.json,MEDIUM,COMORBIDITE_ANTECEDENT,a_pour_contexte_acquisition,CONTEXTE_ACQUISITION,contexte_acquisition_influence_risque_resistance,MICRO_ORGANISME,P1_E004,Hépatite C post transfusionnel en 94,1,P5_V66_E001,Staph méth R,5,"A et C présents dans le document, B absent du document"
B2_000612,img20250709_16283177_trace_sepsis_V1.6-V6.5-SELECTIVE_PRECISION.json,MEDIUM,COMORBIDITE_ANTECEDENT,a_pour_contexte_acquisition,CONTEXTE_ACQUISITION,contexte_acquisition_influence_risque_resistance,MICRO_ORGANISME,P1_E004,Hépatite C post transfusionnel en 94,1,P6_E071,SARM,6,"A et C présents dans le document, B absent du document"
B2_000613,img20250709_16283177_trace_sepsis_V1.6-V6.5-SELECTIVE_PRECISION.json,MEDIUM,COMORBIDITE_ANTECEDENT,a_pour_contexte_acquisition,CONTEXTE_ACQUISITION,contexte_acquisition_influence_risque_resistance,MICRO_ORGANISME,P1_E005,Défénestration en 1994,1,P2_E070,SARM,2,"A et C présents dans le document, B absent du document"
B2_000614,img20250709_16283177_trace_sepsis_V1.6-V6.5-SELECTIVE_PRECISION.json,MEDIUM,COMORBIDITE_ANTECEDENT,a_pour_contexte_acquisition,CONTEXTE_ACQUISITION,contexte_acquisition_influence_risque_resistance,MICRO_ORGANISME,P1_E005,Défénestration en 1994,1,P2_V66_E001,STAPHYLOCOQUE AUREUS,2,"A et C présents dans le document, B absent du document"
B2_000615,img20250709_16283177_trace_sepsis_V1.6-V6.5-SELECTIVE_PRECISION.json,MEDIUM,COMORBIDITE_ANTECEDENT,a_pour_contexte_acquisition,CONTEXTE_ACQUISITION,contexte_acquisition_influence_risque_resistance,MICRO_ORGANISME,P1_E005,Défénestration en 1994,1,P5_V66_E001,Staph méth R,5,"A et C présents dans le document, B absent du document"
B2_000616,img20250709_16283177_trace_sepsis_V1.6-V6.5-SELECTIVE_PRECISION.json,MEDIUM,COMORBIDITE_ANTECEDENT,a_pour_contexte_acquisition,CONTEXTE_ACQUISITION,contexte_acquisition_influence_risque_resistance,MICRO_ORGANISME,P1_E005,Défénestration en 1994,1,P6_E071,SARM,6,"A et C présents dans le document, B absent du document"
B2_000617,img20250709_16283177_trace_sepsis_V1.6-V6.5-SELECTIVE_PRECISION.json,MEDIUM,COMORBIDITE_ANTECEDENT,a_pour_contexte_acquisition,CONTEXTE_ACQUISITION,contexte_acquisition_influence_risque_resistance,MICRO_ORGANISME,P1_E006,Arthrite septique cheville gauche,1,P2_E070,SARM,2,"A et C présents dans le document, B absent du document"
B2_000618,img20250709_16283177_trace_sepsis_V1.6-V6.5-SELECTIVE_PRECISION.json,MEDIUM,COMORBIDITE_ANTECEDENT,a_pour_contexte_acquisition,CONTEXTE_ACQUISITION,contexte_acquisition_influence_risque_resistance,MICRO_ORGANISME,P1_E006,Arthrite septique cheville gauche,1,P2_V66_E001,STAPHYLOCOQUE AUREUS,2,"A et C présents dans le document, B absent du document"
B2_000619,img20250709_16283177_trace_sepsis_V1.6-V6.5-SELECTIVE_PRECISION.json,MEDIUM,COMORBIDITE_ANTECEDENT,a_pour_contexte_acquisition,CONTEXTE_ACQUISITION,contexte_acquisition_influence_risque_resistance,MICRO_ORGANISME,P1_E006,Arthrite septique cheville gauche,1,P5_V66_E001,Staph méth R,5,"A et C présents dans le document, B absent du document"
B2_000620,img20250709_16283177_trace_sepsis_V1.6-V6.5-SELECTIVE_PRECISION.json,MEDIUM,COMORBIDITE_ANTECEDENT,a_pour_contexte_acquisition,CONTEXTE_ACQUISITION,contexte_acquisition_influence_risque_resistance,MICRO_ORGANISME,P1_E006,Arthrite septique cheville gauche,1,P6_E071,SARM,6,"A et C présents dans le document, B absent du document"
B2_000621,img20250709_16283177_trace_sepsis_V1.6-V6.5-SELECTIVE_PRECISION.json,MEDIUM,COMORBIDITE_ANTECEDENT,a_pour_contexte_acquisition,CONTEXTE_ACQUISITION,contexte_acquisition_influence_risque_resistance,MICRO_ORGANISME,P1_E007,escarre,1,P2_E070,SARM,2,"A et C présents dans le document, B absent du document"
B2_000622,img20250709_16283177_trace_sepsis_V1.6-V6.5-SELECTIVE_PRECISION.json,MEDIUM,COMORBIDITE_ANTECEDENT,a_pour_contexte_acquisition,CONTEXTE_ACQUISITION,contexte_acquisition_influence_risque_resistance,MICRO_ORGANISME,P1_E007,escarre,1,P2_V66_E001,STAPHYLOCOQUE AUREUS,2,"A et C présents dans le document, B absent du document"
B2_000623,img20250709_16283177_trace_sepsis_V1.6-V6.5-SELECTIVE_PRECISION.json,MEDIUM,COMORBIDITE_ANTECEDENT,a_pour_contexte_acquisition,CONTEXTE_ACQUISITION,contexte_acquisition_influence_risque_resistance,MICRO_ORGANISME,P1_E007,escarre,1,P5_V66_E001,Staph méth R,5,"A et C présents dans le document, B absent du document"
B2_000624,img20250709_16283177_trace_sepsis_V1.6-V6.5-SELECTIVE_PRECISION.json,MEDIUM,COMORBIDITE_ANTECEDENT,a_pour_contexte_acquisition,CONTEXTE_ACQUISITION,contexte_acquisition_influence_risque_resistance,MICRO_ORGANISME,P1_E007,escarre,1,P6_E071,SARM,6,"A et C présents dans le document, B absent du document"
B2_000625,img20250709_16283177_trace_sepsis_V1.6-V6.5-SELECTIVE_PRECISION.json,MEDIUM,COMORBIDITE_ANTECEDENT,a_pour_contexte_acquisition,CONTEXTE_ACQUISITION,contexte_acquisition_influence_risque_resistance,MICRO_ORGANISME,P1_E009,Arthrodèse L1-L3 en 1994,1,P2_E070,SARM,2,"A et C présents dans le document, B absent du document"
B2_000626,img20250709_16283177_trace_sepsis_V1.6-V6.5-SELECTIVE_PRECISION.json,MEDIUM,COMORBIDITE_ANTECEDENT,a_pour_contexte_acquisition,CONTEXTE_ACQUISITION,contexte_acquisition_influence_risque_resistance,MICRO_ORGANISME,P1_E009,Arthrodèse L1-L3 en 1994,1,P2_V66_E001,STAPHYLOCOQUE AUREUS,2,"A et C présents dans le document, B absent du document"
B2_000627,img20250709_16283177_trace_sepsis_V1.6-V6.5-SELECTIVE_PRECISION.json,MEDIUM,COMORBIDITE_ANTECEDENT,a_pour_contexte_acquisition,CONTEXTE_ACQUISITION,contexte_acquisition_influence_risque_resistance,MICRO_ORGANISME,P1_E009,Arthrodèse L1-L3 en 1994,1,P5_V66_E001,Staph méth R,5,"A et C présents dans le document, B absent du document"
B2_000628,img20250709_16283177_trace_sepsis_V1.6-V6.5-SELECTIVE_PRECISION.json,MEDIUM,COMORBIDITE_ANTECEDENT,a_pour_contexte_acquisition,CONTEXTE_ACQUISITION,contexte_acquisition_influence_risque_resistance,MICRO_ORGANISME,P1_E009,Arthrodèse L1-L3 en 1994,1,P6_E071,SARM,6,"A et C présents dans le document, B absent du document"
B2_000629,img20250709_16283177_trace_sepsis_V1.6-V6.5-SELECTIVE_PRECISION.json,MEDIUM,COMORBIDITE_ANTECEDENT,a_pour_contexte_acquisition,CONTEXTE_ACQUISITION,contexte_acquisition_influence_risque_resistance,MICRO_ORGANISME,P1_E010,troubles de la marche avec troubles vésico sphinctériens (à type de rétention aiguë d'urine),1,P2_E070,SARM,2,"A et C présents dans le document, B absent du document"
B2_000630,img20250709_16283177_trace_sepsis_V1.6-V6.5-SELECTIVE_PRECISION.json,MEDIUM,COMORBIDITE_ANTECEDENT,a_pour_contexte_acquisition,CONTEXTE_ACQUISITION,contexte_acquisition_influence_risque_resistance,MICRO_ORGANISME,P1_E010,troubles de la marche avec troubles vésico sphinctériens (à type de rétention aiguë d'urine),1,P2_V66_E001,STAPHYLOCOQUE AUREUS,2,"A et C présents dans le document, B absent du document"
B2_000631,img20250709_16283177_trace_sepsis_V1.6-V6.5-SELECTIVE_PRECISION.json,MEDIUM,COMORBIDITE_ANTECEDENT,a_pour_contexte_acquisition,CONTEXTE_ACQUISITION,contexte_acquisition_influence_risque_resistance,MICRO_ORGANISME,P1_E010,troubles de la marche avec troubles vésico sphinctériens (à type de rétention aiguë d'urine),1,P5_V66_E001,Staph méth R,5,"A et C présents dans le document, B absent du document"
B2_000632,img20250709_16283177_trace_sepsis_V1.6-V6.5-SELECTIVE_PRECISION.json,MEDIUM,COMORBIDITE_ANTECEDENT,a_pour_contexte_acquisition,CONTEXTE_ACQUISITION,contexte_acquisition_influence_risque_resistance,MICRO_ORGANISME,P1_E010,troubles de la marche avec troubles vésico sphinctériens (à type de rétention aiguë d'urine),1,P6_E071,SARM,6,"A et C présents dans le document, B absent du document"
B2_000633,img20250709_16283177_trace_sepsis_V1.6-V6.5-SELECTIVE_PRECISION.json,MEDIUM,COMORBIDITE_ANTECEDENT,a_pour_contexte_acquisition,CONTEXTE_ACQUISITION,contexte_acquisition_influence_risque_resistance,MICRO_ORGANISME,P1_E011,myélographie,1,P2_E070,SARM,2,"A et C présents dans le document, B absent du document"
B2_000634,img20250709_16283177_trace_sepsis_V1.6-V6.5-SELECTIVE_PRECISION.json,MEDIUM,COMORBIDITE_ANTECEDENT,a_pour_contexte_acquisition,CONTEXTE_ACQUISITION,contexte_acquisition_influence_risque_resistance,MICRO_ORGANISME,P1_E011,myélographie,1,P2_V66_E001,STAPHYLOCOQUE AUREUS,2,"A et C présents dans le document, B absent du document"
B2_000635,img20250709_16283177_trace_sepsis_V1.6-V6.5-SELECTIVE_PRECISION.json,MEDIUM,COMORBIDITE_ANTECEDENT,a_pour_contexte_acquisition,CONTEXTE_ACQUISITION,contexte_acquisition_influence_risque_resistance,MICRO_ORGANISME,P1_E011,myélographie,1,P5_V66_E001,Staph méth R,5,"A et C présents dans le document, B absent du document"
B2_000636,img20250709_16283177_trace_sepsis_V1.6-V6.5-SELECTIVE_PRECISION.json,MEDIUM,COMORBIDITE_ANTECEDENT,a_pour_contexte_acquisition,CONTEXTE_ACQUISITION,contexte_acquisition_influence_risque_resistance,MICRO_ORGANISME,P1_E011,myélographie,1,P6_E071,SARM,6,"A et C présents dans le document, B absent du document"
B2_000637,img20250709_16283177_trace_sepsis_V1.6-V6.5-SELECTIVE_PRECISION.json,MEDIUM,COMORBIDITE_ANTECEDENT,a_pour_contexte_acquisition,CONTEXTE_ACQUISITION,contexte_acquisition_influence_risque_resistance,MICRO_ORGANISME,P1_E012,2 vis intra canalaire avec aspect d'ostéite chronique,1,P2_E070,SARM,2,"A et C présents dans le document, B absent du document"
B2_000638,img20250709_16283177_trace_sepsis_V1.6-V6.5-SELECTIVE_PRECISION.json,MEDIUM,COMORBIDITE_ANTECEDENT,a_pour_contexte_acquisition,CONTEXTE_ACQUISITION,contexte_acquisition_influence_risque_resistance,MICRO_ORGANISME,P1_E012,2 vis intra canalaire avec aspect d'ostéite chronique,1,P2_V66_E001,STAPHYLOCOQUE AUREUS,2,"A et C présents dans le document, B absent du document"
B2_000639,img20250709_16283177_trace_sepsis_V1.6-V6.5-SELECTIVE_PRECISION.json,MEDIUM,COMORBIDITE_ANTECEDENT,a_pour_contexte_acquisition,CONTEXTE_ACQUISITION,contexte_acquisition_influence_risque_resistance,MICRO_ORGANISME,P1_E012,2 vis intra canalaire avec aspect d'ostéite chronique,1,P5_V66_E001,Staph méth R,5,"A et C présents dans le document, B absent du document"
B2_000640,img20250709_16283177_trace_sepsis_V1.6-V6.5-SELECTIVE_PRECISION.json,MEDIUM,COMORBIDITE_ANTECEDENT,a_pour_contexte_acquisition,CONTEXTE_ACQUISITION,contexte_acquisition_influence_risque_resistance,MICRO_ORGANISME,P1_E012,2 vis intra canalaire avec aspect d'ostéite chronique,1,P6_E071,SARM,6,"A et C présents dans le document, B absent du document"
B2_000641,img20250709_16283177_trace_sepsis_V1.6-V6.5-SELECTIVE_PRECISION.json,MEDIUM,COMORBIDITE_ANTECEDENT,a_pour_contexte_acquisition,CONTEXTE_ACQUISITION,contexte_acquisition_influence_risque_resistance,MICRO_ORGANISME,P1_E023,Tabagisme,1,P2_E070,SARM,2,"A et C présents dans le document, B absent du document"
B2_000642,img20250709_16283177_trace_sepsis_V1.6-V6.5-SELECTIVE_PRECISION.json,MEDIUM,COMORBIDITE_ANTECEDENT,a_pour_contexte_acquisition,CONTEXTE_ACQUISITION,contexte_acquisition_influence_risque_resistance,MICRO_ORGANISME,P1_E023,Tabagisme,1,P2_V66_E001,STAPHYLOCOQUE AUREUS,2,"A et C présents dans le document, B absent du document"
B2_000643,img20250709_16283177_trace_sepsis_V1.6-V6.5-SELECTIVE_PRECISION.json,MEDIUM,COMORBIDITE_ANTECEDENT,a_pour_contexte_acquisition,CONTEXTE_ACQUISITION,contexte_acquisition_influence_risque_resistance,MICRO_ORGANISME,P1_E023,Tabagisme,1,P5_V66_E001,Staph méth R,5,"A et C présents dans le document, B absent du document"
B2_000644,img20250709_16283177_trace_sepsis_V1.6-V6.5-SELECTIVE_PRECISION.json,MEDIUM,COMORBIDITE_ANTECEDENT,a_pour_contexte_acquisition,CONTEXTE_ACQUISITION,contexte_acquisition_influence_risque_resistance,MICRO_ORGANISME,P1_E023,Tabagisme,1,P6_E071,SARM,6,"A et C présents dans le document, B absent du document"
B2_000645,img20250709_16283177_trace_sepsis_V1.6-V6.5-SELECTIVE_PRECISION.json,STRONG,COMORBIDITE_ANTECEDENT,a_pour_contexte_acquisition,CONTEXTE_ACQUISITION,contexte_acquisition_influence_risque_resistance,MICRO_ORGANISME,P2_E036,foie cirrhotique,2,P2_E070,SARM,2,"A et C présents sur la même page, B absent du document"
B2_000646,img20250709_16283177_trace_sepsis_V1.6-V6.5-SELECTIVE_PRECISION.json,STRONG,COMORBIDITE_ANTECEDENT,a_pour_contexte_acquisition,CONTEXTE_ACQUISITION,contexte_acquisition_influence_risque_resistance,MICRO_ORGANISME,P2_E036,foie cirrhotique,2,P2_V66_E001,STAPHYLOCOQUE AUREUS,2,"A et C présents sur la même page, B absent du document"
B2_000647,img20250709_16283177_trace_sepsis_V1.6-V6.5-SELECTIVE_PRECISION.json,MEDIUM,COMORBIDITE_ANTECEDENT,a_pour_contexte_acquisition,CONTEXTE_ACQUISITION,contexte_acquisition_influence_risque_resistance,MICRO_ORGANISME,P2_E036,foie cirrhotique,2,P5_V66_E001,Staph méth R,5,"A et C présents dans le document, B absent du document"
B2_000648,img20250709_16283177_trace_sepsis_V1.6-V6.5-SELECTIVE_PRECISION.json,MEDIUM,COMORBIDITE_ANTECEDENT,a_pour_contexte_acquisition,CONTEXTE_ACQUISITION,contexte_acquisition_influence_risque_resistance,MICRO_ORGANISME,P2_E036,foie cirrhotique,2,P6_E071,SARM,6,"A et C présents dans le document, B absent du document"
B2_000649,img20250709_16283177_trace_sepsis_V1.6-V6.5-SELECTIVE_PRECISION.json,STRONG,COMORBIDITE_ANTECEDENT,a_pour_contexte_acquisition,CONTEXTE_ACQUISITION,contexte_acquisition_influence_risque_resistance,MICRO_ORGANISME,P2_E062,varices oesophagiennes,2,P2_E070,SARM,2,"A et C présents sur la même page, B absent du document"
B2_000650,img20250709_16283177_trace_sepsis_V1.6-V6.5-SELECTIVE_PRECISION.json,STRONG,COMORBIDITE_ANTECEDENT,a_pour_contexte_acquisition,CONTEXTE_ACQUISITION,contexte_acquisition_influence_risque_resistance,MICRO_ORGANISME,P2_E062,varices oesophagiennes,2,P2_V66_E001,STAPHYLOCOQUE AUREUS,2,"A et C présents sur la même page, B absent du document"
B2_000651,img20250709_16283177_trace_sepsis_V1.6-V6.5-SELECTIVE_PRECISION.json,MEDIUM,COMORBIDITE_ANTECEDENT,a_pour_contexte_acquisition,CONTEXTE_ACQUISITION,contexte_acquisition_influence_risque_resistance,MICRO_ORGANISME,P2_E062,varices oesophagiennes,2,P5_V66_E001,Staph méth R,5,"A et C présents dans le document, B absent du document"
B2_000652,img20250709_16283177_trace_sepsis_V1.6-V6.5-SELECTIVE_PRECISION.json,MEDIUM,COMORBIDITE_ANTECEDENT,a_pour_contexte_acquisition,CONTEXTE_ACQUISITION,contexte_acquisition_influence_risque_resistance,MICRO_ORGANISME,P2_E062,varices oesophagiennes,2,P6_E071,SARM,6,"A et C présents dans le document, B absent du document"
B2_000653,img20250709_16283177_trace_sepsis_V1.6-V6.5-SELECTIVE_PRECISION.json,MEDIUM,COMORBIDITE_ANTECEDENT,a_pour_contexte_acquisition,CONTEXTE_ACQUISITION,contexte_acquisition_influence_risque_resistance,MICRO_ORGANISME,P6_E022,cirrhose VHC+OH stade Child C,6,P2_E070,SARM,2,"A et C présents dans le document, B absent du document"
B2_000654,img20250709_16283177_trace_sepsis_V1.6-V6.5-SELECTIVE_PRECISION.json,MEDIUM,COMORBIDITE_ANTECEDENT,a_pour_contexte_acquisition,CONTEXTE_ACQUISITION,contexte_acquisition_influence_risque_resistance,MICRO_ORGANISME,P6_E022,cirrhose VHC+OH stade Child C,6,P2_V66_E001,STAPHYLOCOQUE AUREUS,2,"A et C présents dans le document, B absent du document"
B2_000655,img20250709_16283177_trace_sepsis_V1.6-V6.5-SELECTIVE_PRECISION.json,MEDIUM,COMORBIDITE_ANTECEDENT,a_pour_contexte_acquisition,CONTEXTE_ACQUISITION,contexte_acquisition_influence_risque_resistance,MICRO_ORGANISME,P6_E022,cirrhose VHC+OH stade Child C,6,P5_V66_E001,Staph méth R,5,"A et C présents dans le document, B absent du document"
B2_000656,img20250709_16283177_trace_sepsis_V1.6-V6.5-SELECTIVE_PRECISION.json,STRONG,COMORBIDITE_ANTECEDENT,a_pour_contexte_acquisition,CONTEXTE_ACQUISITION,contexte_acquisition_influence_risque_resistance,MICRO_ORGANISME,P6_E022,cirrhose VHC+OH stade Child C,6,P6_E071,SARM,6,"A et C présents sur la même page, B absent du document"
B2_000657,img20250709_16283177_trace_sepsis_V1.6-V6.5-SELECTIVE_PRECISION.json,MEDIUM,COMORBIDITE_ANTECEDENT,a_pour_contexte_acquisition,CONTEXTE_ACQUISITION,contexte_acquisition_influence_risque_resistance,MICRO_ORGANISME,P6_E065,varices oesophagiennes,6,P2_E070,SARM,2,"A et C présents dans le document, B absent du document"
B2_000658,img20250709_16283177_trace_sepsis_V1.6-V6.5-SELECTIVE_PRECISION.json,MEDIUM,COMORBIDITE_ANTECEDENT,a_pour_contexte_acquisition,CONTEXTE_ACQUISITION,contexte_acquisition_influence_risque_resistance,MICRO_ORGANISME,P6_E065,varices oesophagiennes,6,P2_V66_E001,STAPHYLOCOQUE AUREUS,2,"A et C présents dans le document, B absent du document"
B2_000659,img20250709_16283177_trace_sepsis_V1.6-V6.5-SELECTIVE_PRECISION.json,MEDIUM,COMORBIDITE_ANTECEDENT,a_pour_contexte_acquisition,CONTEXTE_ACQUISITION,contexte_acquisition_influence_risque_resistance,MICRO_ORGANISME,P6_E065,varices oesophagiennes,6,P5_V66_E001,Staph méth R,5,"A et C présents dans le document, B absent du document"
B2_000660,img20250709_16283177_trace_sepsis_V1.6-V6.5-SELECTIVE_PRECISION.json,STRONG,COMORBIDITE_ANTECEDENT,a_pour_contexte_acquisition,CONTEXTE_ACQUISITION,contexte_acquisition_influence_risque_resistance,MICRO_ORGANISME,P6_E065,varices oesophagiennes,6,P6_E071,SARM,6,"A et C présents sur la même page, B absent du document"
B2_000661,img20250709_16301193_trace_sepsis_V1.6-V6.5-SELECTIVE_PRECISION.json,MEDIUM,TRAITEMENT,antibiotique_adequat_pour,MICRO_ORGANISME,micro_organisme_isole_dans,FOYER_INFECTIEUX,P1_E007,innohep,1,P5_E023,point de départ probablement urinaire,5,"A et C présents dans le document, B absent du document"
B2_000662,img20250709_16301193_trace_sepsis_V1.6-V6.5-SELECTIVE_PRECISION.json,MEDIUM,TRAITEMENT,antibiotique_adequat_pour,MICRO_ORGANISME,micro_organisme_isole_dans,FOYER_INFECTIEUX,P1_E008,spironolactone,1,P5_E023,point de départ probablement urinaire,5,"A et C présents dans le document, B absent du document"
B2_000663,img20250709_16301193_trace_sepsis_V1.6-V6.5-SELECTIVE_PRECISION.json,MEDIUM,TRAITEMENT,antibiotique_adequat_pour,MICRO_ORGANISME,micro_organisme_isole_dans,FOYER_INFECTIEUX,P1_E010,lasilix,1,P5_E023,point de départ probablement urinaire,5,"A et C présents dans le document, B absent du document"
B2_000664,img20250709_16301193_trace_sepsis_V1.6-V6.5-SELECTIVE_PRECISION.json,MEDIUM,TRAITEMENT,antibiotique_adequat_pour,MICRO_ORGANISME,micro_organisme_isole_dans,FOYER_INFECTIEUX,P1_E012,vitamine B1 B6,1,P5_E023,point de départ probablement urinaire,5,"A et C présents dans le document, B absent du document"
B2_000665,img20250709_16301193_trace_sepsis_V1.6-V6.5-SELECTIVE_PRECISION.json,MEDIUM,TRAITEMENT,antibiotique_adequat_pour,MICRO_ORGANISME,micro_organisme_isole_dans,FOYER_INFECTIEUX,P1_E014,duphalac,1,P5_E023,point de départ probablement urinaire,5,"A et C présents dans le document, B absent du document"
B2_000666,img20250709_16301193_trace_sepsis_V1.6-V6.5-SELECTIVE_PRECISION.json,MEDIUM,TRAITEMENT,antibiotique_adequat_pour,MICRO_ORGANISME,micro_organisme_isole_dans,FOYER_INFECTIEUX,P1_E015,diffu K,1,P5_E023,point de départ probablement urinaire,5,"A et C présents dans le document, B absent du document"
B2_000667,img20250709_16301193_trace_sepsis_V1.6-V6.5-SELECTIVE_PRECISION.json,MEDIUM,TRAITEMENT,antibiotique_adequat_pour,MICRO_ORGANISME,micro_organisme_isole_dans,FOYER_INFECTIEUX,P2_E018,antibiothérapie,2,P5_E023,point de départ probablement urinaire,5,"A et C présents dans le document, B absent du document"
B2_000668,img20250709_16301193_trace_sepsis_V1.6-V6.5-SELECTIVE_PRECISION.json,MEDIUM,TRAITEMENT,antibiotique_adequat_pour,MICRO_ORGANISME,micro_organisme_isole_dans,FOYER_INFECTIEUX,P2_E019,remplissage vasculaire,2,P5_E023,point de départ probablement urinaire,5,"A et C présents dans le document, B absent du document"
B2_000669,img20250709_16301193_trace_sepsis_V1.6-V6.5-SELECTIVE_PRECISION.json,MEDIUM,TRAITEMENT,antibiotique_adequat_pour,MICRO_ORGANISME,micro_organisme_isole_dans,FOYER_INFECTIEUX,P2_E021,noradrénaline,2,P5_E023,point de départ probablement urinaire,5,"A et C présents dans le document, B absent du document"
B2_000670,img20250709_16301193_trace_sepsis_V1.6-V6.5-SELECTIVE_PRECISION.json,MEDIUM,TRAITEMENT,antibiotique_adequat_pour,MICRO_ORGANISME,micro_organisme_isole_dans,FOYER_INFECTIEUX,P2_E057,O2,2,P5_E023,point de départ probablement urinaire,5,"A et C présents dans le document, B absent du document"
B2_000671,img20250709_16301193_trace_sepsis_V1.6-V6.5-SELECTIVE_PRECISION.json,MEDIUM,TRAITEMENT,antibiotique_adequat_pour,MICRO_ORGANISME,micro_organisme_isole_dans,FOYER_INFECTIEUX,P2_V66_E001,sérum physiologique,2,P5_E023,point de départ probablement urinaire,5,"A et C présents dans le document, B absent du document"
B2_000672,img20250709_16301193_trace_sepsis_V1.6-V6.5-SELECTIVE_PRECISION.json,MEDIUM,TRAITEMENT,antibiotique_adequat_pour,MICRO_ORGANISME,micro_organisme_isole_dans,FOYER_INFECTIEUX,P3_E038,O2,3,P5_E023,point de départ probablement urinaire,5,"A et C présents dans le document, B absent du document"
B2_000673,img20250709_16301193_trace_sepsis_V1.6-V6.5-SELECTIVE_PRECISION.json,MEDIUM,TRAITEMENT,antibiotique_adequat_pour,MICRO_ORGANISME,micro_organisme_isole_dans,FOYER_INFECTIEUX,P4_E023,NA,4,P5_E023,point de départ probablement urinaire,5,"A et C présents dans le document, B absent du document"
B2_000674,img20250709_16301193_trace_sepsis_V1.6-V6.5-SELECTIVE_PRECISION.json,MEDIUM,TRAITEMENT,antibiotique_adequat_pour,MICRO_ORGANISME,micro_organisme_isole_dans,FOYER_INFECTIEUX,P4_E024,monitoring invasif,4,P5_E023,point de départ probablement urinaire,5,"A et C présents dans le document, B absent du document"
B2_000675,img20250709_16301193_trace_sepsis_V1.6-V6.5-SELECTIVE_PRECISION.json,MEDIUM,TRAITEMENT,antibiotique_adequat_pour,MICRO_ORGANISME,micro_organisme_isole_dans,FOYER_INFECTIEUX,P4_E025,amiklin,4,P5_E023,point de départ probablement urinaire,5,"A et C présents dans le document, B absent du document"
B2_000676,img20250709_16301193_trace_sepsis_V1.6-V6.5-SELECTIVE_PRECISION.json,MEDIUM,TRAITEMENT,antibiotique_adequat_pour,MICRO_ORGANISME,micro_organisme_isole_dans,FOYER_INFECTIEUX,P4_E026,C3G,4,P5_E023,point de départ probablement urinaire,5,"A et C présents dans le document, B absent du document"
B2_000677,img20250709_16301193_trace_sepsis_V1.6-V6.5-SELECTIVE_PRECISION.json,STRONG,TRAITEMENT,antibiotique_adequat_pour,MICRO_ORGANISME,micro_organisme_isole_dans,FOYER_INFECTIEUX,P5_E021,Venlafaxine LP 37.5,5,P5_E023,point de départ probablement urinaire,5,"A et C présents sur la même page, B absent du document"
B2_000678,img20250709_16301193_trace_sepsis_V1.6-V6.5-SELECTIVE_PRECISION.json,STRONG,TRAITEMENT,antibiotique_adequat_pour,MICRO_ORGANISME,micro_organisme_isole_dans,FOYER_INFECTIEUX,P5_E027,calciparine,5,P5_E023,point de départ probablement urinaire,5,"A et C présents sur la même page, B absent du document"
B2_000679,img20250709_16301193_trace_sepsis_V1.6-V6.5-SELECTIVE_PRECISION.json,STRONG,TRAITEMENT,antibiotique_adequat_pour,MICRO_ORGANISME,micro_organisme_isole_dans,FOYER_INFECTIEUX,P5_E031,claforan,5,P5_E023,point de départ probablement urinaire,5,"A et C présents sur la même page, B absent du document"
B2_000680,img20250709_16301193_trace_sepsis_V1.6-V6.5-SELECTIVE_PRECISION.json,STRONG,TRAITEMENT,antibiotique_adequat_pour,MICRO_ORGANISME,micro_organisme_isole_dans,FOYER_INFECTIEUX,P5_E033,diffu K,5,P5_E023,point de départ probablement urinaire,5,"A et C présents sur la même page, B absent du document"
B2_000681,img20250709_16301193_trace_sepsis_V1.6-V6.5-SELECTIVE_PRECISION.json,STRONG,TRAITEMENT,antibiotique_adequat_pour,MICRO_ORGANISME,micro_organisme_isole_dans,FOYER_INFECTIEUX,P5_E034,pariet,5,P5_E023,point de départ probablement urinaire,5,"A et C présents sur la même page, B absent du document"
B2_000682,img20250709_16301193_trace_sepsis_V1.6-V6.5-SELECTIVE_PRECISION.json,STRONG,TRAITEMENT,antibiotique_adequat_pour,MICRO_ORGANISME,micro_organisme_isole_dans,FOYER_INFECTIEUX,P5_E036,Venlafaxine lp37.5mg,5,P5_E023,point de départ probablement urinaire,5,"A et C présents sur la même page, B absent du document"
B2_000683,img20250709_16301193_trace_sepsis_V1.6-V6.5-SELECTIVE_PRECISION.json,STRONG,TRAITEMENT,antibiotique_adequat_pour,MICRO_ORGANISME,micro_organisme_isole_dans,FOYER_INFECTIEUX,P5_E038,glucose 500 ml,5,P5_E023,point de départ probablement urinaire,5,"A et C présents sur la même page, B absent du document"
B2_000684,img20250709_16301193_trace_sepsis_V1.6-V6.5-SELECTIVE_PRECISION.json,STRONG,TRAITEMENT,antibiotique_adequat_pour,MICRO_ORGANISME,micro_organisme_isole_dans,FOYER_INFECTIEUX,P5_E039,vitamine B1,5,P5_E023,point de départ probablement urinaire,5,"A et C présents sur la même page, B absent du document"
B2_000685,img20250709_16301193_trace_sepsis_V1.6-V6.5-SELECTIVE_PRECISION.json,STRONG,TRAITEMENT,antibiotique_adequat_pour,MICRO_ORGANISME,micro_organisme_isole_dans,FOYER_INFECTIEUX,P5_E040,nicotinamide,5,P5_E023,point de départ probablement urinaire,5,"A et C présents sur la même page, B absent du document"
B2_000686,img20250709_16301193_trace_sepsis_V1.6-V6.5-SELECTIVE_PRECISION.json,STRONG,TRAITEMENT,antibiotique_adequat_pour,MICRO_ORGANISME,micro_organisme_isole_dans,FOYER_INFECTIEUX,P5_E047,Transfusion,5,P5_E023,point de départ probablement urinaire,5,"A et C présents sur la même page, B absent du document"
B2_000687,img20250709_16301193_trace_sepsis_V1.6-V6.5-SELECTIVE_PRECISION.json,MEDIUM,TRAITEMENT,antibiotique_adequat_pour,MICRO_ORGANISME,micro_organisme_isole_dans,FOYER_INFECTIEUX,P2_V75_001,flagyl,2,P5_E023,point de départ probablement urinaire,5,"A et C présents dans le document, B absent du document"
B2_000688,img20250709_16301193_trace_sepsis_V1.6-V6.5-SELECTIVE_PRECISION.json,MEDIUM,TRAITEMENT,antibiotique_inadequat_pour,MICRO_ORGANISME,micro_organisme_isole_dans,FOYER_INFECTIEUX,P1_E007,innohep,1,P5_E023,point de départ probablement urinaire,5,"A et C présents dans le document, B absent du document"
B2_000689,img20250709_16301193_trace_sepsis_V1.6-V6.5-SELECTIVE_PRECISION.json,MEDIUM,TRAITEMENT,antibiotique_inadequat_pour,MICRO_ORGANISME,micro_organisme_isole_dans,FOYER_INFECTIEUX,P1_E008,spironolactone,1,P5_E023,point de départ probablement urinaire,5,"A et C présents dans le document, B absent du document"
B2_000690,img20250709_16301193_trace_sepsis_V1.6-V6.5-SELECTIVE_PRECISION.json,MEDIUM,TRAITEMENT,antibiotique_inadequat_pour,MICRO_ORGANISME,micro_organisme_isole_dans,FOYER_INFECTIEUX,P1_E010,lasilix,1,P5_E023,point de départ probablement urinaire,5,"A et C présents dans le document, B absent du document"
B2_000691,img20250709_16301193_trace_sepsis_V1.6-V6.5-SELECTIVE_PRECISION.json,MEDIUM,TRAITEMENT,antibiotique_inadequat_pour,MICRO_ORGANISME,micro_organisme_isole_dans,FOYER_INFECTIEUX,P1_E012,vitamine B1 B6,1,P5_E023,point de départ probablement urinaire,5,"A et C présents dans le document, B absent du document"
B2_000692,img20250709_16301193_trace_sepsis_V1.6-V6.5-SELECTIVE_PRECISION.json,MEDIUM,TRAITEMENT,antibiotique_inadequat_pour,MICRO_ORGANISME,micro_organisme_isole_dans,FOYER_INFECTIEUX,P1_E014,duphalac,1,P5_E023,point de départ probablement urinaire,5,"A et C présents dans le document, B absent du document"
B2_000693,img20250709_16301193_trace_sepsis_V1.6-V6.5-SELECTIVE_PRECISION.json,MEDIUM,TRAITEMENT,antibiotique_inadequat_pour,MICRO_ORGANISME,micro_organisme_isole_dans,FOYER_INFECTIEUX,P1_E015,diffu K,1,P5_E023,point de départ probablement urinaire,5,"A et C présents dans le document, B absent du document"
B2_000694,img20250709_16301193_trace_sepsis_V1.6-V6.5-SELECTIVE_PRECISION.json,MEDIUM,TRAITEMENT,antibiotique_inadequat_pour,MICRO_ORGANISME,micro_organisme_isole_dans,FOYER_INFECTIEUX,P2_E018,antibiothérapie,2,P5_E023,point de départ probablement urinaire,5,"A et C présents dans le document, B absent du document"
B2_000695,img20250709_16301193_trace_sepsis_V1.6-V6.5-SELECTIVE_PRECISION.json,MEDIUM,TRAITEMENT,antibiotique_inadequat_pour,MICRO_ORGANISME,micro_organisme_isole_dans,FOYER_INFECTIEUX,P2_E019,remplissage vasculaire,2,P5_E023,point de départ probablement urinaire,5,"A et C présents dans le document, B absent du document"
B2_000696,img20250709_16301193_trace_sepsis_V1.6-V6.5-SELECTIVE_PRECISION.json,MEDIUM,TRAITEMENT,antibiotique_inadequat_pour,MICRO_ORGANISME,micro_organisme_isole_dans,FOYER_INFECTIEUX,P2_E021,noradrénaline,2,P5_E023,point de départ probablement urinaire,5,"A et C présents dans le document, B absent du document"
B2_000697,img20250709_16301193_trace_sepsis_V1.6-V6.5-SELECTIVE_PRECISION.json,MEDIUM,TRAITEMENT,antibiotique_inadequat_pour,MICRO_ORGANISME,micro_organisme_isole_dans,FOYER_INFECTIEUX,P2_E057,O2,2,P5_E023,point de départ probablement urinaire,5,"A et C présents dans le document, B absent du document"
B2_000698,img20250709_16301193_trace_sepsis_V1.6-V6.5-SELECTIVE_PRECISION.json,MEDIUM,TRAITEMENT,antibiotique_inadequat_pour,MICRO_ORGANISME,micro_organisme_isole_dans,FOYER_INFECTIEUX,P2_V66_E001,sérum physiologique,2,P5_E023,point de départ probablement urinaire,5,"A et C présents dans le document, B absent du document"
B2_000699,img20250709_16301193_trace_sepsis_V1.6-V6.5-SELECTIVE_PRECISION.json,MEDIUM,TRAITEMENT,antibiotique_inadequat_pour,MICRO_ORGANISME,micro_organisme_isole_dans,FOYER_INFECTIEUX,P3_E038,O2,3,P5_E023,point de départ probablement urinaire,5,"A et C présents dans le document, B absent du document"
B2_000700,img20250709_16301193_trace_sepsis_V1.6-V6.5-SELECTIVE_PRECISION.json,MEDIUM,TRAITEMENT,antibiotique_inadequat_pour,MICRO_ORGANISME,micro_organisme_isole_dans,FOYER_INFECTIEUX,P4_E023,NA,4,P5_E023,point de départ probablement urinaire,5,"A et C présents dans le document, B absent du document"
B2_000701,img20250709_16301193_trace_sepsis_V1.6-V6.5-SELECTIVE_PRECISION.json,MEDIUM,TRAITEMENT,antibiotique_inadequat_pour,MICRO_ORGANISME,micro_organisme_isole_dans,FOYER_INFECTIEUX,P4_E024,monitoring invasif,4,P5_E023,point de départ probablement urinaire,5,"A et C présents dans le document, B absent du document"
B2_000702,img20250709_16301193_trace_sepsis_V1.6-V6.5-SELECTIVE_PRECISION.json,MEDIUM,TRAITEMENT,antibiotique_inadequat_pour,MICRO_ORGANISME,micro_organisme_isole_dans,FOYER_INFECTIEUX,P4_E025,amiklin,4,P5_E023,point de départ probablement urinaire,5,"A et C présents dans le document, B absent du document"
B2_000703,img20250709_16301193_trace_sepsis_V1.6-V6.5-SELECTIVE_PRECISION.json,MEDIUM,TRAITEMENT,antibiotique_inadequat_pour,MICRO_ORGANISME,micro_organisme_isole_dans,FOYER_INFECTIEUX,P4_E026,C3G,4,P5_E023,point de départ probablement urinaire,5,"A et C présents dans le document, B absent du document"
B2_000704,img20250709_16301193_trace_sepsis_V1.6-V6.5-SELECTIVE_PRECISION.json,STRONG,TRAITEMENT,antibiotique_inadequat_pour,MICRO_ORGANISME,micro_organisme_isole_dans,FOYER_INFECTIEUX,P5_E021,Venlafaxine LP 37.5,5,P5_E023,point de départ probablement urinaire,5,"A et C présents sur la même page, B absent du document"
B2_000705,img20250709_16301193_trace_sepsis_V1.6-V6.5-SELECTIVE_PRECISION.json,STRONG,TRAITEMENT,antibiotique_inadequat_pour,MICRO_ORGANISME,micro_organisme_isole_dans,FOYER_INFECTIEUX,P5_E027,calciparine,5,P5_E023,point de départ probablement urinaire,5,"A et C présents sur la même page, B absent du document"
B2_000706,img20250709_16301193_trace_sepsis_V1.6-V6.5-SELECTIVE_PRECISION.json,STRONG,TRAITEMENT,antibiotique_inadequat_pour,MICRO_ORGANISME,micro_organisme_isole_dans,FOYER_INFECTIEUX,P5_E031,claforan,5,P5_E023,point de départ probablement urinaire,5,"A et C présents sur la même page, B absent du document"
B2_000707,img20250709_16301193_trace_sepsis_V1.6-V6.5-SELECTIVE_PRECISION.json,STRONG,TRAITEMENT,antibiotique_inadequat_pour,MICRO_ORGANISME,micro_organisme_isole_dans,FOYER_INFECTIEUX,P5_E033,diffu K,5,P5_E023,point de départ probablement urinaire,5,"A et C présents sur la même page, B absent du document"
B2_000708,img20250709_16301193_trace_sepsis_V1.6-V6.5-SELECTIVE_PRECISION.json,STRONG,TRAITEMENT,antibiotique_inadequat_pour,MICRO_ORGANISME,micro_organisme_isole_dans,FOYER_INFECTIEUX,P5_E034,pariet,5,P5_E023,point de départ probablement urinaire,5,"A et C présents sur la même page, B absent du document"
B2_000709,img20250709_16301193_trace_sepsis_V1.6-V6.5-SELECTIVE_PRECISION.json,STRONG,TRAITEMENT,antibiotique_inadequat_pour,MICRO_ORGANISME,micro_organisme_isole_dans,FOYER_INFECTIEUX,P5_E036,Venlafaxine lp37.5mg,5,P5_E023,point de départ probablement urinaire,5,"A et C présents sur la même page, B absent du document"
B2_000710,img20250709_16301193_trace_sepsis_V1.6-V6.5-SELECTIVE_PRECISION.json,STRONG,TRAITEMENT,antibiotique_inadequat_pour,MICRO_ORGANISME,micro_organisme_isole_dans,FOYER_INFECTIEUX,P5_E038,glucose 500 ml,5,P5_E023,point de départ probablement urinaire,5,"A et C présents sur la même page, B absent du document"
B2_000711,img20250709_16301193_trace_sepsis_V1.6-V6.5-SELECTIVE_PRECISION.json,STRONG,TRAITEMENT,antibiotique_inadequat_pour,MICRO_ORGANISME,micro_organisme_isole_dans,FOYER_INFECTIEUX,P5_E039,vitamine B1,5,P5_E023,point de départ probablement urinaire,5,"A et C présents sur la même page, B absent du document"
B2_000712,img20250709_16301193_trace_sepsis_V1.6-V6.5-SELECTIVE_PRECISION.json,STRONG,TRAITEMENT,antibiotique_inadequat_pour,MICRO_ORGANISME,micro_organisme_isole_dans,FOYER_INFECTIEUX,P5_E040,nicotinamide,5,P5_E023,point de départ probablement urinaire,5,"A et C présents sur la même page, B absent du document"
B2_000713,img20250709_16301193_trace_sepsis_V1.6-V6.5-SELECTIVE_PRECISION.json,STRONG,TRAITEMENT,antibiotique_inadequat_pour,MICRO_ORGANISME,micro_organisme_isole_dans,FOYER_INFECTIEUX,P5_E047,Transfusion,5,P5_E023,point de départ probablement urinaire,5,"A et C présents sur la même page, B absent du document"
B2_000714,img20250709_16301193_trace_sepsis_V1.6-V6.5-SELECTIVE_PRECISION.json,MEDIUM,TRAITEMENT,antibiotique_inadequat_pour,MICRO_ORGANISME,micro_organisme_isole_dans,FOYER_INFECTIEUX,P2_V75_001,flagyl,2,P5_E023,point de départ probablement urinaire,5,"A et C présents dans le document, B absent du document"
B2_000715,img20250709_16304515_trace_sepsis_V1.6-V6.5-SELECTIVE_PRECISION.json,MEDIUM,COMORBIDITE_ANTECEDENT,a_pour_contexte_acquisition,CONTEXTE_ACQUISITION,contexte_acquisition_influence_risque_resistance,MICRO_ORGANISME,P1_E001,cirrhotique connu,1,P5_V66_E001,pneumocoque,5,"A et C présents dans le document, B absent du document"
B2_000716,img20250709_16304515_trace_sepsis_V1.6-V6.5-SELECTIVE_PRECISION.json,MEDIUM,COMORBIDITE_ANTECEDENT,a_pour_contexte_acquisition,CONTEXTE_ACQUISITION,contexte_acquisition_influence_risque_resistance,MICRO_ORGANISME,P1_E002,alcoolodépendance,1,P5_V66_E001,pneumocoque,5,"A et C présents dans le document, B absent du document"
B2_000717,img20250709_16304515_trace_sepsis_V1.6-V6.5-SELECTIVE_PRECISION.json,MEDIUM,COMORBIDITE_ANTECEDENT,a_pour_contexte_acquisition,CONTEXTE_ACQUISITION,contexte_acquisition_influence_risque_resistance,MICRO_ORGANISME,P1_E003,tabagisme sévère depuis 1997,1,P5_V66_E001,pneumocoque,5,"A et C présents dans le document, B absent du document"
B2_000718,img20250709_16304515_trace_sepsis_V1.6-V6.5-SELECTIVE_PRECISION.json,MEDIUM,COMORBIDITE_ANTECEDENT,a_pour_contexte_acquisition,CONTEXTE_ACQUISITION,contexte_acquisition_influence_risque_resistance,MICRO_ORGANISME,P1_E004,Hémorragie digestive sur ulcère gastro-duodénale,1,P5_V66_E001,pneumocoque,5,"A et C présents dans le document, B absent du document"
B2_000719,img20250709_16321359_trace_sepsis_V1.6-V6.5-SELECTIVE_PRECISION.json,MEDIUM,COMORBIDITE_ANTECEDENT,a_pour_contexte_acquisition,CONTEXTE_ACQUISITION,contexte_acquisition_influence_risque_resistance,MICRO_ORGANISME,P1_E013,Schizophrénie,1,P4_E006,pyocyanique,4,"A et C présents dans le document, B absent du document"
B2_000720,img20250709_16321359_trace_sepsis_V1.6-V6.5-SELECTIVE_PRECISION.json,MEDIUM,COMORBIDITE_ANTECEDENT,a_pour_contexte_acquisition,CONTEXTE_ACQUISITION,contexte_acquisition_influence_risque_resistance,MICRO_ORGANISME,P1_E013,Schizophrénie,1,P4_E016,Culture positive à méningocoque,4,"A et C présents dans le document, B absent du document"
B2_000721,img20250709_16321359_trace_sepsis_V1.6-V6.5-SELECTIVE_PRECISION.json,MEDIUM,COMORBIDITE_ANTECEDENT,a_pour_contexte_acquisition,CONTEXTE_ACQUISITION,contexte_acquisition_influence_risque_resistance,MICRO_ORGANISME,P1_E014,HTA,1,P4_E006,pyocyanique,4,"A et C présents dans le document, B absent du document"
B2_000722,img20250709_16321359_trace_sepsis_V1.6-V6.5-SELECTIVE_PRECISION.json,MEDIUM,COMORBIDITE_ANTECEDENT,a_pour_contexte_acquisition,CONTEXTE_ACQUISITION,contexte_acquisition_influence_risque_resistance,MICRO_ORGANISME,P1_E014,HTA,1,P4_E016,Culture positive à méningocoque,4,"A et C présents dans le document, B absent du document"
B2_000723,img20250709_16321359_trace_sepsis_V1.6-V6.5-SELECTIVE_PRECISION.json,MEDIUM,COMORBIDITE_ANTECEDENT,a_pour_contexte_acquisition,CONTEXTE_ACQUISITION,contexte_acquisition_influence_risque_resistance,MICRO_ORGANISME,P1_E015,Asthme,1,P4_E006,pyocyanique,4,"A et C présents dans le document, B absent du document"
B2_000724,img20250709_16321359_trace_sepsis_V1.6-V6.5-SELECTIVE_PRECISION.json,MEDIUM,COMORBIDITE_ANTECEDENT,a_pour_contexte_acquisition,CONTEXTE_ACQUISITION,contexte_acquisition_influence_risque_resistance,MICRO_ORGANISME,P1_E015,Asthme,1,P4_E016,Culture positive à méningocoque,4,"A et C présents dans le document, B absent du document"
B2_000725,img20250709_16321359_trace_sepsis_V1.6-V6.5-SELECTIVE_PRECISION.json,STRONG,COMORBIDITE_ANTECEDENT,a_pour_contexte_acquisition,CONTEXTE_ACQUISITION,contexte_acquisition_influence_risque_resistance,MICRO_ORGANISME,P4_E013,recherche d'un syndrome catastrophique des anti-phospholipides,4,P4_E006,pyocyanique,4,"A et C présents sur la même page, B absent du document"
B2_000726,img20250709_16321359_trace_sepsis_V1.6-V6.5-SELECTIVE_PRECISION.json,STRONG,COMORBIDITE_ANTECEDENT,a_pour_contexte_acquisition,CONTEXTE_ACQUISITION,contexte_acquisition_influence_risque_resistance,MICRO_ORGANISME,P4_E013,recherche d'un syndrome catastrophique des anti-phospholipides,4,P4_E016,Culture positive à méningocoque,4,"A et C présents sur la même page, B absent du document"
B2_000727,img20250709_16321359_trace_sepsis_V1.6-V6.5-SELECTIVE_PRECISION.json,STRONG,COMORBIDITE_ANTECEDENT,a_pour_contexte_acquisition,CONTEXTE_ACQUISITION,contexte_acquisition_influence_risque_resistance,MICRO_ORGANISME,P4_E014,recherche de TIH,4,P4_E006,pyocyanique,4,"A et C présents sur la même page, B absent du document"
B2_000728,img20250709_16321359_trace_sepsis_V1.6-V6.5-SELECTIVE_PRECISION.json,STRONG,COMORBIDITE_ANTECEDENT,a_pour_contexte_acquisition,CONTEXTE_ACQUISITION,contexte_acquisition_influence_risque_resistance,MICRO_ORGANISME,P4_E014,recherche de TIH,4,P4_E016,Culture positive à méningocoque,4,"A et C présents sur la même page, B absent du document"
B2_000729,img20250709_16340712_trace_sepsis_V1.6-V6.5-SELECTIVE_PRECISION.json,MEDIUM,COMORBIDITE_ANTECEDENT,a_pour_contexte_acquisition,CONTEXTE_ACQUISITION,contexte_acquisition_influence_risque_resistance,MICRO_ORGANISME,P1_E001,BPCO,1,P4_V66_E002,pneumocoque,4,"A et C présents dans le document, B absent du document"
B2_000730,img20250709_16340712_trace_sepsis_V1.6-V6.5-SELECTIVE_PRECISION.json,MEDIUM,COMORBIDITE_ANTECEDENT,a_pour_contexte_acquisition,CONTEXTE_ACQUISITION,contexte_acquisition_influence_risque_resistance,MICRO_ORGANISME,P1_E001,BPCO,1,P5_E043,PDP positif à Pneumocoque,5,"A et C présents dans le document, B absent du document"
B2_000731,img20250709_16340712_trace_sepsis_V1.6-V6.5-SELECTIVE_PRECISION.json,MEDIUM,COMORBIDITE_ANTECEDENT,a_pour_contexte_acquisition,CONTEXTE_ACQUISITION,contexte_acquisition_influence_risque_resistance,MICRO_ORGANISME,P1_E001,BPCO,1,P5_E044,antigénurie pneumocoque,5,"A et C présents dans le document, B absent du document"
B2_000732,img20250709_16340712_trace_sepsis_V1.6-V6.5-SELECTIVE_PRECISION.json,MEDIUM,COMORBIDITE_ANTECEDENT,a_pour_contexte_acquisition,CONTEXTE_ACQUISITION,contexte_acquisition_influence_risque_resistance,MICRO_ORGANISME,P1_E001,BPCO,1,P5_E045,légionnaire négative,5,"A et C présents dans le document, B absent du document"
B2_000733,img20250709_16340712_trace_sepsis_V1.6-V6.5-SELECTIVE_PRECISION.json,MEDIUM,COMORBIDITE_ANTECEDENT,a_pour_contexte_acquisition,CONTEXTE_ACQUISITION,contexte_acquisition_influence_risque_resistance,MICRO_ORGANISME,P1_E001,BPCO,1,P5_E046,Prélèvement grippe négatif,5,"A et C présents dans le document, B absent du document"
B2_000734,img20250709_16340712_trace_sepsis_V1.6-V6.5-SELECTIVE_PRECISION.json,MEDIUM,COMORBIDITE_ANTECEDENT,a_pour_contexte_acquisition,CONTEXTE_ACQUISITION,contexte_acquisition_influence_risque_resistance,MICRO_ORGANISME,P1_E001,BPCO,1,P6_E030,pas de germe au direct,6,"A et C présents dans le document, B absent du document"
B2_000735,img20250709_16340712_trace_sepsis_V1.6-V6.5-SELECTIVE_PRECISION.json,MEDIUM,COMORBIDITE_ANTECEDENT,a_pour_contexte_acquisition,CONTEXTE_ACQUISITION,contexte_acquisition_influence_risque_resistance,MICRO_ORGANISME,P1_E001,BPCO,1,P6_V66_E001,pneumocoque,6,"A et C présents dans le document, B absent du document"
B2_000736,img20250709_16340712_trace_sepsis_V1.6-V6.5-SELECTIVE_PRECISION.json,MEDIUM,COMORBIDITE_ANTECEDENT,a_pour_contexte_acquisition,CONTEXTE_ACQUISITION,contexte_acquisition_influence_risque_resistance,MICRO_ORGANISME,P1_E002,HTA,1,P4_V66_E002,pneumocoque,4,"A et C présents dans le document, B absent du document"
B2_000737,img20250709_16340712_trace_sepsis_V1.6-V6.5-SELECTIVE_PRECISION.json,MEDIUM,COMORBIDITE_ANTECEDENT,a_pour_contexte_acquisition,CONTEXTE_ACQUISITION,contexte_acquisition_influence_risque_resistance,MICRO_ORGANISME,P1_E002,HTA,1,P5_E043,PDP positif à Pneumocoque,5,"A et C présents dans le document, B absent du document"
B2_000738,img20250709_16340712_trace_sepsis_V1.6-V6.5-SELECTIVE_PRECISION.json,MEDIUM,COMORBIDITE_ANTECEDENT,a_pour_contexte_acquisition,CONTEXTE_ACQUISITION,contexte_acquisition_influence_risque_resistance,MICRO_ORGANISME,P1_E002,HTA,1,P5_E044,antigénurie pneumocoque,5,"A et C présents dans le document, B absent du document"
B2_000739,img20250709_16340712_trace_sepsis_V1.6-V6.5-SELECTIVE_PRECISION.json,MEDIUM,COMORBIDITE_ANTECEDENT,a_pour_contexte_acquisition,CONTEXTE_ACQUISITION,contexte_acquisition_influence_risque_resistance,MICRO_ORGANISME,P1_E002,HTA,1,P5_E045,légionnaire négative,5,"A et C présents dans le document, B absent du document"
B2_000740,img20250709_16340712_trace_sepsis_V1.6-V6.5-SELECTIVE_PRECISION.json,MEDIUM,COMORBIDITE_ANTECEDENT,a_pour_contexte_acquisition,CONTEXTE_ACQUISITION,contexte_acquisition_influence_risque_resistance,MICRO_ORGANISME,P1_E002,HTA,1,P5_E046,Prélèvement grippe négatif,5,"A et C présents dans le document, B absent du document"
B2_000741,img20250709_16340712_trace_sepsis_V1.6-V6.5-SELECTIVE_PRECISION.json,MEDIUM,COMORBIDITE_ANTECEDENT,a_pour_contexte_acquisition,CONTEXTE_ACQUISITION,contexte_acquisition_influence_risque_resistance,MICRO_ORGANISME,P1_E002,HTA,1,P6_E030,pas de germe au direct,6,"A et C présents dans le document, B absent du document"
B2_000742,img20250709_16340712_trace_sepsis_V1.6-V6.5-SELECTIVE_PRECISION.json,MEDIUM,COMORBIDITE_ANTECEDENT,a_pour_contexte_acquisition,CONTEXTE_ACQUISITION,contexte_acquisition_influence_risque_resistance,MICRO_ORGANISME,P1_E002,HTA,1,P6_V66_E001,pneumocoque,6,"A et C présents dans le document, B absent du document"
B2_000743,img20250709_16340712_trace_sepsis_V1.6-V6.5-SELECTIVE_PRECISION.json,MEDIUM,COMORBIDITE_ANTECEDENT,a_pour_contexte_acquisition,CONTEXTE_ACQUISITION,contexte_acquisition_influence_risque_resistance,MICRO_ORGANISME,P1_E003,Diabète de type 1,1,P4_V66_E002,pneumocoque,4,"A et C présents dans le document, B absent du document"
B2_000744,img20250709_16340712_trace_sepsis_V1.6-V6.5-SELECTIVE_PRECISION.json,MEDIUM,COMORBIDITE_ANTECEDENT,a_pour_contexte_acquisition,CONTEXTE_ACQUISITION,contexte_acquisition_influence_risque_resistance,MICRO_ORGANISME,P1_E003,Diabète de type 1,1,P5_E043,PDP positif à Pneumocoque,5,"A et C présents dans le document, B absent du document"
B2_000745,img20250709_16340712_trace_sepsis_V1.6-V6.5-SELECTIVE_PRECISION.json,MEDIUM,COMORBIDITE_ANTECEDENT,a_pour_contexte_acquisition,CONTEXTE_ACQUISITION,contexte_acquisition_influence_risque_resistance,MICRO_ORGANISME,P1_E003,Diabète de type 1,1,P5_E044,antigénurie pneumocoque,5,"A et C présents dans le document, B absent du document"
B2_000746,img20250709_16340712_trace_sepsis_V1.6-V6.5-SELECTIVE_PRECISION.json,MEDIUM,COMORBIDITE_ANTECEDENT,a_pour_contexte_acquisition,CONTEXTE_ACQUISITION,contexte_acquisition_influence_risque_resistance,MICRO_ORGANISME,P1_E003,Diabète de type 1,1,P5_E045,légionnaire négative,5,"A et C présents dans le document, B absent du document"
B2_000747,img20250709_16340712_trace_sepsis_V1.6-V6.5-SELECTIVE_PRECISION.json,MEDIUM,COMORBIDITE_ANTECEDENT,a_pour_contexte_acquisition,CONTEXTE_ACQUISITION,contexte_acquisition_influence_risque_resistance,MICRO_ORGANISME,P1_E003,Diabète de type 1,1,P5_E046,Prélèvement grippe négatif,5,"A et C présents dans le document, B absent du document"
B2_000748,img20250709_16340712_trace_sepsis_V1.6-V6.5-SELECTIVE_PRECISION.json,MEDIUM,COMORBIDITE_ANTECEDENT,a_pour_contexte_acquisition,CONTEXTE_ACQUISITION,contexte_acquisition_influence_risque_resistance,MICRO_ORGANISME,P1_E003,Diabète de type 1,1,P6_E030,pas de germe au direct,6,"A et C présents dans le document, B absent du document"
B2_000749,img20250709_16340712_trace_sepsis_V1.6-V6.5-SELECTIVE_PRECISION.json,MEDIUM,COMORBIDITE_ANTECEDENT,a_pour_contexte_acquisition,CONTEXTE_ACQUISITION,contexte_acquisition_influence_risque_resistance,MICRO_ORGANISME,P1_E003,Diabète de type 1,1,P6_V66_E001,pneumocoque,6,"A et C présents dans le document, B absent du document"
B2_000750,img20250709_16340712_trace_sepsis_V1.6-V6.5-SELECTIVE_PRECISION.json,MEDIUM,COMORBIDITE_ANTECEDENT,a_pour_contexte_acquisition,CONTEXTE_ACQUISITION,contexte_acquisition_influence_risque_resistance,MICRO_ORGANISME,P1_E004,Hépatite C,1,P4_V66_E002,pneumocoque,4,"A et C présents dans le document, B absent du document"
B2_000751,img20250709_16340712_trace_sepsis_V1.6-V6.5-SELECTIVE_PRECISION.json,MEDIUM,COMORBIDITE_ANTECEDENT,a_pour_contexte_acquisition,CONTEXTE_ACQUISITION,contexte_acquisition_influence_risque_resistance,MICRO_ORGANISME,P1_E004,Hépatite C,1,P5_E043,PDP positif à Pneumocoque,5,"A et C présents dans le document, B absent du document"
B2_000752,img20250709_16340712_trace_sepsis_V1.6-V6.5-SELECTIVE_PRECISION.json,MEDIUM,COMORBIDITE_ANTECEDENT,a_pour_contexte_acquisition,CONTEXTE_ACQUISITION,contexte_acquisition_influence_risque_resistance,MICRO_ORGANISME,P1_E004,Hépatite C,1,P5_E044,antigénurie pneumocoque,5,"A et C présents dans le document, B absent du document"
B2_000753,img20250709_16340712_trace_sepsis_V1.6-V6.5-SELECTIVE_PRECISION.json,MEDIUM,COMORBIDITE_ANTECEDENT,a_pour_contexte_acquisition,CONTEXTE_ACQUISITION,contexte_acquisition_influence_risque_resistance,MICRO_ORGANISME,P1_E004,Hépatite C,1,P5_E045,légionnaire négative,5,"A et C présents dans le document, B absent du document"
B2_000754,img20250709_16340712_trace_sepsis_V1.6-V6.5-SELECTIVE_PRECISION.json,MEDIUM,COMORBIDITE_ANTECEDENT,a_pour_contexte_acquisition,CONTEXTE_ACQUISITION,contexte_acquisition_influence_risque_resistance,MICRO_ORGANISME,P1_E004,Hépatite C,1,P5_E046,Prélèvement grippe négatif,5,"A et C présents dans le document, B absent du document"
B2_000755,img20250709_16340712_trace_sepsis_V1.6-V6.5-SELECTIVE_PRECISION.json,MEDIUM,COMORBIDITE_ANTECEDENT,a_pour_contexte_acquisition,CONTEXTE_ACQUISITION,contexte_acquisition_influence_risque_resistance,MICRO_ORGANISME,P1_E004,Hépatite C,1,P6_E030,pas de germe au direct,6,"A et C présents dans le document, B absent du document"
B2_000756,img20250709_16340712_trace_sepsis_V1.6-V6.5-SELECTIVE_PRECISION.json,MEDIUM,COMORBIDITE_ANTECEDENT,a_pour_contexte_acquisition,CONTEXTE_ACQUISITION,contexte_acquisition_influence_risque_resistance,MICRO_ORGANISME,P1_E004,Hépatite C,1,P6_V66_E001,pneumocoque,6,"A et C présents dans le document, B absent du document"
B2_000757,img20250709_16340712_trace_sepsis_V1.6-V6.5-SELECTIVE_PRECISION.json,MEDIUM,COMORBIDITE_ANTECEDENT,a_pour_contexte_acquisition,CONTEXTE_ACQUISITION,contexte_acquisition_influence_risque_resistance,MICRO_ORGANISME,P1_E005,Pancréatites aigües en 1987 et 1990,1,P4_V66_E002,pneumocoque,4,"A et C présents dans le document, B absent du document"
B2_000758,img20250709_16340712_trace_sepsis_V1.6-V6.5-SELECTIVE_PRECISION.json,MEDIUM,COMORBIDITE_ANTECEDENT,a_pour_contexte_acquisition,CONTEXTE_ACQUISITION,contexte_acquisition_influence_risque_resistance,MICRO_ORGANISME,P1_E005,Pancréatites aigües en 1987 et 1990,1,P5_E043,PDP positif à Pneumocoque,5,"A et C présents dans le document, B absent du document"
B2_000759,img20250709_16340712_trace_sepsis_V1.6-V6.5-SELECTIVE_PRECISION.json,MEDIUM,COMORBIDITE_ANTECEDENT,a_pour_contexte_acquisition,CONTEXTE_ACQUISITION,contexte_acquisition_influence_risque_resistance,MICRO_ORGANISME,P1_E005,Pancréatites aigües en 1987 et 1990,1,P5_E044,antigénurie pneumocoque,5,"A et C présents dans le document, B absent du document"
B2_000760,img20250709_16340712_trace_sepsis_V1.6-V6.5-SELECTIVE_PRECISION.json,MEDIUM,COMORBIDITE_ANTECEDENT,a_pour_contexte_acquisition,CONTEXTE_ACQUISITION,contexte_acquisition_influence_risque_resistance,MICRO_ORGANISME,P1_E005,Pancréatites aigües en 1987 et 1990,1,P5_E045,légionnaire négative,5,"A et C présents dans le document, B absent du document"
B2_000761,img20250709_16340712_trace_sepsis_V1.6-V6.5-SELECTIVE_PRECISION.json,MEDIUM,COMORBIDITE_ANTECEDENT,a_pour_contexte_acquisition,CONTEXTE_ACQUISITION,contexte_acquisition_influence_risque_resistance,MICRO_ORGANISME,P1_E005,Pancréatites aigües en 1987 et 1990,1,P5_E046,Prélèvement grippe négatif,5,"A et C présents dans le document, B absent du document"
B2_000762,img20250709_16340712_trace_sepsis_V1.6-V6.5-SELECTIVE_PRECISION.json,MEDIUM,COMORBIDITE_ANTECEDENT,a_pour_contexte_acquisition,CONTEXTE_ACQUISITION,contexte_acquisition_influence_risque_resistance,MICRO_ORGANISME,P1_E005,Pancréatites aigües en 1987 et 1990,1,P6_E030,pas de germe au direct,6,"A et C présents dans le document, B absent du document"
B2_000763,img20250709_16340712_trace_sepsis_V1.6-V6.5-SELECTIVE_PRECISION.json,MEDIUM,COMORBIDITE_ANTECEDENT,a_pour_contexte_acquisition,CONTEXTE_ACQUISITION,contexte_acquisition_influence_risque_resistance,MICRO_ORGANISME,P1_E005,Pancréatites aigües en 1987 et 1990,1,P6_V66_E001,pneumocoque,6,"A et C présents dans le document, B absent du document"
B2_000764,img20250709_16340712_trace_sepsis_V1.6-V6.5-SELECTIVE_PRECISION.json,MEDIUM,COMORBIDITE_ANTECEDENT,a_pour_contexte_acquisition,CONTEXTE_ACQUISITION,contexte_acquisition_influence_risque_resistance,MICRO_ORGANISME,P1_E006,Plusieurs épisodes de paludisme en retour de voyages en Asie,1,P4_V66_E002,pneumocoque,4,"A et C présents dans le document, B absent du document"
B2_000765,img20250709_16340712_trace_sepsis_V1.6-V6.5-SELECTIVE_PRECISION.json,MEDIUM,COMORBIDITE_ANTECEDENT,a_pour_contexte_acquisition,CONTEXTE_ACQUISITION,contexte_acquisition_influence_risque_resistance,MICRO_ORGANISME,P1_E006,Plusieurs épisodes de paludisme en retour de voyages en Asie,1,P5_E043,PDP positif à Pneumocoque,5,"A et C présents dans le document, B absent du document"
B2_000766,img20250709_16340712_trace_sepsis_V1.6-V6.5-SELECTIVE_PRECISION.json,MEDIUM,COMORBIDITE_ANTECEDENT,a_pour_contexte_acquisition,CONTEXTE_ACQUISITION,contexte_acquisition_influence_risque_resistance,MICRO_ORGANISME,P1_E006,Plusieurs épisodes de paludisme en retour de voyages en Asie,1,P5_E044,antigénurie pneumocoque,5,"A et C présents dans le document, B absent du document"
B2_000767,img20250709_16340712_trace_sepsis_V1.6-V6.5-SELECTIVE_PRECISION.json,MEDIUM,COMORBIDITE_ANTECEDENT,a_pour_contexte_acquisition,CONTEXTE_ACQUISITION,contexte_acquisition_influence_risque_resistance,MICRO_ORGANISME,P1_E006,Plusieurs épisodes de paludisme en retour de voyages en Asie,1,P5_E045,légionnaire négative,5,"A et C présents dans le document, B absent du document"
B2_000768,img20250709_16340712_trace_sepsis_V1.6-V6.5-SELECTIVE_PRECISION.json,MEDIUM,COMORBIDITE_ANTECEDENT,a_pour_contexte_acquisition,CONTEXTE_ACQUISITION,contexte_acquisition_influence_risque_resistance,MICRO_ORGANISME,P1_E006,Plusieurs épisodes de paludisme en retour de voyages en Asie,1,P5_E046,Prélèvement grippe négatif,5,"A et C présents dans le document, B absent du document"
B2_000769,img20250709_16340712_trace_sepsis_V1.6-V6.5-SELECTIVE_PRECISION.json,MEDIUM,COMORBIDITE_ANTECEDENT,a_pour_contexte_acquisition,CONTEXTE_ACQUISITION,contexte_acquisition_influence_risque_resistance,MICRO_ORGANISME,P1_E006,Plusieurs épisodes de paludisme en retour de voyages en Asie,1,P6_E030,pas de germe au direct,6,"A et C présents dans le document, B absent du document"
B2_000770,img20250709_16340712_trace_sepsis_V1.6-V6.5-SELECTIVE_PRECISION.json,MEDIUM,COMORBIDITE_ANTECEDENT,a_pour_contexte_acquisition,CONTEXTE_ACQUISITION,contexte_acquisition_influence_risque_resistance,MICRO_ORGANISME,P1_E006,Plusieurs épisodes de paludisme en retour de voyages en Asie,1,P6_V66_E001,pneumocoque,6,"A et C présents dans le document, B absent du document"
B2_000771,img20250709_16340712_trace_sepsis_V1.6-V6.5-SELECTIVE_PRECISION.json,MEDIUM,COMORBIDITE_ANTECEDENT,a_pour_contexte_acquisition,CONTEXTE_ACQUISITION,contexte_acquisition_influence_risque_resistance,MICRO_ORGANISME,P1_E007,"Ancien toxicomane à l'héroïne, sevré en 72",1,P4_V66_E002,pneumocoque,4,"A et C présents dans le document, B absent du document"
B2_000772,img20250709_16340712_trace_sepsis_V1.6-V6.5-SELECTIVE_PRECISION.json,MEDIUM,COMORBIDITE_ANTECEDENT,a_pour_contexte_acquisition,CONTEXTE_ACQUISITION,contexte_acquisition_influence_risque_resistance,MICRO_ORGANISME,P1_E007,"Ancien toxicomane à l'héroïne, sevré en 72",1,P5_E043,PDP positif à Pneumocoque,5,"A et C présents dans le document, B absent du document"
B2_000773,img20250709_16340712_trace_sepsis_V1.6-V6.5-SELECTIVE_PRECISION.json,MEDIUM,COMORBIDITE_ANTECEDENT,a_pour_contexte_acquisition,CONTEXTE_ACQUISITION,contexte_acquisition_influence_risque_resistance,MICRO_ORGANISME,P1_E007,"Ancien toxicomane à l'héroïne, sevré en 72",1,P5_E044,antigénurie pneumocoque,5,"A et C présents dans le document, B absent du document"
B2_000774,img20250709_16340712_trace_sepsis_V1.6-V6.5-SELECTIVE_PRECISION.json,MEDIUM,COMORBIDITE_ANTECEDENT,a_pour_contexte_acquisition,CONTEXTE_ACQUISITION,contexte_acquisition_influence_risque_resistance,MICRO_ORGANISME,P1_E007,"Ancien toxicomane à l'héroïne, sevré en 72",1,P5_E045,légionnaire négative,5,"A et C présents dans le document, B absent du document"
B2_000775,img20250709_16340712_trace_sepsis_V1.6-V6.5-SELECTIVE_PRECISION.json,MEDIUM,COMORBIDITE_ANTECEDENT,a_pour_contexte_acquisition,CONTEXTE_ACQUISITION,contexte_acquisition_influence_risque_resistance,MICRO_ORGANISME,P1_E007,"Ancien toxicomane à l'héroïne, sevré en 72",1,P5_E046,Prélèvement grippe négatif,5,"A et C présents dans le document, B absent du document"
B2_000776,img20250709_16340712_trace_sepsis_V1.6-V6.5-SELECTIVE_PRECISION.json,MEDIUM,COMORBIDITE_ANTECEDENT,a_pour_contexte_acquisition,CONTEXTE_ACQUISITION,contexte_acquisition_influence_risque_resistance,MICRO_ORGANISME,P1_E007,"Ancien toxicomane à l'héroïne, sevré en 72",1,P6_E030,pas de germe au direct,6,"A et C présents dans le document, B absent du document"
B2_000777,img20250709_16340712_trace_sepsis_V1.6-V6.5-SELECTIVE_PRECISION.json,MEDIUM,COMORBIDITE_ANTECEDENT,a_pour_contexte_acquisition,CONTEXTE_ACQUISITION,contexte_acquisition_influence_risque_resistance,MICRO_ORGANISME,P1_E007,"Ancien toxicomane à l'héroïne, sevré en 72",1,P6_V66_E001,pneumocoque,6,"A et C présents dans le document, B absent du document"
B2_000778,img20250709_16340712_trace_sepsis_V1.6-V6.5-SELECTIVE_PRECISION.json,MEDIUM,COMORBIDITE_ANTECEDENT,a_pour_contexte_acquisition,CONTEXTE_ACQUISITION,contexte_acquisition_influence_risque_resistance,MICRO_ORGANISME,P1_E008,Alcoolisme sevré,1,P4_V66_E002,pneumocoque,4,"A et C présents dans le document, B absent du document"
B2_000779,img20250709_16340712_trace_sepsis_V1.6-V6.5-SELECTIVE_PRECISION.json,MEDIUM,COMORBIDITE_ANTECEDENT,a_pour_contexte_acquisition,CONTEXTE_ACQUISITION,contexte_acquisition_influence_risque_resistance,MICRO_ORGANISME,P1_E008,Alcoolisme sevré,1,P5_E043,PDP positif à Pneumocoque,5,"A et C présents dans le document, B absent du document"
B2_000780,img20250709_16340712_trace_sepsis_V1.6-V6.5-SELECTIVE_PRECISION.json,MEDIUM,COMORBIDITE_ANTECEDENT,a_pour_contexte_acquisition,CONTEXTE_ACQUISITION,contexte_acquisition_influence_risque_resistance,MICRO_ORGANISME,P1_E008,Alcoolisme sevré,1,P5_E044,antigénurie pneumocoque,5,"A et C présents dans le document, B absent du document"
B2_000781,img20250709_16340712_trace_sepsis_V1.6-V6.5-SELECTIVE_PRECISION.json,MEDIUM,COMORBIDITE_ANTECEDENT,a_pour_contexte_acquisition,CONTEXTE_ACQUISITION,contexte_acquisition_influence_risque_resistance,MICRO_ORGANISME,P1_E008,Alcoolisme sevré,1,P5_E045,légionnaire négative,5,"A et C présents dans le document, B absent du document"
B2_000782,img20250709_16340712_trace_sepsis_V1.6-V6.5-SELECTIVE_PRECISION.json,MEDIUM,COMORBIDITE_ANTECEDENT,a_pour_contexte_acquisition,CONTEXTE_ACQUISITION,contexte_acquisition_influence_risque_resistance,MICRO_ORGANISME,P1_E008,Alcoolisme sevré,1,P5_E046,Prélèvement grippe négatif,5,"A et C présents dans le document, B absent du document"
B2_000783,img20250709_16340712_trace_sepsis_V1.6-V6.5-SELECTIVE_PRECISION.json,MEDIUM,COMORBIDITE_ANTECEDENT,a_pour_contexte_acquisition,CONTEXTE_ACQUISITION,contexte_acquisition_influence_risque_resistance,MICRO_ORGANISME,P1_E008,Alcoolisme sevré,1,P6_E030,pas de germe au direct,6,"A et C présents dans le document, B absent du document"
B2_000784,img20250709_16340712_trace_sepsis_V1.6-V6.5-SELECTIVE_PRECISION.json,MEDIUM,COMORBIDITE_ANTECEDENT,a_pour_contexte_acquisition,CONTEXTE_ACQUISITION,contexte_acquisition_influence_risque_resistance,MICRO_ORGANISME,P1_E008,Alcoolisme sevré,1,P6_V66_E001,pneumocoque,6,"A et C présents dans le document, B absent du document"
B2_000785,img20250709_16340712_trace_sepsis_V1.6-V6.5-SELECTIVE_PRECISION.json,MEDIUM,COMORBIDITE_ANTECEDENT,a_pour_contexte_acquisition,CONTEXTE_ACQUISITION,contexte_acquisition_influence_risque_resistance,MICRO_ORGANISME,P1_E009,Tabagisme actif à 40 PA (2 paquets par jour en 20 ans),1,P4_V66_E002,pneumocoque,4,"A et C présents dans le document, B absent du document"
B2_000786,img20250709_16340712_trace_sepsis_V1.6-V6.5-SELECTIVE_PRECISION.json,MEDIUM,COMORBIDITE_ANTECEDENT,a_pour_contexte_acquisition,CONTEXTE_ACQUISITION,contexte_acquisition_influence_risque_resistance,MICRO_ORGANISME,P1_E009,Tabagisme actif à 40 PA (2 paquets par jour en 20 ans),1,P5_E043,PDP positif à Pneumocoque,5,"A et C présents dans le document, B absent du document"
B2_000787,img20250709_16340712_trace_sepsis_V1.6-V6.5-SELECTIVE_PRECISION.json,MEDIUM,COMORBIDITE_ANTECEDENT,a_pour_contexte_acquisition,CONTEXTE_ACQUISITION,contexte_acquisition_influence_risque_resistance,MICRO_ORGANISME,P1_E009,Tabagisme actif à 40 PA (2 paquets par jour en 20 ans),1,P5_E044,antigénurie pneumocoque,5,"A et C présents dans le document, B absent du document"
B2_000788,img20250709_16340712_trace_sepsis_V1.6-V6.5-SELECTIVE_PRECISION.json,MEDIUM,COMORBIDITE_ANTECEDENT,a_pour_contexte_acquisition,CONTEXTE_ACQUISITION,contexte_acquisition_influence_risque_resistance,MICRO_ORGANISME,P1_E009,Tabagisme actif à 40 PA (2 paquets par jour en 20 ans),1,P5_E045,légionnaire négative,5,"A et C présents dans le document, B absent du document"
B2_000789,img20250709_16340712_trace_sepsis_V1.6-V6.5-SELECTIVE_PRECISION.json,MEDIUM,COMORBIDITE_ANTECEDENT,a_pour_contexte_acquisition,CONTEXTE_ACQUISITION,contexte_acquisition_influence_risque_resistance,MICRO_ORGANISME,P1_E009,Tabagisme actif à 40 PA (2 paquets par jour en 20 ans),1,P5_E046,Prélèvement grippe négatif,5,"A et C présents dans le document, B absent du document"
B2_000790,img20250709_16340712_trace_sepsis_V1.6-V6.5-SELECTIVE_PRECISION.json,MEDIUM,COMORBIDITE_ANTECEDENT,a_pour_contexte_acquisition,CONTEXTE_ACQUISITION,contexte_acquisition_influence_risque_resistance,MICRO_ORGANISME,P1_E009,Tabagisme actif à 40 PA (2 paquets par jour en 20 ans),1,P6_E030,pas de germe au direct,6,"A et C présents dans le document, B absent du document"
B2_000791,img20250709_16340712_trace_sepsis_V1.6-V6.5-SELECTIVE_PRECISION.json,MEDIUM,COMORBIDITE_ANTECEDENT,a_pour_contexte_acquisition,CONTEXTE_ACQUISITION,contexte_acquisition_influence_risque_resistance,MICRO_ORGANISME,P1_E009,Tabagisme actif à 40 PA (2 paquets par jour en 20 ans),1,P6_V66_E001,pneumocoque,6,"A et C présents dans le document, B absent du document"
B2_000792,img20250709_16340712_trace_sepsis_V1.6-V6.5-SELECTIVE_PRECISION.json,STRONG,COMORBIDITE_ANTECEDENT,a_pour_contexte_acquisition,CONTEXTE_ACQUISITION,contexte_acquisition_influence_risque_resistance,MICRO_ORGANISME,P4_E015,BPCO,4,P4_V66_E002,pneumocoque,4,"A et C présents sur la même page, B absent du document"
B2_000793,img20250709_16340712_trace_sepsis_V1.6-V6.5-SELECTIVE_PRECISION.json,MEDIUM,COMORBIDITE_ANTECEDENT,a_pour_contexte_acquisition,CONTEXTE_ACQUISITION,contexte_acquisition_influence_risque_resistance,MICRO_ORGANISME,P4_E015,BPCO,4,P5_E043,PDP positif à Pneumocoque,5,"A et C présents dans le document, B absent du document"
B2_000794,img20250709_16340712_trace_sepsis_V1.6-V6.5-SELECTIVE_PRECISION.json,MEDIUM,COMORBIDITE_ANTECEDENT,a_pour_contexte_acquisition,CONTEXTE_ACQUISITION,contexte_acquisition_influence_risque_resistance,MICRO_ORGANISME,P4_E015,BPCO,4,P5_E044,antigénurie pneumocoque,5,"A et C présents dans le document, B absent du document"
B2_000795,img20250709_16340712_trace_sepsis_V1.6-V6.5-SELECTIVE_PRECISION.json,MEDIUM,COMORBIDITE_ANTECEDENT,a_pour_contexte_acquisition,CONTEXTE_ACQUISITION,contexte_acquisition_influence_risque_resistance,MICRO_ORGANISME,P4_E015,BPCO,4,P5_E045,légionnaire négative,5,"A et C présents dans le document, B absent du document"
B2_000796,img20250709_16340712_trace_sepsis_V1.6-V6.5-SELECTIVE_PRECISION.json,MEDIUM,COMORBIDITE_ANTECEDENT,a_pour_contexte_acquisition,CONTEXTE_ACQUISITION,contexte_acquisition_influence_risque_resistance,MICRO_ORGANISME,P4_E015,BPCO,4,P5_E046,Prélèvement grippe négatif,5,"A et C présents dans le document, B absent du document"
B2_000797,img20250709_16340712_trace_sepsis_V1.6-V6.5-SELECTIVE_PRECISION.json,MEDIUM,COMORBIDITE_ANTECEDENT,a_pour_contexte_acquisition,CONTEXTE_ACQUISITION,contexte_acquisition_influence_risque_resistance,MICRO_ORGANISME,P4_E015,BPCO,4,P6_E030,pas de germe au direct,6,"A et C présents dans le document, B absent du document"
B2_000798,img20250709_16340712_trace_sepsis_V1.6-V6.5-SELECTIVE_PRECISION.json,MEDIUM,COMORBIDITE_ANTECEDENT,a_pour_contexte_acquisition,CONTEXTE_ACQUISITION,contexte_acquisition_influence_risque_resistance,MICRO_ORGANISME,P4_E015,BPCO,4,P6_V66_E001,pneumocoque,6,"A et C présents dans le document, B absent du document"
B2_000799,img20250709_16340712_trace_sepsis_V1.6-V6.5-SELECTIVE_PRECISION.json,MEDIUM,COMORBIDITE_ANTECEDENT,a_pour_contexte_acquisition,CONTEXTE_ACQUISITION,contexte_acquisition_influence_risque_resistance,MICRO_ORGANISME,P5_E036,adénome prostatique,5,P4_V66_E002,pneumocoque,4,"A et C présents dans le document, B absent du document"
B2_000800,img20250709_16340712_trace_sepsis_V1.6-V6.5-SELECTIVE_PRECISION.json,STRONG,COMORBIDITE_ANTECEDENT,a_pour_contexte_acquisition,CONTEXTE_ACQUISITION,contexte_acquisition_influence_risque_resistance,MICRO_ORGANISME,P5_E036,adénome prostatique,5,P5_E043,PDP positif à Pneumocoque,5,"A et C présents sur la même page, B absent du document"
B2_000801,img20250709_16340712_trace_sepsis_V1.6-V6.5-SELECTIVE_PRECISION.json,STRONG,COMORBIDITE_ANTECEDENT,a_pour_contexte_acquisition,CONTEXTE_ACQUISITION,contexte_acquisition_influence_risque_resistance,MICRO_ORGANISME,P5_E036,adénome prostatique,5,P5_E044,antigénurie pneumocoque,5,"A et C présents sur la même page, B absent du document"
B2_000802,img20250709_16340712_trace_sepsis_V1.6-V6.5-SELECTIVE_PRECISION.json,STRONG,COMORBIDITE_ANTECEDENT,a_pour_contexte_acquisition,CONTEXTE_ACQUISITION,contexte_acquisition_influence_risque_resistance,MICRO_ORGANISME,P5_E036,adénome prostatique,5,P5_E045,légionnaire négative,5,"A et C présents sur la même page, B absent du document"
B2_000803,img20250709_16340712_trace_sepsis_V1.6-V6.5-SELECTIVE_PRECISION.json,STRONG,COMORBIDITE_ANTECEDENT,a_pour_contexte_acquisition,CONTEXTE_ACQUISITION,contexte_acquisition_influence_risque_resistance,MICRO_ORGANISME,P5_E036,adénome prostatique,5,P5_E046,Prélèvement grippe négatif,5,"A et C présents sur la même page, B absent du document"
B2_000804,img20250709_16340712_trace_sepsis_V1.6-V6.5-SELECTIVE_PRECISION.json,MEDIUM,COMORBIDITE_ANTECEDENT,a_pour_contexte_acquisition,CONTEXTE_ACQUISITION,contexte_acquisition_influence_risque_resistance,MICRO_ORGANISME,P5_E036,adénome prostatique,5,P6_E030,pas de germe au direct,6,"A et C présents dans le document, B absent du document"
B2_000805,img20250709_16340712_trace_sepsis_V1.6-V6.5-SELECTIVE_PRECISION.json,MEDIUM,COMORBIDITE_ANTECEDENT,a_pour_contexte_acquisition,CONTEXTE_ACQUISITION,contexte_acquisition_influence_risque_resistance,MICRO_ORGANISME,P5_E036,adénome prostatique,5,P6_V66_E001,pneumocoque,6,"A et C présents dans le document, B absent du document"
B2_000806,img20250709_16340712_trace_sepsis_V1.6-V6.5-SELECTIVE_PRECISION.json,MEDIUM,COMORBIDITE_ANTECEDENT,a_pour_contexte_acquisition,CONTEXTE_ACQUISITION,contexte_acquisition_influence_risque_resistance,MICRO_ORGANISME,P6_E001,hépatite C,6,P4_V66_E002,pneumocoque,4,"A et C présents dans le document, B absent du document"
B2_000807,img20250709_16340712_trace_sepsis_V1.6-V6.5-SELECTIVE_PRECISION.json,MEDIUM,COMORBIDITE_ANTECEDENT,a_pour_contexte_acquisition,CONTEXTE_ACQUISITION,contexte_acquisition_influence_risque_resistance,MICRO_ORGANISME,P6_E001,hépatite C,6,P5_E043,PDP positif à Pneumocoque,5,"A et C présents dans le document, B absent du document"
B2_000808,img20250709_16340712_trace_sepsis_V1.6-V6.5-SELECTIVE_PRECISION.json,MEDIUM,COMORBIDITE_ANTECEDENT,a_pour_contexte_acquisition,CONTEXTE_ACQUISITION,contexte_acquisition_influence_risque_resistance,MICRO_ORGANISME,P6_E001,hépatite C,6,P5_E044,antigénurie pneumocoque,5,"A et C présents dans le document, B absent du document"
B2_000809,img20250709_16340712_trace_sepsis_V1.6-V6.5-SELECTIVE_PRECISION.json,MEDIUM,COMORBIDITE_ANTECEDENT,a_pour_contexte_acquisition,CONTEXTE_ACQUISITION,contexte_acquisition_influence_risque_resistance,MICRO_ORGANISME,P6_E001,hépatite C,6,P5_E045,légionnaire négative,5,"A et C présents dans le document, B absent du document"
B2_000810,img20250709_16340712_trace_sepsis_V1.6-V6.5-SELECTIVE_PRECISION.json,MEDIUM,COMORBIDITE_ANTECEDENT,a_pour_contexte_acquisition,CONTEXTE_ACQUISITION,contexte_acquisition_influence_risque_resistance,MICRO_ORGANISME,P6_E001,hépatite C,6,P5_E046,Prélèvement grippe négatif,5,"A et C présents dans le document, B absent du document"
B2_000811,img20250709_16340712_trace_sepsis_V1.6-V6.5-SELECTIVE_PRECISION.json,STRONG,COMORBIDITE_ANTECEDENT,a_pour_contexte_acquisition,CONTEXTE_ACQUISITION,contexte_acquisition_influence_risque_resistance,MICRO_ORGANISME,P6_E001,hépatite C,6,P6_E030,pas de germe au direct,6,"A et C présents sur la même page, B absent du document"
B2_000812,img20250709_16340712_trace_sepsis_V1.6-V6.5-SELECTIVE_PRECISION.json,STRONG,COMORBIDITE_ANTECEDENT,a_pour_contexte_acquisition,CONTEXTE_ACQUISITION,contexte_acquisition_influence_risque_resistance,MICRO_ORGANISME,P6_E001,hépatite C,6,P6_V66_E001,pneumocoque,6,"A et C présents sur la même page, B absent du document"
B2_000813,img20250709_16340712_trace_sepsis_V1.6-V6.5-SELECTIVE_PRECISION.json,MEDIUM,COMORBIDITE_ANTECEDENT,a_pour_contexte_acquisition,CONTEXTE_ACQUISITION,contexte_acquisition_influence_risque_resistance,MICRO_ORGANISME,P6_E002,HTA,6,P4_V66_E002,pneumocoque,4,"A et C présents dans le document, B absent du document"
B2_000814,img20250709_16340712_trace_sepsis_V1.6-V6.5-SELECTIVE_PRECISION.json,MEDIUM,COMORBIDITE_ANTECEDENT,a_pour_contexte_acquisition,CONTEXTE_ACQUISITION,contexte_acquisition_influence_risque_resistance,MICRO_ORGANISME,P6_E002,HTA,6,P5_E043,PDP positif à Pneumocoque,5,"A et C présents dans le document, B absent du document"
B2_000815,img20250709_16340712_trace_sepsis_V1.6-V6.5-SELECTIVE_PRECISION.json,MEDIUM,COMORBIDITE_ANTECEDENT,a_pour_contexte_acquisition,CONTEXTE_ACQUISITION,contexte_acquisition_influence_risque_resistance,MICRO_ORGANISME,P6_E002,HTA,6,P5_E044,antigénurie pneumocoque,5,"A et C présents dans le document, B absent du document"
B2_000816,img20250709_16340712_trace_sepsis_V1.6-V6.5-SELECTIVE_PRECISION.json,MEDIUM,COMORBIDITE_ANTECEDENT,a_pour_contexte_acquisition,CONTEXTE_ACQUISITION,contexte_acquisition_influence_risque_resistance,MICRO_ORGANISME,P6_E002,HTA,6,P5_E045,légionnaire négative,5,"A et C présents dans le document, B absent du document"
B2_000817,img20250709_16340712_trace_sepsis_V1.6-V6.5-SELECTIVE_PRECISION.json,MEDIUM,COMORBIDITE_ANTECEDENT,a_pour_contexte_acquisition,CONTEXTE_ACQUISITION,contexte_acquisition_influence_risque_resistance,MICRO_ORGANISME,P6_E002,HTA,6,P5_E046,Prélèvement grippe négatif,5,"A et C présents dans le document, B absent du document"
B2_000818,img20250709_16340712_trace_sepsis_V1.6-V6.5-SELECTIVE_PRECISION.json,STRONG,COMORBIDITE_ANTECEDENT,a_pour_contexte_acquisition,CONTEXTE_ACQUISITION,contexte_acquisition_influence_risque_resistance,MICRO_ORGANISME,P6_E002,HTA,6,P6_E030,pas de germe au direct,6,"A et C présents sur la même page, B absent du document"
B2_000819,img20250709_16340712_trace_sepsis_V1.6-V6.5-SELECTIVE_PRECISION.json,STRONG,COMORBIDITE_ANTECEDENT,a_pour_contexte_acquisition,CONTEXTE_ACQUISITION,contexte_acquisition_influence_risque_resistance,MICRO_ORGANISME,P6_E002,HTA,6,P6_V66_E001,pneumocoque,6,"A et C présents sur la même page, B absent du document"
B2_000820,img20250709_16340712_trace_sepsis_V1.6-V6.5-SELECTIVE_PRECISION.json,MEDIUM,COMORBIDITE_ANTECEDENT,a_pour_contexte_acquisition,CONTEXTE_ACQUISITION,contexte_acquisition_influence_risque_resistance,MICRO_ORGANISME,P6_E003,DID,6,P4_V66_E002,pneumocoque,4,"A et C présents dans le document, B absent du document"
B2_000821,img20250709_16340712_trace_sepsis_V1.6-V6.5-SELECTIVE_PRECISION.json,MEDIUM,COMORBIDITE_ANTECEDENT,a_pour_contexte_acquisition,CONTEXTE_ACQUISITION,contexte_acquisition_influence_risque_resistance,MICRO_ORGANISME,P6_E003,DID,6,P5_E043,PDP positif à Pneumocoque,5,"A et C présents dans le document, B absent du document"
B2_000822,img20250709_16340712_trace_sepsis_V1.6-V6.5-SELECTIVE_PRECISION.json,MEDIUM,COMORBIDITE_ANTECEDENT,a_pour_contexte_acquisition,CONTEXTE_ACQUISITION,contexte_acquisition_influence_risque_resistance,MICRO_ORGANISME,P6_E003,DID,6,P5_E044,antigénurie pneumocoque,5,"A et C présents dans le document, B absent du document"
B2_000823,img20250709_16340712_trace_sepsis_V1.6-V6.5-SELECTIVE_PRECISION.json,MEDIUM,COMORBIDITE_ANTECEDENT,a_pour_contexte_acquisition,CONTEXTE_ACQUISITION,contexte_acquisition_influence_risque_resistance,MICRO_ORGANISME,P6_E003,DID,6,P5_E045,légionnaire négative,5,"A et C présents dans le document, B absent du document"
B2_000824,img20250709_16340712_trace_sepsis_V1.6-V6.5-SELECTIVE_PRECISION.json,MEDIUM,COMORBIDITE_ANTECEDENT,a_pour_contexte_acquisition,CONTEXTE_ACQUISITION,contexte_acquisition_influence_risque_resistance,MICRO_ORGANISME,P6_E003,DID,6,P5_E046,Prélèvement grippe négatif,5,"A et C présents dans le document, B absent du document"
B2_000825,img20250709_16340712_trace_sepsis_V1.6-V6.5-SELECTIVE_PRECISION.json,STRONG,COMORBIDITE_ANTECEDENT,a_pour_contexte_acquisition,CONTEXTE_ACQUISITION,contexte_acquisition_influence_risque_resistance,MICRO_ORGANISME,P6_E003,DID,6,P6_E030,pas de germe au direct,6,"A et C présents sur la même page, B absent du document"
B2_000826,img20250709_16340712_trace_sepsis_V1.6-V6.5-SELECTIVE_PRECISION.json,STRONG,COMORBIDITE_ANTECEDENT,a_pour_contexte_acquisition,CONTEXTE_ACQUISITION,contexte_acquisition_influence_risque_resistance,MICRO_ORGANISME,P6_E003,DID,6,P6_V66_E001,pneumocoque,6,"A et C présents sur la même page, B absent du document"
B2_000827,img20250709_16340712_trace_sepsis_V1.6-V6.5-SELECTIVE_PRECISION.json,MEDIUM,COMORBIDITE_ANTECEDENT,a_pour_contexte_acquisition,CONTEXTE_ACQUISITION,contexte_acquisition_influence_risque_resistance,MICRO_ORGANISME,P6_E004,ancien toxicomane IV sevré,6,P4_V66_E002,pneumocoque,4,"A et C présents dans le document, B absent du document"
B2_000828,img20250709_16340712_trace_sepsis_V1.6-V6.5-SELECTIVE_PRECISION.json,MEDIUM,COMORBIDITE_ANTECEDENT,a_pour_contexte_acquisition,CONTEXTE_ACQUISITION,contexte_acquisition_influence_risque_resistance,MICRO_ORGANISME,P6_E004,ancien toxicomane IV sevré,6,P5_E043,PDP positif à Pneumocoque,5,"A et C présents dans le document, B absent du document"
B2_000829,img20250709_16340712_trace_sepsis_V1.6-V6.5-SELECTIVE_PRECISION.json,MEDIUM,COMORBIDITE_ANTECEDENT,a_pour_contexte_acquisition,CONTEXTE_ACQUISITION,contexte_acquisition_influence_risque_resistance,MICRO_ORGANISME,P6_E004,ancien toxicomane IV sevré,6,P5_E044,antigénurie pneumocoque,5,"A et C présents dans le document, B absent du document"
B2_000830,img20250709_16340712_trace_sepsis_V1.6-V6.5-SELECTIVE_PRECISION.json,MEDIUM,COMORBIDITE_ANTECEDENT,a_pour_contexte_acquisition,CONTEXTE_ACQUISITION,contexte_acquisition_influence_risque_resistance,MICRO_ORGANISME,P6_E004,ancien toxicomane IV sevré,6,P5_E045,légionnaire négative,5,"A et C présents dans le document, B absent du document"
B2_000831,img20250709_16340712_trace_sepsis_V1.6-V6.5-SELECTIVE_PRECISION.json,MEDIUM,COMORBIDITE_ANTECEDENT,a_pour_contexte_acquisition,CONTEXTE_ACQUISITION,contexte_acquisition_influence_risque_resistance,MICRO_ORGANISME,P6_E004,ancien toxicomane IV sevré,6,P5_E046,Prélèvement grippe négatif,5,"A et C présents dans le document, B absent du document"
B2_000832,img20250709_16340712_trace_sepsis_V1.6-V6.5-SELECTIVE_PRECISION.json,STRONG,COMORBIDITE_ANTECEDENT,a_pour_contexte_acquisition,CONTEXTE_ACQUISITION,contexte_acquisition_influence_risque_resistance,MICRO_ORGANISME,P6_E004,ancien toxicomane IV sevré,6,P6_E030,pas de germe au direct,6,"A et C présents sur la même page, B absent du document"
B2_000833,img20250709_16340712_trace_sepsis_V1.6-V6.5-SELECTIVE_PRECISION.json,STRONG,COMORBIDITE_ANTECEDENT,a_pour_contexte_acquisition,CONTEXTE_ACQUISITION,contexte_acquisition_influence_risque_resistance,MICRO_ORGANISME,P6_E004,ancien toxicomane IV sevré,6,P6_V66_E001,pneumocoque,6,"A et C présents sur la même page, B absent du document"
B2_000834,img20250709_16340712_trace_sepsis_V1.6-V6.5-SELECTIVE_PRECISION.json,MEDIUM,COMORBIDITE_ANTECEDENT,a_pour_contexte_acquisition,CONTEXTE_ACQUISITION,contexte_acquisition_influence_risque_resistance,MICRO_ORGANISME,P6_E027,adénome prostatique,6,P4_V66_E002,pneumocoque,4,"A et C présents dans le document, B absent du document"
B2_000835,img20250709_16340712_trace_sepsis_V1.6-V6.5-SELECTIVE_PRECISION.json,MEDIUM,COMORBIDITE_ANTECEDENT,a_pour_contexte_acquisition,CONTEXTE_ACQUISITION,contexte_acquisition_influence_risque_resistance,MICRO_ORGANISME,P6_E027,adénome prostatique,6,P5_E043,PDP positif à Pneumocoque,5,"A et C présents dans le document, B absent du document"
B2_000836,img20250709_16340712_trace_sepsis_V1.6-V6.5-SELECTIVE_PRECISION.json,MEDIUM,COMORBIDITE_ANTECEDENT,a_pour_contexte_acquisition,CONTEXTE_ACQUISITION,contexte_acquisition_influence_risque_resistance,MICRO_ORGANISME,P6_E027,adénome prostatique,6,P5_E044,antigénurie pneumocoque,5,"A et C présents dans le document, B absent du document"
B2_000837,img20250709_16340712_trace_sepsis_V1.6-V6.5-SELECTIVE_PRECISION.json,MEDIUM,COMORBIDITE_ANTECEDENT,a_pour_contexte_acquisition,CONTEXTE_ACQUISITION,contexte_acquisition_influence_risque_resistance,MICRO_ORGANISME,P6_E027,adénome prostatique,6,P5_E045,légionnaire négative,5,"A et C présents dans le document, B absent du document"
B2_000838,img20250709_16340712_trace_sepsis_V1.6-V6.5-SELECTIVE_PRECISION.json,MEDIUM,COMORBIDITE_ANTECEDENT,a_pour_contexte_acquisition,CONTEXTE_ACQUISITION,contexte_acquisition_influence_risque_resistance,MICRO_ORGANISME,P6_E027,adénome prostatique,6,P5_E046,Prélèvement grippe négatif,5,"A et C présents dans le document, B absent du document"
B2_000839,img20250709_16340712_trace_sepsis_V1.6-V6.5-SELECTIVE_PRECISION.json,STRONG,COMORBIDITE_ANTECEDENT,a_pour_contexte_acquisition,CONTEXTE_ACQUISITION,contexte_acquisition_influence_risque_resistance,MICRO_ORGANISME,P6_E027,adénome prostatique,6,P6_E030,pas de germe au direct,6,"A et C présents sur la même page, B absent du document"
B2_000840,img20250709_16340712_trace_sepsis_V1.6-V6.5-SELECTIVE_PRECISION.json,STRONG,COMORBIDITE_ANTECEDENT,a_pour_contexte_acquisition,CONTEXTE_ACQUISITION,contexte_acquisition_influence_risque_resistance,MICRO_ORGANISME,P6_E027,adénome prostatique,6,P6_V66_E001,pneumocoque,6,"A et C présents sur la même page, B absent du document"
B2_000841,img20250709_16340712_trace_sepsis_V1.6-V6.5-SELECTIVE_PRECISION.json,MEDIUM,COMORBIDITE_ANTECEDENT,a_pour_contexte_acquisition,CONTEXTE_ACQUISITION,contexte_acquisition_influence_risque_resistance,MICRO_ORGANISME,P6_E034,rétention aiguë d'urines,6,P4_V66_E002,pneumocoque,4,"A et C présents dans le document, B absent du document"
B2_000842,img20250709_16340712_trace_sepsis_V1.6-V6.5-SELECTIVE_PRECISION.json,MEDIUM,COMORBIDITE_ANTECEDENT,a_pour_contexte_acquisition,CONTEXTE_ACQUISITION,contexte_acquisition_influence_risque_resistance,MICRO_ORGANISME,P6_E034,rétention aiguë d'urines,6,P5_E043,PDP positif à Pneumocoque,5,"A et C présents dans le document, B absent du document"
B2_000843,img20250709_16340712_trace_sepsis_V1.6-V6.5-SELECTIVE_PRECISION.json,MEDIUM,COMORBIDITE_ANTECEDENT,a_pour_contexte_acquisition,CONTEXTE_ACQUISITION,contexte_acquisition_influence_risque_resistance,MICRO_ORGANISME,P6_E034,rétention aiguë d'urines,6,P5_E044,antigénurie pneumocoque,5,"A et C présents dans le document, B absent du document"
B2_000844,img20250709_16340712_trace_sepsis_V1.6-V6.5-SELECTIVE_PRECISION.json,MEDIUM,COMORBIDITE_ANTECEDENT,a_pour_contexte_acquisition,CONTEXTE_ACQUISITION,contexte_acquisition_influence_risque_resistance,MICRO_ORGANISME,P6_E034,rétention aiguë d'urines,6,P5_E045,légionnaire négative,5,"A et C présents dans le document, B absent du document"
B2_000845,img20250709_16340712_trace_sepsis_V1.6-V6.5-SELECTIVE_PRECISION.json,MEDIUM,COMORBIDITE_ANTECEDENT,a_pour_contexte_acquisition,CONTEXTE_ACQUISITION,contexte_acquisition_influence_risque_resistance,MICRO_ORGANISME,P6_E034,rétention aiguë d'urines,6,P5_E046,Prélèvement grippe négatif,5,"A et C présents dans le document, B absent du document"
B2_000846,img20250709_16340712_trace_sepsis_V1.6-V6.5-SELECTIVE_PRECISION.json,STRONG,COMORBIDITE_ANTECEDENT,a_pour_contexte_acquisition,CONTEXTE_ACQUISITION,contexte_acquisition_influence_risque_resistance,MICRO_ORGANISME,P6_E034,rétention aiguë d'urines,6,P6_E030,pas de germe au direct,6,"A et C présents sur la même page, B absent du document"
B2_000847,img20250709_16340712_trace_sepsis_V1.6-V6.5-SELECTIVE_PRECISION.json,STRONG,COMORBIDITE_ANTECEDENT,a_pour_contexte_acquisition,CONTEXTE_ACQUISITION,contexte_acquisition_influence_risque_resistance,MICRO_ORGANISME,P6_E034,rétention aiguë d'urines,6,P6_V66_E001,pneumocoque,6,"A et C présents sur la même page, B absent du document"
B2_000848,img20250709_16340712_trace_sepsis_V1.6-V6.5-SELECTIVE_PRECISION.json,MEDIUM,COMORBIDITE_ANTECEDENT,a_pour_contexte_acquisition,CONTEXTE_ACQUISITION,contexte_acquisition_influence_risque_resistance,MICRO_ORGANISME,P6_E035,manipulation du KTC,6,P4_V66_E002,pneumocoque,4,"A et C présents dans le document, B absent du document"
B2_000849,img20250709_16340712_trace_sepsis_V1.6-V6.5-SELECTIVE_PRECISION.json,MEDIUM,COMORBIDITE_ANTECEDENT,a_pour_contexte_acquisition,CONTEXTE_ACQUISITION,contexte_acquisition_influence_risque_resistance,MICRO_ORGANISME,P6_E035,manipulation du KTC,6,P5_E043,PDP positif à Pneumocoque,5,"A et C présents dans le document, B absent du document"
B2_000850,img20250709_16340712_trace_sepsis_V1.6-V6.5-SELECTIVE_PRECISION.json,MEDIUM,COMORBIDITE_ANTECEDENT,a_pour_contexte_acquisition,CONTEXTE_ACQUISITION,contexte_acquisition_influence_risque_resistance,MICRO_ORGANISME,P6_E035,manipulation du KTC,6,P5_E044,antigénurie pneumocoque,5,"A et C présents dans le document, B absent du document"
B2_000851,img20250709_16340712_trace_sepsis_V1.6-V6.5-SELECTIVE_PRECISION.json,MEDIUM,COMORBIDITE_ANTECEDENT,a_pour_contexte_acquisition,CONTEXTE_ACQUISITION,contexte_acquisition_influence_risque_resistance,MICRO_ORGANISME,P6_E035,manipulation du KTC,6,P5_E045,légionnaire négative,5,"A et C présents dans le document, B absent du document"
B2_000852,img20250709_16340712_trace_sepsis_V1.6-V6.5-SELECTIVE_PRECISION.json,MEDIUM,COMORBIDITE_ANTECEDENT,a_pour_contexte_acquisition,CONTEXTE_ACQUISITION,contexte_acquisition_influence_risque_resistance,MICRO_ORGANISME,P6_E035,manipulation du KTC,6,P5_E046,Prélèvement grippe négatif,5,"A et C présents dans le document, B absent du document"
B2_000853,img20250709_16340712_trace_sepsis_V1.6-V6.5-SELECTIVE_PRECISION.json,STRONG,COMORBIDITE_ANTECEDENT,a_pour_contexte_acquisition,CONTEXTE_ACQUISITION,contexte_acquisition_influence_risque_resistance,MICRO_ORGANISME,P6_E035,manipulation du KTC,6,P6_E030,pas de germe au direct,6,"A et C présents sur la même page, B absent du document"
B2_000854,img20250709_16340712_trace_sepsis_V1.6-V6.5-SELECTIVE_PRECISION.json,STRONG,COMORBIDITE_ANTECEDENT,a_pour_contexte_acquisition,CONTEXTE_ACQUISITION,contexte_acquisition_influence_risque_resistance,MICRO_ORGANISME,P6_E035,manipulation du KTC,6,P6_V66_E001,pneumocoque,6,"A et C présents sur la même page, B absent du document"
B2_000855,img20250709_16360688_trace_sepsis_V1.6-V6.5-SELECTIVE_PRECISION.json,MEDIUM,COMORBIDITE_ANTECEDENT,a_pour_contexte_acquisition,CONTEXTE_ACQUISITION,contexte_acquisition_influence_risque_resistance,MICRO_ORGANISME,P1_E004,Diabète de type 2,1,P2_E056,mette en évidence un SARM,2,"A et C présents dans le document, B absent du document"
B2_000856,img20250709_16360688_trace_sepsis_V1.6-V6.5-SELECTIVE_PRECISION.json,MEDIUM,COMORBIDITE_ANTECEDENT,a_pour_contexte_acquisition,CONTEXTE_ACQUISITION,contexte_acquisition_influence_risque_resistance,MICRO_ORGANISME,P1_E004,Diabète de type 2,1,P2_E071,SARM,2,"A et C présents dans le document, B absent du document"
B2_000857,img20250709_16360688_trace_sepsis_V1.6-V6.5-SELECTIVE_PRECISION.json,MEDIUM,COMORBIDITE_ANTECEDENT,a_pour_contexte_acquisition,CONTEXTE_ACQUISITION,contexte_acquisition_influence_risque_resistance,MICRO_ORGANISME,P1_E005,retinopathie,1,P2_E056,mette en évidence un SARM,2,"A et C présents dans le document, B absent du document"
B2_000858,img20250709_16360688_trace_sepsis_V1.6-V6.5-SELECTIVE_PRECISION.json,MEDIUM,COMORBIDITE_ANTECEDENT,a_pour_contexte_acquisition,CONTEXTE_ACQUISITION,contexte_acquisition_influence_risque_resistance,MICRO_ORGANISME,P1_E005,retinopathie,1,P2_E071,SARM,2,"A et C présents dans le document, B absent du document"
B2_000859,img20250709_16360688_trace_sepsis_V1.6-V6.5-SELECTIVE_PRECISION.json,MEDIUM,COMORBIDITE_ANTECEDENT,a_pour_contexte_acquisition,CONTEXTE_ACQUISITION,contexte_acquisition_influence_risque_resistance,MICRO_ORGANISME,P1_E006,néphropathie,1,P2_E056,mette en évidence un SARM,2,"A et C présents dans le document, B absent du document"
B2_000860,img20250709_16360688_trace_sepsis_V1.6-V6.5-SELECTIVE_PRECISION.json,MEDIUM,COMORBIDITE_ANTECEDENT,a_pour_contexte_acquisition,CONTEXTE_ACQUISITION,contexte_acquisition_influence_risque_resistance,MICRO_ORGANISME,P1_E006,néphropathie,1,P2_E071,SARM,2,"A et C présents dans le document, B absent du document"
B2_000861,img20250709_16360688_trace_sepsis_V1.6-V6.5-SELECTIVE_PRECISION.json,MEDIUM,COMORBIDITE_ANTECEDENT,a_pour_contexte_acquisition,CONTEXTE_ACQUISITION,contexte_acquisition_influence_risque_resistance,MICRO_ORGANISME,P1_E007,HTA,1,P2_E056,mette en évidence un SARM,2,"A et C présents dans le document, B absent du document"
B2_000862,img20250709_16360688_trace_sepsis_V1.6-V6.5-SELECTIVE_PRECISION.json,MEDIUM,COMORBIDITE_ANTECEDENT,a_pour_contexte_acquisition,CONTEXTE_ACQUISITION,contexte_acquisition_influence_risque_resistance,MICRO_ORGANISME,P1_E007,HTA,1,P2_E071,SARM,2,"A et C présents dans le document, B absent du document"
B2_000863,img20250709_16360688_trace_sepsis_V1.6-V6.5-SELECTIVE_PRECISION.json,MEDIUM,COMORBIDITE_ANTECEDENT,a_pour_contexte_acquisition,CONTEXTE_ACQUISITION,contexte_acquisition_influence_risque_resistance,MICRO_ORGANISME,P1_E008,Cardiopathie dilatée,1,P2_E056,mette en évidence un SARM,2,"A et C présents dans le document, B absent du document"
B2_000864,img20250709_16360688_trace_sepsis_V1.6-V6.5-SELECTIVE_PRECISION.json,MEDIUM,COMORBIDITE_ANTECEDENT,a_pour_contexte_acquisition,CONTEXTE_ACQUISITION,contexte_acquisition_influence_risque_resistance,MICRO_ORGANISME,P1_E008,Cardiopathie dilatée,1,P2_E071,SARM,2,"A et C présents dans le document, B absent du document"
B2_000865,img20250709_16360688_trace_sepsis_V1.6-V6.5-SELECTIVE_PRECISION.json,MEDIUM,COMORBIDITE_ANTECEDENT,a_pour_contexte_acquisition,CONTEXTE_ACQUISITION,contexte_acquisition_influence_risque_resistance,MICRO_ORGANISME,P1_E011,Hypothyroïdie à la cordarone,1,P2_E056,mette en évidence un SARM,2,"A et C présents dans le document, B absent du document"
B2_000866,img20250709_16360688_trace_sepsis_V1.6-V6.5-SELECTIVE_PRECISION.json,MEDIUM,COMORBIDITE_ANTECEDENT,a_pour_contexte_acquisition,CONTEXTE_ACQUISITION,contexte_acquisition_influence_risque_resistance,MICRO_ORGANISME,P1_E011,Hypothyroïdie à la cordarone,1,P2_E071,SARM,2,"A et C présents dans le document, B absent du document"
B2_000867,img20250709_16360688_trace_sepsis_V1.6-V6.5-SELECTIVE_PRECISION.json,MEDIUM,COMORBIDITE_ANTECEDENT,a_pour_contexte_acquisition,CONTEXTE_ACQUISITION,contexte_acquisition_influence_risque_resistance,MICRO_ORGANISME,P1_E012,Péritonite sur sigmoidite diverticulaire,1,P2_E056,mette en évidence un SARM,2,"A et C présents dans le document, B absent du document"
B2_000868,img20250709_16360688_trace_sepsis_V1.6-V6.5-SELECTIVE_PRECISION.json,MEDIUM,COMORBIDITE_ANTECEDENT,a_pour_contexte_acquisition,CONTEXTE_ACQUISITION,contexte_acquisition_influence_risque_resistance,MICRO_ORGANISME,P1_E012,Péritonite sur sigmoidite diverticulaire,1,P2_E071,SARM,2,"A et C présents dans le document, B absent du document"
B2_000869,img20250709_16360688_trace_sepsis_V1.6-V6.5-SELECTIVE_PRECISION.json,MEDIUM,COMORBIDITE_ANTECEDENT,a_pour_contexte_acquisition,CONTEXTE_ACQUISITION,contexte_acquisition_influence_risque_resistance,MICRO_ORGANISME,P5_E010,diabétique,5,P2_E056,mette en évidence un SARM,2,"A et C présents dans le document, B absent du document"
B2_000870,img20250709_16360688_trace_sepsis_V1.6-V6.5-SELECTIVE_PRECISION.json,MEDIUM,COMORBIDITE_ANTECEDENT,a_pour_contexte_acquisition,CONTEXTE_ACQUISITION,contexte_acquisition_influence_risque_resistance,MICRO_ORGANISME,P5_E010,diabétique,5,P2_E071,SARM,2,"A et C présents dans le document, B absent du document"
B2_000871,img20250709_16360688_trace_sepsis_V1.6-V6.5-SELECTIVE_PRECISION.json,MEDIUM,COMORBIDITE_ANTECEDENT,a_pour_contexte_acquisition,CONTEXTE_ACQUISITION,contexte_acquisition_influence_risque_resistance,MICRO_ORGANISME,P5_E011,cardiopathe,5,P2_E056,mette en évidence un SARM,2,"A et C présents dans le document, B absent du document"
B2_000872,img20250709_16360688_trace_sepsis_V1.6-V6.5-SELECTIVE_PRECISION.json,MEDIUM,COMORBIDITE_ANTECEDENT,a_pour_contexte_acquisition,CONTEXTE_ACQUISITION,contexte_acquisition_influence_risque_resistance,MICRO_ORGANISME,P5_E011,cardiopathe,5,P2_E071,SARM,2,"A et C présents dans le document, B absent du document"
B2_000873,img20250709_16360688_trace_sepsis_V1.6-V6.5-SELECTIVE_PRECISION.json,MEDIUM,COMORBIDITE_ANTECEDENT,a_pour_contexte_acquisition,CONTEXTE_ACQUISITION,contexte_acquisition_influence_risque_resistance,MICRO_ORGANISME,P6_E013,diabétique,6,P2_E056,mette en évidence un SARM,2,"A et C présents dans le document, B absent du document"
B2_000874,img20250709_16360688_trace_sepsis_V1.6-V6.5-SELECTIVE_PRECISION.json,MEDIUM,COMORBIDITE_ANTECEDENT,a_pour_contexte_acquisition,CONTEXTE_ACQUISITION,contexte_acquisition_influence_risque_resistance,MICRO_ORGANISME,P6_E013,diabétique,6,P2_E071,SARM,2,"A et C présents dans le document, B absent du document"
B2_000875,img20250709_16360688_trace_sepsis_V1.6-V6.5-SELECTIVE_PRECISION.json,MEDIUM,COMORBIDITE_ANTECEDENT,a_pour_contexte_acquisition,CONTEXTE_ACQUISITION,contexte_acquisition_influence_risque_resistance,MICRO_ORGANISME,P6_E014,cardiopathhe,6,P2_E056,mette en évidence un SARM,2,"A et C présents dans le document, B absent du document"
B2_000876,img20250709_16360688_trace_sepsis_V1.6-V6.5-SELECTIVE_PRECISION.json,MEDIUM,COMORBIDITE_ANTECEDENT,a_pour_contexte_acquisition,CONTEXTE_ACQUISITION,contexte_acquisition_influence_risque_resistance,MICRO_ORGANISME,P6_E014,cardiopathhe,6,P2_E071,SARM,2,"A et C présents dans le document, B absent du document"
B2_000877,img20250709_16374548_trace_sepsis_V1.6-V6.5-SELECTIVE_PRECISION.json,STRONG,COMORBIDITE_ANTECEDENT,a_pour_contexte_acquisition,CONTEXTE_ACQUISITION,contexte_acquisition_influence_risque_resistance,MICRO_ORGANISME,P1_E001,Myopathie de Duchenne diagnostiquée en 1996,1,P1_V66_E002,P. aeruginosa,1,"A et C présents sur la même page, B absent du document"
B2_000878,img20250709_16374548_trace_sepsis_V1.6-V6.5-SELECTIVE_PRECISION.json,MEDIUM,COMORBIDITE_ANTECEDENT,a_pour_contexte_acquisition,CONTEXTE_ACQUISITION,contexte_acquisition_influence_risque_resistance,MICRO_ORGANISME,P1_E001,Myopathie de Duchenne diagnostiquée en 1996,1,P2_V66_E001,serratia et,2,"A et C présents dans le document, B absent du document"
B2_000879,img20250709_16374548_trace_sepsis_V1.6-V6.5-SELECTIVE_PRECISION.json,MEDIUM,COMORBIDITE_ANTECEDENT,a_pour_contexte_acquisition,CONTEXTE_ACQUISITION,contexte_acquisition_influence_risque_resistance,MICRO_ORGANISME,P1_E001,Myopathie de Duchenne diagnostiquée en 1996,1,P6_V66_E001,pneumocoque,6,"A et C présents dans le document, B absent du document"
B2_000880,img20250709_16374548_trace_sepsis_V1.6-V6.5-SELECTIVE_PRECISION.json,STRONG,COMORBIDITE_ANTECEDENT,a_pour_contexte_acquisition,CONTEXTE_ACQUISITION,contexte_acquisition_influence_risque_resistance,MICRO_ORGANISME,P1_E002,Syndrome restrictif sévère avec CV 17% en mars 2009,1,P1_V66_E002,P. aeruginosa,1,"A et C présents sur la même page, B absent du document"
B2_000881,img20250709_16374548_trace_sepsis_V1.6-V6.5-SELECTIVE_PRECISION.json,MEDIUM,COMORBIDITE_ANTECEDENT,a_pour_contexte_acquisition,CONTEXTE_ACQUISITION,contexte_acquisition_influence_risque_resistance,MICRO_ORGANISME,P1_E002,Syndrome restrictif sévère avec CV 17% en mars 2009,1,P2_V66_E001,serratia et,2,"A et C présents dans le document, B absent du document"
B2_000882,img20250709_16374548_trace_sepsis_V1.6-V6.5-SELECTIVE_PRECISION.json,MEDIUM,COMORBIDITE_ANTECEDENT,a_pour_contexte_acquisition,CONTEXTE_ACQUISITION,contexte_acquisition_influence_risque_resistance,MICRO_ORGANISME,P1_E002,Syndrome restrictif sévère avec CV 17% en mars 2009,1,P6_V66_E001,pneumocoque,6,"A et C présents dans le document, B absent du document"
B2_000883,img20250709_16374548_trace_sepsis_V1.6-V6.5-SELECTIVE_PRECISION.json,STRONG,COMORBIDITE_ANTECEDENT,a_pour_contexte_acquisition,CONTEXTE_ACQUISITION,contexte_acquisition_influence_risque_resistance,MICRO_ORGANISME,P1_E006,Cardiomyopathie dilatée. FEVG mars 2012 66%,1,P1_V66_E002,P. aeruginosa,1,"A et C présents sur la même page, B absent du document"
B2_000884,img20250709_16374548_trace_sepsis_V1.6-V6.5-SELECTIVE_PRECISION.json,MEDIUM,COMORBIDITE_ANTECEDENT,a_pour_contexte_acquisition,CONTEXTE_ACQUISITION,contexte_acquisition_influence_risque_resistance,MICRO_ORGANISME,P1_E006,Cardiomyopathie dilatée. FEVG mars 2012 66%,1,P2_V66_E001,serratia et,2,"A et C présents dans le document, B absent du document"
B2_000885,img20250709_16374548_trace_sepsis_V1.6-V6.5-SELECTIVE_PRECISION.json,MEDIUM,COMORBIDITE_ANTECEDENT,a_pour_contexte_acquisition,CONTEXTE_ACQUISITION,contexte_acquisition_influence_risque_resistance,MICRO_ORGANISME,P1_E006,Cardiomyopathie dilatée. FEVG mars 2012 66%,1,P6_V66_E001,pneumocoque,6,"A et C présents dans le document, B absent du document"
B2_000886,img20250709_16374548_trace_sepsis_V1.6-V6.5-SELECTIVE_PRECISION.json,STRONG,COMORBIDITE_ANTECEDENT,a_pour_contexte_acquisition,CONTEXTE_ACQUISITION,contexte_acquisition_influence_risque_resistance,MICRO_ORGANISME,P1_E007,Thrombopénie d'origine périphérique diagnostiquée lors de la précédente hospitalisation,1,P1_V66_E002,P. aeruginosa,1,"A et C présents sur la même page, B absent du document"
B2_000887,img20250709_16374548_trace_sepsis_V1.6-V6.5-SELECTIVE_PRECISION.json,MEDIUM,COMORBIDITE_ANTECEDENT,a_pour_contexte_acquisition,CONTEXTE_ACQUISITION,contexte_acquisition_influence_risque_resistance,MICRO_ORGANISME,P1_E007,Thrombopénie d'origine périphérique diagnostiquée lors de la précédente hospitalisation,1,P2_V66_E001,serratia et,2,"A et C présents dans le document, B absent du document"
B2_000888,img20250709_16374548_trace_sepsis_V1.6-V6.5-SELECTIVE_PRECISION.json,MEDIUM,COMORBIDITE_ANTECEDENT,a_pour_contexte_acquisition,CONTEXTE_ACQUISITION,contexte_acquisition_influence_risque_resistance,MICRO_ORGANISME,P1_E007,Thrombopénie d'origine périphérique diagnostiquée lors de la précédente hospitalisation,1,P6_V66_E001,pneumocoque,6,"A et C présents dans le document, B absent du document"
B2_000889,img20250709_16374548_trace_sepsis_V1.6-V6.5-SELECTIVE_PRECISION.json,STRONG,COMORBIDITE_ANTECEDENT,a_pour_contexte_acquisition,CONTEXTE_ACQUISITION,contexte_acquisition_influence_risque_resistance,MICRO_ORGANISME,P1_E008,Adénoïdectomie en 1993 sur otite séreuse,1,P1_V66_E002,P. aeruginosa,1,"A et C présents sur la même page, B absent du document"
B2_000890,img20250709_16374548_trace_sepsis_V1.6-V6.5-SELECTIVE_PRECISION.json,MEDIUM,COMORBIDITE_ANTECEDENT,a_pour_contexte_acquisition,CONTEXTE_ACQUISITION,contexte_acquisition_influence_risque_resistance,MICRO_ORGANISME,P1_E008,Adénoïdectomie en 1993 sur otite séreuse,1,P2_V66_E001,serratia et,2,"A et C présents dans le document, B absent du document"
B2_000891,img20250709_16374548_trace_sepsis_V1.6-V6.5-SELECTIVE_PRECISION.json,MEDIUM,COMORBIDITE_ANTECEDENT,a_pour_contexte_acquisition,CONTEXTE_ACQUISITION,contexte_acquisition_influence_risque_resistance,MICRO_ORGANISME,P1_E008,Adénoïdectomie en 1993 sur otite séreuse,1,P6_V66_E001,pneumocoque,6,"A et C présents dans le document, B absent du document"
B2_000892,img20250709_16374548_trace_sepsis_V1.6-V6.5-SELECTIVE_PRECISION.json,STRONG,COMORBIDITE_ANTECEDENT,a_pour_contexte_acquisition,CONTEXTE_ACQUISITION,contexte_acquisition_influence_risque_resistance,MICRO_ORGANISME,P1_E009,Ténotomies des TFL en avril 1999,1,P1_V66_E002,P. aeruginosa,1,"A et C présents sur la même page, B absent du document"
B2_000893,img20250709_16374548_trace_sepsis_V1.6-V6.5-SELECTIVE_PRECISION.json,MEDIUM,COMORBIDITE_ANTECEDENT,a_pour_contexte_acquisition,CONTEXTE_ACQUISITION,contexte_acquisition_influence_risque_resistance,MICRO_ORGANISME,P1_E009,Ténotomies des TFL en avril 1999,1,P2_V66_E001,serratia et,2,"A et C présents dans le document, B absent du document"
B2_000894,img20250709_16374548_trace_sepsis_V1.6-V6.5-SELECTIVE_PRECISION.json,MEDIUM,COMORBIDITE_ANTECEDENT,a_pour_contexte_acquisition,CONTEXTE_ACQUISITION,contexte_acquisition_influence_risque_resistance,MICRO_ORGANISME,P1_E009,Ténotomies des TFL en avril 1999,1,P6_V66_E001,pneumocoque,6,"A et C présents dans le document, B absent du document"
B2_000895,img20250709_16374548_trace_sepsis_V1.6-V6.5-SELECTIVE_PRECISION.json,STRONG,COMORBIDITE_ANTECEDENT,a_pour_contexte_acquisition,CONTEXTE_ACQUISITION,contexte_acquisition_influence_risque_resistance,MICRO_ORGANISME,P1_E010,Arthrodèse D2-sacrum en février 2004,1,P1_V66_E002,P. aeruginosa,1,"A et C présents sur la même page, B absent du document"
B2_000896,img20250709_16374548_trace_sepsis_V1.6-V6.5-SELECTIVE_PRECISION.json,MEDIUM,COMORBIDITE_ANTECEDENT,a_pour_contexte_acquisition,CONTEXTE_ACQUISITION,contexte_acquisition_influence_risque_resistance,MICRO_ORGANISME,P1_E010,Arthrodèse D2-sacrum en février 2004,1,P2_V66_E001,serratia et,2,"A et C présents dans le document, B absent du document"
B2_000897,img20250709_16374548_trace_sepsis_V1.6-V6.5-SELECTIVE_PRECISION.json,MEDIUM,COMORBIDITE_ANTECEDENT,a_pour_contexte_acquisition,CONTEXTE_ACQUISITION,contexte_acquisition_influence_risque_resistance,MICRO_ORGANISME,P1_E010,Arthrodèse D2-sacrum en février 2004,1,P6_V66_E001,pneumocoque,6,"A et C présents dans le document, B absent du document"
B2_000898,img20250709_16374548_trace_sepsis_V1.6-V6.5-SELECTIVE_PRECISION.json,MEDIUM,COMORBIDITE_ANTECEDENT,a_pour_contexte_acquisition,CONTEXTE_ACQUISITION,contexte_acquisition_influence_risque_resistance,MICRO_ORGANISME,P5_E022,antécédents de thrombopénie,5,P1_V66_E002,P. aeruginosa,1,"A et C présents dans le document, B absent du document"
B2_000899,img20250709_16374548_trace_sepsis_V1.6-V6.5-SELECTIVE_PRECISION.json,MEDIUM,COMORBIDITE_ANTECEDENT,a_pour_contexte_acquisition,CONTEXTE_ACQUISITION,contexte_acquisition_influence_risque_resistance,MICRO_ORGANISME,P5_E022,antécédents de thrombopénie,5,P2_V66_E001,serratia et,2,"A et C présents dans le document, B absent du document"
B2_000900,img20250709_16374548_trace_sepsis_V1.6-V6.5-SELECTIVE_PRECISION.json,MEDIUM,COMORBIDITE_ANTECEDENT,a_pour_contexte_acquisition,CONTEXTE_ACQUISITION,contexte_acquisition_influence_risque_resistance,MICRO_ORGANISME,P5_E022,antécédents de thrombopénie,5,P6_V66_E001,pneumocoque,6,"A et C présents dans le document, B absent du document"
B2_000901,img20250709_16374548_trace_sepsis_V1.6-V6.5-SELECTIVE_PRECISION.json,MEDIUM,COMORBIDITE_ANTECEDENT,a_pour_contexte_acquisition,CONTEXTE_ACQUISITION,contexte_acquisition_influence_risque_resistance,MICRO_ORGANISME,P7_E030,pancytopénie,7,P1_V66_E002,P. aeruginosa,1,"A et C présents dans le document, B absent du document"
B2_000902,img20250709_16374548_trace_sepsis_V1.6-V6.5-SELECTIVE_PRECISION.json,MEDIUM,COMORBIDITE_ANTECEDENT,a_pour_contexte_acquisition,CONTEXTE_ACQUISITION,contexte_acquisition_influence_risque_resistance,MICRO_ORGANISME,P7_E030,pancytopénie,7,P2_V66_E001,serratia et,2,"A et C présents dans le document, B absent du document"
B2_000903,img20250709_16374548_trace_sepsis_V1.6-V6.5-SELECTIVE_PRECISION.json,MEDIUM,COMORBIDITE_ANTECEDENT,a_pour_contexte_acquisition,CONTEXTE_ACQUISITION,contexte_acquisition_influence_risque_resistance,MICRO_ORGANISME,P7_E030,pancytopénie,7,P6_V66_E001,pneumocoque,6,"A et C présents dans le document, B absent du document"
B2_000904,img20250709_16381567_trace_sepsis_V1.6-V6.5-SELECTIVE_PRECISION.json,MEDIUM,COMORBIDITE_ANTECEDENT,a_pour_contexte_acquisition,CONTEXTE_ACQUISITION,contexte_acquisition_influence_risque_resistance,MICRO_ORGANISME,P1_E001,Tabac,1,P4_E047,grippe A,4,"A et C présents dans le document, B absent du document"
B2_000905,img20250709_16381567_trace_sepsis_V1.6-V6.5-SELECTIVE_PRECISION.json,MEDIUM,COMORBIDITE_ANTECEDENT,a_pour_contexte_acquisition,CONTEXTE_ACQUISITION,contexte_acquisition_influence_risque_resistance,MICRO_ORGANISME,P1_E001,Tabac,1,P4_V66_E002,pneumocoque,4,"A et C présents dans le document, B absent du document"
B2_000906,img20250709_16381567_trace_sepsis_V1.6-V6.5-SELECTIVE_PRECISION.json,MEDIUM,COMORBIDITE_ANTECEDENT,a_pour_contexte_acquisition,CONTEXTE_ACQUISITION,contexte_acquisition_influence_risque_resistance,MICRO_ORGANISME,P1_E001,Tabac,1,P4_V66_E003,enterobacter aerogenes,4,"A et C présents dans le document, B absent du document"
B2_000907,img20250709_16381567_trace_sepsis_V1.6-V6.5-SELECTIVE_PRECISION.json,MEDIUM,COMORBIDITE_ANTECEDENT,a_pour_contexte_acquisition,CONTEXTE_ACQUISITION,contexte_acquisition_influence_risque_resistance,MICRO_ORGANISME,P1_E001,Tabac,1,P5_E039,portage de bactéries multirésistantes : oui (SDMR nasal,5,"A et C présents dans le document, B absent du document"
B2_000908,img20250709_16381567_trace_sepsis_V1.6-V6.5-SELECTIVE_PRECISION.json,MEDIUM,COMORBIDITE_ANTECEDENT,a_pour_contexte_acquisition,CONTEXTE_ACQUISITION,contexte_acquisition_influence_risque_resistance,MICRO_ORGANISME,P1_E001,Tabac,1,P5_V66_E001,pneumocoque,5,"A et C présents dans le document, B absent du document"
B2_000909,img20250709_16381567_trace_sepsis_V1.6-V6.5-SELECTIVE_PRECISION.json,MEDIUM,COMORBIDITE_ANTECEDENT,a_pour_contexte_acquisition,CONTEXTE_ACQUISITION,contexte_acquisition_influence_risque_resistance,MICRO_ORGANISME,P1_E002,HTA,1,P4_E047,grippe A,4,"A et C présents dans le document, B absent du document"
B2_000910,img20250709_16381567_trace_sepsis_V1.6-V6.5-SELECTIVE_PRECISION.json,MEDIUM,COMORBIDITE_ANTECEDENT,a_pour_contexte_acquisition,CONTEXTE_ACQUISITION,contexte_acquisition_influence_risque_resistance,MICRO_ORGANISME,P1_E002,HTA,1,P4_V66_E002,pneumocoque,4,"A et C présents dans le document, B absent du document"
B2_000911,img20250709_16381567_trace_sepsis_V1.6-V6.5-SELECTIVE_PRECISION.json,MEDIUM,COMORBIDITE_ANTECEDENT,a_pour_contexte_acquisition,CONTEXTE_ACQUISITION,contexte_acquisition_influence_risque_resistance,MICRO_ORGANISME,P1_E002,HTA,1,P4_V66_E003,enterobacter aerogenes,4,"A et C présents dans le document, B absent du document"
B2_000912,img20250709_16381567_trace_sepsis_V1.6-V6.5-SELECTIVE_PRECISION.json,MEDIUM,COMORBIDITE_ANTECEDENT,a_pour_contexte_acquisition,CONTEXTE_ACQUISITION,contexte_acquisition_influence_risque_resistance,MICRO_ORGANISME,P1_E002,HTA,1,P5_E039,portage de bactéries multirésistantes : oui (SDMR nasal,5,"A et C présents dans le document, B absent du document"
B2_000913,img20250709_16381567_trace_sepsis_V1.6-V6.5-SELECTIVE_PRECISION.json,MEDIUM,COMORBIDITE_ANTECEDENT,a_pour_contexte_acquisition,CONTEXTE_ACQUISITION,contexte_acquisition_influence_risque_resistance,MICRO_ORGANISME,P1_E002,HTA,1,P5_V66_E001,pneumocoque,5,"A et C présents dans le document, B absent du document"
B2_000914,img20250709_16381567_trace_sepsis_V1.6-V6.5-SELECTIVE_PRECISION.json,MEDIUM,COMORBIDITE_ANTECEDENT,a_pour_contexte_acquisition,CONTEXTE_ACQUISITION,contexte_acquisition_influence_risque_resistance,MICRO_ORGANISME,P1_E003,Exforge,1,P4_E047,grippe A,4,"A et C présents dans le document, B absent du document"
B2_000915,img20250709_16381567_trace_sepsis_V1.6-V6.5-SELECTIVE_PRECISION.json,MEDIUM,COMORBIDITE_ANTECEDENT,a_pour_contexte_acquisition,CONTEXTE_ACQUISITION,contexte_acquisition_influence_risque_resistance,MICRO_ORGANISME,P1_E003,Exforge,1,P4_V66_E002,pneumocoque,4,"A et C présents dans le document, B absent du document"
B2_000916,img20250709_16381567_trace_sepsis_V1.6-V6.5-SELECTIVE_PRECISION.json,MEDIUM,COMORBIDITE_ANTECEDENT,a_pour_contexte_acquisition,CONTEXTE_ACQUISITION,contexte_acquisition_influence_risque_resistance,MICRO_ORGANISME,P1_E003,Exforge,1,P4_V66_E003,enterobacter aerogenes,4,"A et C présents dans le document, B absent du document"
B2_000917,img20250709_16381567_trace_sepsis_V1.6-V6.5-SELECTIVE_PRECISION.json,MEDIUM,COMORBIDITE_ANTECEDENT,a_pour_contexte_acquisition,CONTEXTE_ACQUISITION,contexte_acquisition_influence_risque_resistance,MICRO_ORGANISME,P1_E003,Exforge,1,P5_E039,portage de bactéries multirésistantes : oui (SDMR nasal,5,"A et C présents dans le document, B absent du document"
B2_000918,img20250709_16381567_trace_sepsis_V1.6-V6.5-SELECTIVE_PRECISION.json,MEDIUM,COMORBIDITE_ANTECEDENT,a_pour_contexte_acquisition,CONTEXTE_ACQUISITION,contexte_acquisition_influence_risque_resistance,MICRO_ORGANISME,P1_E003,Exforge,1,P5_V66_E001,pneumocoque,5,"A et C présents dans le document, B absent du document"
B2_000919,img20250709_16381567_trace_sepsis_V1.6-V6.5-SELECTIVE_PRECISION.json,MEDIUM,COMORBIDITE_ANTECEDENT,a_pour_contexte_acquisition,CONTEXTE_ACQUISITION,contexte_acquisition_influence_risque_resistance,MICRO_ORGANISME,P1_E004,Hypertriglycéridémie,1,P4_E047,grippe A,4,"A et C présents dans le document, B absent du document"
B2_000920,img20250709_16381567_trace_sepsis_V1.6-V6.5-SELECTIVE_PRECISION.json,MEDIUM,COMORBIDITE_ANTECEDENT,a_pour_contexte_acquisition,CONTEXTE_ACQUISITION,contexte_acquisition_influence_risque_resistance,MICRO_ORGANISME,P1_E004,Hypertriglycéridémie,1,P4_V66_E002,pneumocoque,4,"A et C présents dans le document, B absent du document"
B2_000921,img20250709_16381567_trace_sepsis_V1.6-V6.5-SELECTIVE_PRECISION.json,MEDIUM,COMORBIDITE_ANTECEDENT,a_pour_contexte_acquisition,CONTEXTE_ACQUISITION,contexte_acquisition_influence_risque_resistance,MICRO_ORGANISME,P1_E004,Hypertriglycéridémie,1,P4_V66_E003,enterobacter aerogenes,4,"A et C présents dans le document, B absent du document"
B2_000922,img20250709_16381567_trace_sepsis_V1.6-V6.5-SELECTIVE_PRECISION.json,MEDIUM,COMORBIDITE_ANTECEDENT,a_pour_contexte_acquisition,CONTEXTE_ACQUISITION,contexte_acquisition_influence_risque_resistance,MICRO_ORGANISME,P1_E004,Hypertriglycéridémie,1,P5_E039,portage de bactéries multirésistantes : oui (SDMR nasal,5,"A et C présents dans le document, B absent du document"
B2_000923,img20250709_16381567_trace_sepsis_V1.6-V6.5-SELECTIVE_PRECISION.json,MEDIUM,COMORBIDITE_ANTECEDENT,a_pour_contexte_acquisition,CONTEXTE_ACQUISITION,contexte_acquisition_influence_risque_resistance,MICRO_ORGANISME,P1_E004,Hypertriglycéridémie,1,P5_V66_E001,pneumocoque,5,"A et C présents dans le document, B absent du document"
B2_000924,img20250709_16381567_trace_sepsis_V1.6-V6.5-SELECTIVE_PRECISION.json,MEDIUM,COMORBIDITE_ANTECEDENT,a_pour_contexte_acquisition,CONTEXTE_ACQUISITION,contexte_acquisition_influence_risque_resistance,MICRO_ORGANISME,P1_E005,Epididymite,1,P4_E047,grippe A,4,"A et C présents dans le document, B absent du document"
B2_000925,img20250709_16381567_trace_sepsis_V1.6-V6.5-SELECTIVE_PRECISION.json,MEDIUM,COMORBIDITE_ANTECEDENT,a_pour_contexte_acquisition,CONTEXTE_ACQUISITION,contexte_acquisition_influence_risque_resistance,MICRO_ORGANISME,P1_E005,Epididymite,1,P4_V66_E002,pneumocoque,4,"A et C présents dans le document, B absent du document"
B2_000926,img20250709_16381567_trace_sepsis_V1.6-V6.5-SELECTIVE_PRECISION.json,MEDIUM,COMORBIDITE_ANTECEDENT,a_pour_contexte_acquisition,CONTEXTE_ACQUISITION,contexte_acquisition_influence_risque_resistance,MICRO_ORGANISME,P1_E005,Epididymite,1,P4_V66_E003,enterobacter aerogenes,4,"A et C présents dans le document, B absent du document"
B2_000927,img20250709_16381567_trace_sepsis_V1.6-V6.5-SELECTIVE_PRECISION.json,MEDIUM,COMORBIDITE_ANTECEDENT,a_pour_contexte_acquisition,CONTEXTE_ACQUISITION,contexte_acquisition_influence_risque_resistance,MICRO_ORGANISME,P1_E005,Epididymite,1,P5_E039,portage de bactéries multirésistantes : oui (SDMR nasal,5,"A et C présents dans le document, B absent du document"
B2_000928,img20250709_16381567_trace_sepsis_V1.6-V6.5-SELECTIVE_PRECISION.json,MEDIUM,COMORBIDITE_ANTECEDENT,a_pour_contexte_acquisition,CONTEXTE_ACQUISITION,contexte_acquisition_influence_risque_resistance,MICRO_ORGANISME,P1_E005,Epididymite,1,P5_V66_E001,pneumocoque,5,"A et C présents dans le document, B absent du document"
B2_000929,img20250709_16381567_trace_sepsis_V1.6-V6.5-SELECTIVE_PRECISION.json,MEDIUM,COMORBIDITE_ANTECEDENT,a_pour_contexte_acquisition,CONTEXTE_ACQUISITION,contexte_acquisition_influence_risque_resistance,MICRO_ORGANISME,P1_E006,insuffisance gonadotrope,1,P4_E047,grippe A,4,"A et C présents dans le document, B absent du document"
B2_000930,img20250709_16381567_trace_sepsis_V1.6-V6.5-SELECTIVE_PRECISION.json,MEDIUM,COMORBIDITE_ANTECEDENT,a_pour_contexte_acquisition,CONTEXTE_ACQUISITION,contexte_acquisition_influence_risque_resistance,MICRO_ORGANISME,P1_E006,insuffisance gonadotrope,1,P4_V66_E002,pneumocoque,4,"A et C présents dans le document, B absent du document"
B2_000931,img20250709_16381567_trace_sepsis_V1.6-V6.5-SELECTIVE_PRECISION.json,MEDIUM,COMORBIDITE_ANTECEDENT,a_pour_contexte_acquisition,CONTEXTE_ACQUISITION,contexte_acquisition_influence_risque_resistance,MICRO_ORGANISME,P1_E006,insuffisance gonadotrope,1,P4_V66_E003,enterobacter aerogenes,4,"A et C présents dans le document, B absent du document"
B2_000932,img20250709_16381567_trace_sepsis_V1.6-V6.5-SELECTIVE_PRECISION.json,MEDIUM,COMORBIDITE_ANTECEDENT,a_pour_contexte_acquisition,CONTEXTE_ACQUISITION,contexte_acquisition_influence_risque_resistance,MICRO_ORGANISME,P1_E006,insuffisance gonadotrope,1,P5_E039,portage de bactéries multirésistantes : oui (SDMR nasal,5,"A et C présents dans le document, B absent du document"
B2_000933,img20250709_16381567_trace_sepsis_V1.6-V6.5-SELECTIVE_PRECISION.json,MEDIUM,COMORBIDITE_ANTECEDENT,a_pour_contexte_acquisition,CONTEXTE_ACQUISITION,contexte_acquisition_influence_risque_resistance,MICRO_ORGANISME,P1_E006,insuffisance gonadotrope,1,P5_V66_E001,pneumocoque,5,"A et C présents dans le document, B absent du document"
B2_000934,img20250709_16381567_trace_sepsis_V1.6-V6.5-SELECTIVE_PRECISION.json,MEDIUM,COMORBIDITE_ANTECEDENT,a_pour_contexte_acquisition,CONTEXTE_ACQUISITION,contexte_acquisition_influence_risque_resistance,MICRO_ORGANISME,P1_E007,insuffisance corticotrope partielle,1,P4_E047,grippe A,4,"A et C présents dans le document, B absent du document"
B2_000935,img20250709_16381567_trace_sepsis_V1.6-V6.5-SELECTIVE_PRECISION.json,MEDIUM,COMORBIDITE_ANTECEDENT,a_pour_contexte_acquisition,CONTEXTE_ACQUISITION,contexte_acquisition_influence_risque_resistance,MICRO_ORGANISME,P1_E007,insuffisance corticotrope partielle,1,P4_V66_E002,pneumocoque,4,"A et C présents dans le document, B absent du document"
B2_000936,img20250709_16381567_trace_sepsis_V1.6-V6.5-SELECTIVE_PRECISION.json,MEDIUM,COMORBIDITE_ANTECEDENT,a_pour_contexte_acquisition,CONTEXTE_ACQUISITION,contexte_acquisition_influence_risque_resistance,MICRO_ORGANISME,P1_E007,insuffisance corticotrope partielle,1,P4_V66_E003,enterobacter aerogenes,4,"A et C présents dans le document, B absent du document"
B2_000937,img20250709_16381567_trace_sepsis_V1.6-V6.5-SELECTIVE_PRECISION.json,MEDIUM,COMORBIDITE_ANTECEDENT,a_pour_contexte_acquisition,CONTEXTE_ACQUISITION,contexte_acquisition_influence_risque_resistance,MICRO_ORGANISME,P1_E007,insuffisance corticotrope partielle,1,P5_E039,portage de bactéries multirésistantes : oui (SDMR nasal,5,"A et C présents dans le document, B absent du document"
B2_000938,img20250709_16381567_trace_sepsis_V1.6-V6.5-SELECTIVE_PRECISION.json,MEDIUM,COMORBIDITE_ANTECEDENT,a_pour_contexte_acquisition,CONTEXTE_ACQUISITION,contexte_acquisition_influence_risque_resistance,MICRO_ORGANISME,P1_E007,insuffisance corticotrope partielle,1,P5_V66_E001,pneumocoque,5,"A et C présents dans le document, B absent du document"
B2_000939,img20250709_16381567_trace_sepsis_V1.6-V6.5-SELECTIVE_PRECISION.json,MEDIUM,COMORBIDITE_ANTECEDENT,a_pour_contexte_acquisition,CONTEXTE_ACQUISITION,contexte_acquisition_influence_risque_resistance,MICRO_ORGANISME,P1_E010,Douleurs chroniques,1,P4_E047,grippe A,4,"A et C présents dans le document, B absent du document"
B2_000940,img20250709_16381567_trace_sepsis_V1.6-V6.5-SELECTIVE_PRECISION.json,MEDIUM,COMORBIDITE_ANTECEDENT,a_pour_contexte_acquisition,CONTEXTE_ACQUISITION,contexte_acquisition_influence_risque_resistance,MICRO_ORGANISME,P1_E010,Douleurs chroniques,1,P4_V66_E002,pneumocoque,4,"A et C présents dans le document, B absent du document"
B2_000941,img20250709_16381567_trace_sepsis_V1.6-V6.5-SELECTIVE_PRECISION.json,MEDIUM,COMORBIDITE_ANTECEDENT,a_pour_contexte_acquisition,CONTEXTE_ACQUISITION,contexte_acquisition_influence_risque_resistance,MICRO_ORGANISME,P1_E010,Douleurs chroniques,1,P4_V66_E003,enterobacter aerogenes,4,"A et C présents dans le document, B absent du document"
B2_000942,img20250709_16381567_trace_sepsis_V1.6-V6.5-SELECTIVE_PRECISION.json,MEDIUM,COMORBIDITE_ANTECEDENT,a_pour_contexte_acquisition,CONTEXTE_ACQUISITION,contexte_acquisition_influence_risque_resistance,MICRO_ORGANISME,P1_E010,Douleurs chroniques,1,P5_E039,portage de bactéries multirésistantes : oui (SDMR nasal,5,"A et C présents dans le document, B absent du document"
B2_000943,img20250709_16381567_trace_sepsis_V1.6-V6.5-SELECTIVE_PRECISION.json,MEDIUM,COMORBIDITE_ANTECEDENT,a_pour_contexte_acquisition,CONTEXTE_ACQUISITION,contexte_acquisition_influence_risque_resistance,MICRO_ORGANISME,P1_E010,Douleurs chroniques,1,P5_V66_E001,pneumocoque,5,"A et C présents dans le document, B absent du document"
B2_000944,img20250709_16381567_trace_sepsis_V1.6-V6.5-SELECTIVE_PRECISION.json,MEDIUM,COMORBIDITE_ANTECEDENT,a_pour_contexte_acquisition,CONTEXTE_ACQUISITION,contexte_acquisition_influence_risque_resistance,MICRO_ORGANISME,P1_E011,myélopathie cervico-arthrosique,1,P4_E047,grippe A,4,"A et C présents dans le document, B absent du document"
B2_000945,img20250709_16381567_trace_sepsis_V1.6-V6.5-SELECTIVE_PRECISION.json,MEDIUM,COMORBIDITE_ANTECEDENT,a_pour_contexte_acquisition,CONTEXTE_ACQUISITION,contexte_acquisition_influence_risque_resistance,MICRO_ORGANISME,P1_E011,myélopathie cervico-arthrosique,1,P4_V66_E002,pneumocoque,4,"A et C présents dans le document, B absent du document"
B2_000946,img20250709_16381567_trace_sepsis_V1.6-V6.5-SELECTIVE_PRECISION.json,MEDIUM,COMORBIDITE_ANTECEDENT,a_pour_contexte_acquisition,CONTEXTE_ACQUISITION,contexte_acquisition_influence_risque_resistance,MICRO_ORGANISME,P1_E011,myélopathie cervico-arthrosique,1,P4_V66_E003,enterobacter aerogenes,4,"A et C présents dans le document, B absent du document"
B2_000947,img20250709_16381567_trace_sepsis_V1.6-V6.5-SELECTIVE_PRECISION.json,MEDIUM,COMORBIDITE_ANTECEDENT,a_pour_contexte_acquisition,CONTEXTE_ACQUISITION,contexte_acquisition_influence_risque_resistance,MICRO_ORGANISME,P1_E011,myélopathie cervico-arthrosique,1,P5_E039,portage de bactéries multirésistantes : oui (SDMR nasal,5,"A et C présents dans le document, B absent du document"
B2_000948,img20250709_16381567_trace_sepsis_V1.6-V6.5-SELECTIVE_PRECISION.json,MEDIUM,COMORBIDITE_ANTECEDENT,a_pour_contexte_acquisition,CONTEXTE_ACQUISITION,contexte_acquisition_influence_risque_resistance,MICRO_ORGANISME,P1_E011,myélopathie cervico-arthrosique,1,P5_V66_E001,pneumocoque,5,"A et C présents dans le document, B absent du document"
B2_000949,img20250709_16381567_trace_sepsis_V1.6-V6.5-SELECTIVE_PRECISION.json,MEDIUM,COMORBIDITE_ANTECEDENT,a_pour_contexte_acquisition,CONTEXTE_ACQUISITION,contexte_acquisition_influence_risque_resistance,MICRO_ORGANISME,P1_E012,Asthme,1,P4_E047,grippe A,4,"A et C présents dans le document, B absent du document"
B2_000950,img20250709_16381567_trace_sepsis_V1.6-V6.5-SELECTIVE_PRECISION.json,MEDIUM,COMORBIDITE_ANTECEDENT,a_pour_contexte_acquisition,CONTEXTE_ACQUISITION,contexte_acquisition_influence_risque_resistance,MICRO_ORGANISME,P1_E012,Asthme,1,P4_V66_E002,pneumocoque,4,"A et C présents dans le document, B absent du document"
B2_000951,img20250709_16381567_trace_sepsis_V1.6-V6.5-SELECTIVE_PRECISION.json,MEDIUM,COMORBIDITE_ANTECEDENT,a_pour_contexte_acquisition,CONTEXTE_ACQUISITION,contexte_acquisition_influence_risque_resistance,MICRO_ORGANISME,P1_E012,Asthme,1,P4_V66_E003,enterobacter aerogenes,4,"A et C présents dans le document, B absent du document"
B2_000952,img20250709_16381567_trace_sepsis_V1.6-V6.5-SELECTIVE_PRECISION.json,MEDIUM,COMORBIDITE_ANTECEDENT,a_pour_contexte_acquisition,CONTEXTE_ACQUISITION,contexte_acquisition_influence_risque_resistance,MICRO_ORGANISME,P1_E012,Asthme,1,P5_E039,portage de bactéries multirésistantes : oui (SDMR nasal,5,"A et C présents dans le document, B absent du document"
B2_000953,img20250709_16381567_trace_sepsis_V1.6-V6.5-SELECTIVE_PRECISION.json,MEDIUM,COMORBIDITE_ANTECEDENT,a_pour_contexte_acquisition,CONTEXTE_ACQUISITION,contexte_acquisition_influence_risque_resistance,MICRO_ORGANISME,P1_E012,Asthme,1,P5_V66_E001,pneumocoque,5,"A et C présents dans le document, B absent du document"
B2_000954,img20250709_16381567_trace_sepsis_V1.6-V6.5-SELECTIVE_PRECISION.json,MEDIUM,COMORBIDITE_ANTECEDENT,a_pour_contexte_acquisition,CONTEXTE_ACQUISITION,contexte_acquisition_influence_risque_resistance,MICRO_ORGANISME,P1_E013,emphysème,1,P4_E047,grippe A,4,"A et C présents dans le document, B absent du document"
B2_000955,img20250709_16381567_trace_sepsis_V1.6-V6.5-SELECTIVE_PRECISION.json,MEDIUM,COMORBIDITE_ANTECEDENT,a_pour_contexte_acquisition,CONTEXTE_ACQUISITION,contexte_acquisition_influence_risque_resistance,MICRO_ORGANISME,P1_E013,emphysème,1,P4_V66_E002,pneumocoque,4,"A et C présents dans le document, B absent du document"
B2_000956,img20250709_16381567_trace_sepsis_V1.6-V6.5-SELECTIVE_PRECISION.json,MEDIUM,COMORBIDITE_ANTECEDENT,a_pour_contexte_acquisition,CONTEXTE_ACQUISITION,contexte_acquisition_influence_risque_resistance,MICRO_ORGANISME,P1_E013,emphysème,1,P4_V66_E003,enterobacter aerogenes,4,"A et C présents dans le document, B absent du document"
B2_000957,img20250709_16381567_trace_sepsis_V1.6-V6.5-SELECTIVE_PRECISION.json,MEDIUM,COMORBIDITE_ANTECEDENT,a_pour_contexte_acquisition,CONTEXTE_ACQUISITION,contexte_acquisition_influence_risque_resistance,MICRO_ORGANISME,P1_E013,emphysème,1,P5_E039,portage de bactéries multirésistantes : oui (SDMR nasal,5,"A et C présents dans le document, B absent du document"
B2_000958,img20250709_16381567_trace_sepsis_V1.6-V6.5-SELECTIVE_PRECISION.json,MEDIUM,COMORBIDITE_ANTECEDENT,a_pour_contexte_acquisition,CONTEXTE_ACQUISITION,contexte_acquisition_influence_risque_resistance,MICRO_ORGANISME,P1_E013,emphysème,1,P5_V66_E001,pneumocoque,5,"A et C présents dans le document, B absent du document"
B2_000959,img20250709_16381567_trace_sepsis_V1.6-V6.5-SELECTIVE_PRECISION.json,MEDIUM,COMORBIDITE_ANTECEDENT,a_pour_contexte_acquisition,CONTEXTE_ACQUISITION,contexte_acquisition_influence_risque_resistance,MICRO_ORGANISME,P1_E015,Arthrodèse,1,P4_E047,grippe A,4,"A et C présents dans le document, B absent du document"
B2_000960,img20250709_16381567_trace_sepsis_V1.6-V6.5-SELECTIVE_PRECISION.json,MEDIUM,COMORBIDITE_ANTECEDENT,a_pour_contexte_acquisition,CONTEXTE_ACQUISITION,contexte_acquisition_influence_risque_resistance,MICRO_ORGANISME,P1_E015,Arthrodèse,1,P4_V66_E002,pneumocoque,4,"A et C présents dans le document, B absent du document"
B2_000961,img20250709_16381567_trace_sepsis_V1.6-V6.5-SELECTIVE_PRECISION.json,MEDIUM,COMORBIDITE_ANTECEDENT,a_pour_contexte_acquisition,CONTEXTE_ACQUISITION,contexte_acquisition_influence_risque_resistance,MICRO_ORGANISME,P1_E015,Arthrodèse,1,P4_V66_E003,enterobacter aerogenes,4,"A et C présents dans le document, B absent du document"
B2_000962,img20250709_16381567_trace_sepsis_V1.6-V6.5-SELECTIVE_PRECISION.json,MEDIUM,COMORBIDITE_ANTECEDENT,a_pour_contexte_acquisition,CONTEXTE_ACQUISITION,contexte_acquisition_influence_risque_resistance,MICRO_ORGANISME,P1_E015,Arthrodèse,1,P5_E039,portage de bactéries multirésistantes : oui (SDMR nasal,5,"A et C présents dans le document, B absent du document"
B2_000963,img20250709_16381567_trace_sepsis_V1.6-V6.5-SELECTIVE_PRECISION.json,MEDIUM,COMORBIDITE_ANTECEDENT,a_pour_contexte_acquisition,CONTEXTE_ACQUISITION,contexte_acquisition_influence_risque_resistance,MICRO_ORGANISME,P1_E015,Arthrodèse,1,P5_V66_E001,pneumocoque,5,"A et C présents dans le document, B absent du document"
B2_000964,img20250709_16381567_trace_sepsis_V1.6-V6.5-SELECTIVE_PRECISION.json,MEDIUM,COMORBIDITE_ANTECEDENT,a_pour_contexte_acquisition,CONTEXTE_ACQUISITION,contexte_acquisition_influence_risque_resistance,MICRO_ORGANISME,P1_E016,Exérèse d'une hernie discale L5-S1,1,P4_E047,grippe A,4,"A et C présents dans le document, B absent du document"
B2_000965,img20250709_16381567_trace_sepsis_V1.6-V6.5-SELECTIVE_PRECISION.json,MEDIUM,COMORBIDITE_ANTECEDENT,a_pour_contexte_acquisition,CONTEXTE_ACQUISITION,contexte_acquisition_influence_risque_resistance,MICRO_ORGANISME,P1_E016,Exérèse d'une hernie discale L5-S1,1,P4_V66_E002,pneumocoque,4,"A et C présents dans le document, B absent du document"
B2_000966,img20250709_16381567_trace_sepsis_V1.6-V6.5-SELECTIVE_PRECISION.json,MEDIUM,COMORBIDITE_ANTECEDENT,a_pour_contexte_acquisition,CONTEXTE_ACQUISITION,contexte_acquisition_influence_risque_resistance,MICRO_ORGANISME,P1_E016,Exérèse d'une hernie discale L5-S1,1,P4_V66_E003,enterobacter aerogenes,4,"A et C présents dans le document, B absent du document"
B2_000967,img20250709_16381567_trace_sepsis_V1.6-V6.5-SELECTIVE_PRECISION.json,MEDIUM,COMORBIDITE_ANTECEDENT,a_pour_contexte_acquisition,CONTEXTE_ACQUISITION,contexte_acquisition_influence_risque_resistance,MICRO_ORGANISME,P1_E016,Exérèse d'une hernie discale L5-S1,1,P5_E039,portage de bactéries multirésistantes : oui (SDMR nasal,5,"A et C présents dans le document, B absent du document"
B2_000968,img20250709_16381567_trace_sepsis_V1.6-V6.5-SELECTIVE_PRECISION.json,MEDIUM,COMORBIDITE_ANTECEDENT,a_pour_contexte_acquisition,CONTEXTE_ACQUISITION,contexte_acquisition_influence_risque_resistance,MICRO_ORGANISME,P1_E016,Exérèse d'une hernie discale L5-S1,1,P5_V66_E001,pneumocoque,5,"A et C présents dans le document, B absent du document"
B2_000969,img20250709_16381567_trace_sepsis_V1.6-V6.5-SELECTIVE_PRECISION.json,MEDIUM,COMORBIDITE_ANTECEDENT,a_pour_contexte_acquisition,CONTEXTE_ACQUISITION,contexte_acquisition_influence_risque_resistance,MICRO_ORGANISME,P1_E017,sciatique paralysante MID,1,P4_E047,grippe A,4,"A et C présents dans le document, B absent du document"
B2_000970,img20250709_16381567_trace_sepsis_V1.6-V6.5-SELECTIVE_PRECISION.json,MEDIUM,COMORBIDITE_ANTECEDENT,a_pour_contexte_acquisition,CONTEXTE_ACQUISITION,contexte_acquisition_influence_risque_resistance,MICRO_ORGANISME,P1_E017,sciatique paralysante MID,1,P4_V66_E002,pneumocoque,4,"A et C présents dans le document, B absent du document"
B2_000971,img20250709_16381567_trace_sepsis_V1.6-V6.5-SELECTIVE_PRECISION.json,MEDIUM,COMORBIDITE_ANTECEDENT,a_pour_contexte_acquisition,CONTEXTE_ACQUISITION,contexte_acquisition_influence_risque_resistance,MICRO_ORGANISME,P1_E017,sciatique paralysante MID,1,P4_V66_E003,enterobacter aerogenes,4,"A et C présents dans le document, B absent du document"
B2_000972,img20250709_16381567_trace_sepsis_V1.6-V6.5-SELECTIVE_PRECISION.json,MEDIUM,COMORBIDITE_ANTECEDENT,a_pour_contexte_acquisition,CONTEXTE_ACQUISITION,contexte_acquisition_influence_risque_resistance,MICRO_ORGANISME,P1_E017,sciatique paralysante MID,1,P5_E039,portage de bactéries multirésistantes : oui (SDMR nasal,5,"A et C présents dans le document, B absent du document"
B2_000973,img20250709_16381567_trace_sepsis_V1.6-V6.5-SELECTIVE_PRECISION.json,MEDIUM,COMORBIDITE_ANTECEDENT,a_pour_contexte_acquisition,CONTEXTE_ACQUISITION,contexte_acquisition_influence_risque_resistance,MICRO_ORGANISME,P1_E017,sciatique paralysante MID,1,P5_V66_E001,pneumocoque,5,"A et C présents dans le document, B absent du document"
B2_000974,img20250709_16381567_trace_sepsis_V1.6-V6.5-SELECTIVE_PRECISION.json,MEDIUM,COMORBIDITE_ANTECEDENT,a_pour_contexte_acquisition,CONTEXTE_ACQUISITION,contexte_acquisition_influence_risque_resistance,MICRO_ORGANISME,P1_E019,Amygdalectomie,1,P4_E047,grippe A,4,"A et C présents dans le document, B absent du document"
B2_000975,img20250709_16381567_trace_sepsis_V1.6-V6.5-SELECTIVE_PRECISION.json,MEDIUM,COMORBIDITE_ANTECEDENT,a_pour_contexte_acquisition,CONTEXTE_ACQUISITION,contexte_acquisition_influence_risque_resistance,MICRO_ORGANISME,P1_E019,Amygdalectomie,1,P4_V66_E002,pneumocoque,4,"A et C présents dans le document, B absent du document"
B2_000976,img20250709_16381567_trace_sepsis_V1.6-V6.5-SELECTIVE_PRECISION.json,MEDIUM,COMORBIDITE_ANTECEDENT,a_pour_contexte_acquisition,CONTEXTE_ACQUISITION,contexte_acquisition_influence_risque_resistance,MICRO_ORGANISME,P1_E019,Amygdalectomie,1,P4_V66_E003,enterobacter aerogenes,4,"A et C présents dans le document, B absent du document"
B2_000977,img20250709_16381567_trace_sepsis_V1.6-V6.5-SELECTIVE_PRECISION.json,MEDIUM,COMORBIDITE_ANTECEDENT,a_pour_contexte_acquisition,CONTEXTE_ACQUISITION,contexte_acquisition_influence_risque_resistance,MICRO_ORGANISME,P1_E019,Amygdalectomie,1,P5_E039,portage de bactéries multirésistantes : oui (SDMR nasal,5,"A et C présents dans le document, B absent du document"
B2_000978,img20250709_16381567_trace_sepsis_V1.6-V6.5-SELECTIVE_PRECISION.json,MEDIUM,COMORBIDITE_ANTECEDENT,a_pour_contexte_acquisition,CONTEXTE_ACQUISITION,contexte_acquisition_influence_risque_resistance,MICRO_ORGANISME,P1_E019,Amygdalectomie,1,P5_V66_E001,pneumocoque,5,"A et C présents dans le document, B absent du document"
B2_000979,img20250709_16381567_trace_sepsis_V1.6-V6.5-SELECTIVE_PRECISION.json,MEDIUM,COMORBIDITE_ANTECEDENT,a_pour_contexte_acquisition,CONTEXTE_ACQUISITION,contexte_acquisition_influence_risque_resistance,MICRO_ORGANISME,P1_E020,Cloison nasale,1,P4_E047,grippe A,4,"A et C présents dans le document, B absent du document"
B2_000980,img20250709_16381567_trace_sepsis_V1.6-V6.5-SELECTIVE_PRECISION.json,MEDIUM,COMORBIDITE_ANTECEDENT,a_pour_contexte_acquisition,CONTEXTE_ACQUISITION,contexte_acquisition_influence_risque_resistance,MICRO_ORGANISME,P1_E020,Cloison nasale,1,P4_V66_E002,pneumocoque,4,"A et C présents dans le document, B absent du document"
B2_000981,img20250709_16381567_trace_sepsis_V1.6-V6.5-SELECTIVE_PRECISION.json,MEDIUM,COMORBIDITE_ANTECEDENT,a_pour_contexte_acquisition,CONTEXTE_ACQUISITION,contexte_acquisition_influence_risque_resistance,MICRO_ORGANISME,P1_E020,Cloison nasale,1,P4_V66_E003,enterobacter aerogenes,4,"A et C présents dans le document, B absent du document"
B2_000982,img20250709_16381567_trace_sepsis_V1.6-V6.5-SELECTIVE_PRECISION.json,MEDIUM,COMORBIDITE_ANTECEDENT,a_pour_contexte_acquisition,CONTEXTE_ACQUISITION,contexte_acquisition_influence_risque_resistance,MICRO_ORGANISME,P1_E020,Cloison nasale,1,P5_E039,portage de bactéries multirésistantes : oui (SDMR nasal,5,"A et C présents dans le document, B absent du document"
B2_000983,img20250709_16381567_trace_sepsis_V1.6-V6.5-SELECTIVE_PRECISION.json,MEDIUM,COMORBIDITE_ANTECEDENT,a_pour_contexte_acquisition,CONTEXTE_ACQUISITION,contexte_acquisition_influence_risque_resistance,MICRO_ORGANISME,P1_E020,Cloison nasale,1,P5_V66_E001,pneumocoque,5,"A et C présents dans le document, B absent du document"
B2_000984,img20250709_16381567_trace_sepsis_V1.6-V6.5-SELECTIVE_PRECISION.json,MEDIUM,COMORBIDITE_ANTECEDENT,a_pour_contexte_acquisition,CONTEXTE_ACQUISITION,contexte_acquisition_influence_risque_resistance,MICRO_ORGANISME,P1_E041,hernie discale,1,P4_E047,grippe A,4,"A et C présents dans le document, B absent du document"
B2_000985,img20250709_16381567_trace_sepsis_V1.6-V6.5-SELECTIVE_PRECISION.json,MEDIUM,COMORBIDITE_ANTECEDENT,a_pour_contexte_acquisition,CONTEXTE_ACQUISITION,contexte_acquisition_influence_risque_resistance,MICRO_ORGANISME,P1_E041,hernie discale,1,P4_V66_E002,pneumocoque,4,"A et C présents dans le document, B absent du document"
B2_000986,img20250709_16381567_trace_sepsis_V1.6-V6.5-SELECTIVE_PRECISION.json,MEDIUM,COMORBIDITE_ANTECEDENT,a_pour_contexte_acquisition,CONTEXTE_ACQUISITION,contexte_acquisition_influence_risque_resistance,MICRO_ORGANISME,P1_E041,hernie discale,1,P4_V66_E003,enterobacter aerogenes,4,"A et C présents dans le document, B absent du document"
B2_000987,img20250709_16381567_trace_sepsis_V1.6-V6.5-SELECTIVE_PRECISION.json,MEDIUM,COMORBIDITE_ANTECEDENT,a_pour_contexte_acquisition,CONTEXTE_ACQUISITION,contexte_acquisition_influence_risque_resistance,MICRO_ORGANISME,P1_E041,hernie discale,1,P5_E039,portage de bactéries multirésistantes : oui (SDMR nasal,5,"A et C présents dans le document, B absent du document"
B2_000988,img20250709_16381567_trace_sepsis_V1.6-V6.5-SELECTIVE_PRECISION.json,MEDIUM,COMORBIDITE_ANTECEDENT,a_pour_contexte_acquisition,CONTEXTE_ACQUISITION,contexte_acquisition_influence_risque_resistance,MICRO_ORGANISME,P1_E041,hernie discale,1,P5_V66_E001,pneumocoque,5,"A et C présents dans le document, B absent du document"
B2_000989,img20250709_16381567_trace_sepsis_V1.6-V6.5-SELECTIVE_PRECISION.json,MEDIUM,COMORBIDITE_ANTECEDENT,a_pour_contexte_acquisition,CONTEXTE_ACQUISITION,contexte_acquisition_influence_risque_resistance,MICRO_ORGANISME,P1_E042,Tabagisme,1,P4_E047,grippe A,4,"A et C présents dans le document, B absent du document"
B2_000990,img20250709_16381567_trace_sepsis_V1.6-V6.5-SELECTIVE_PRECISION.json,MEDIUM,COMORBIDITE_ANTECEDENT,a_pour_contexte_acquisition,CONTEXTE_ACQUISITION,contexte_acquisition_influence_risque_resistance,MICRO_ORGANISME,P1_E042,Tabagisme,1,P4_V66_E002,pneumocoque,4,"A et C présents dans le document, B absent du document"
B2_000991,img20250709_16381567_trace_sepsis_V1.6-V6.5-SELECTIVE_PRECISION.json,MEDIUM,COMORBIDITE_ANTECEDENT,a_pour_contexte_acquisition,CONTEXTE_ACQUISITION,contexte_acquisition_influence_risque_resistance,MICRO_ORGANISME,P1_E042,Tabagisme,1,P4_V66_E003,enterobacter aerogenes,4,"A et C présents dans le document, B absent du document"
B2_000992,img20250709_16381567_trace_sepsis_V1.6-V6.5-SELECTIVE_PRECISION.json,MEDIUM,COMORBIDITE_ANTECEDENT,a_pour_contexte_acquisition,CONTEXTE_ACQUISITION,contexte_acquisition_influence_risque_resistance,MICRO_ORGANISME,P1_E042,Tabagisme,1,P5_E039,portage de bactéries multirésistantes : oui (SDMR nasal,5,"A et C présents dans le document, B absent du document"
B2_000993,img20250709_16381567_trace_sepsis_V1.6-V6.5-SELECTIVE_PRECISION.json,MEDIUM,COMORBIDITE_ANTECEDENT,a_pour_contexte_acquisition,CONTEXTE_ACQUISITION,contexte_acquisition_influence_risque_resistance,MICRO_ORGANISME,P1_E042,Tabagisme,1,P5_V66_E001,pneumocoque,5,"A et C présents dans le document, B absent du document"
B2_000994,img20250709_16381567_trace_sepsis_V1.6-V6.5-SELECTIVE_PRECISION.json,STRONG,COMORBIDITE_ANTECEDENT,a_pour_contexte_acquisition,CONTEXTE_ACQUISITION,contexte_acquisition_influence_risque_resistance,MICRO_ORGANISME,P4_E002,asthmatique connu,4,P4_E047,grippe A,4,"A et C présents sur la même page, B absent du document"
B2_000995,img20250709_16381567_trace_sepsis_V1.6-V6.5-SELECTIVE_PRECISION.json,STRONG,COMORBIDITE_ANTECEDENT,a_pour_contexte_acquisition,CONTEXTE_ACQUISITION,contexte_acquisition_influence_risque_resistance,MICRO_ORGANISME,P4_E002,asthmatique connu,4,P4_V66_E002,pneumocoque,4,"A et C présents sur la même page, B absent du document"
B2_000996,img20250709_16381567_trace_sepsis_V1.6-V6.5-SELECTIVE_PRECISION.json,STRONG,COMORBIDITE_ANTECEDENT,a_pour_contexte_acquisition,CONTEXTE_ACQUISITION,contexte_acquisition_influence_risque_resistance,MICRO_ORGANISME,P4_E002,asthmatique connu,4,P4_V66_E003,enterobacter aerogenes,4,"A et C présents sur la même page, B absent du document"
B2_000997,img20250709_16381567_trace_sepsis_V1.6-V6.5-SELECTIVE_PRECISION.json,MEDIUM,COMORBIDITE_ANTECEDENT,a_pour_contexte_acquisition,CONTEXTE_ACQUISITION,contexte_acquisition_influence_risque_resistance,MICRO_ORGANISME,P4_E002,asthmatique connu,4,P5_E039,portage de bactéries multirésistantes : oui (SDMR nasal,5,"A et C présents dans le document, B absent du document"
B2_000998,img20250709_16381567_trace_sepsis_V1.6-V6.5-SELECTIVE_PRECISION.json,MEDIUM,COMORBIDITE_ANTECEDENT,a_pour_contexte_acquisition,CONTEXTE_ACQUISITION,contexte_acquisition_influence_risque_resistance,MICRO_ORGANISME,P4_E002,asthmatique connu,4,P5_V66_E001,pneumocoque,5,"A et C présents dans le document, B absent du document"
B2_000999,img20250709_16381567_trace_sepsis_V1.6-V6.5-SELECTIVE_PRECISION.json,STRONG,COMORBIDITE_ANTECEDENT,a_pour_contexte_acquisition,CONTEXTE_ACQUISITION,contexte_acquisition_influence_risque_resistance,MICRO_ORGANISME,P4_E050,consommation chronique de morphiniques,4,P4_E047,grippe A,4,"A et C présents sur la même page, B absent du document"
B2_001000,img20250709_16381567_trace_sepsis_V1.6-V6.5-SELECTIVE_PRECISION.json,STRONG,COMORBIDITE_ANTECEDENT,a_pour_contexte_acquisition,CONTEXTE_ACQUISITION,contexte_acquisition_influence_risque_resistance,MICRO_ORGANISME,P4_E050,consommation chronique de morphiniques,4,P4_V66_E002,pneumocoque,4,"A et C présents sur la même page, B absent du document"
B2_001001,img20250709_16381567_trace_sepsis_V1.6-V6.5-SELECTIVE_PRECISION.json,STRONG,COMORBIDITE_ANTECEDENT,a_pour_contexte_acquisition,CONTEXTE_ACQUISITION,contexte_acquisition_influence_risque_resistance,MICRO_ORGANISME,P4_E050,consommation chronique de morphiniques,4,P4_V66_E003,enterobacter aerogenes,4,"A et C présents sur la même page, B absent du document"
B2_001002,img20250709_16381567_trace_sepsis_V1.6-V6.5-SELECTIVE_PRECISION.json,MEDIUM,COMORBIDITE_ANTECEDENT,a_pour_contexte_acquisition,CONTEXTE_ACQUISITION,contexte_acquisition_influence_risque_resistance,MICRO_ORGANISME,P4_E050,consommation chronique de morphiniques,4,P5_E039,portage de bactéries multirésistantes : oui (SDMR nasal,5,"A et C présents dans le document, B absent du document"
B2_001003,img20250709_16381567_trace_sepsis_V1.6-V6.5-SELECTIVE_PRECISION.json,MEDIUM,COMORBIDITE_ANTECEDENT,a_pour_contexte_acquisition,CONTEXTE_ACQUISITION,contexte_acquisition_influence_risque_resistance,MICRO_ORGANISME,P4_E050,consommation chronique de morphiniques,4,P5_V66_E001,pneumocoque,5,"A et C présents dans le document, B absent du document"
B2_001004,img20250709_16381567_trace_sepsis_V1.6-V6.5-SELECTIVE_PRECISION.json,MEDIUM,COMORBIDITE_ANTECEDENT,a_pour_contexte_acquisition,CONTEXTE_ACQUISITION,contexte_acquisition_influence_risque_resistance,MICRO_ORGANISME,P5_E001,BPCO post tabagique,5,P4_E047,grippe A,4,"A et C présents dans le document, B absent du document"
B2_001005,img20250709_16381567_trace_sepsis_V1.6-V6.5-SELECTIVE_PRECISION.json,MEDIUM,COMORBIDITE_ANTECEDENT,a_pour_contexte_acquisition,CONTEXTE_ACQUISITION,contexte_acquisition_influence_risque_resistance,MICRO_ORGANISME,P5_E001,BPCO post tabagique,5,P4_V66_E002,pneumocoque,4,"A et C présents dans le document, B absent du document"
B2_001006,img20250709_16381567_trace_sepsis_V1.6-V6.5-SELECTIVE_PRECISION.json,MEDIUM,COMORBIDITE_ANTECEDENT,a_pour_contexte_acquisition,CONTEXTE_ACQUISITION,contexte_acquisition_influence_risque_resistance,MICRO_ORGANISME,P5_E001,BPCO post tabagique,5,P4_V66_E003,enterobacter aerogenes,4,"A et C présents dans le document, B absent du document"
B2_001007,img20250709_16381567_trace_sepsis_V1.6-V6.5-SELECTIVE_PRECISION.json,STRONG,COMORBIDITE_ANTECEDENT,a_pour_contexte_acquisition,CONTEXTE_ACQUISITION,contexte_acquisition_influence_risque_resistance,MICRO_ORGANISME,P5_E001,BPCO post tabagique,5,P5_E039,portage de bactéries multirésistantes : oui (SDMR nasal,5,"A et C présents sur la même page, B absent du document"
B2_001008,img20250709_16381567_trace_sepsis_V1.6-V6.5-SELECTIVE_PRECISION.json,STRONG,COMORBIDITE_ANTECEDENT,a_pour_contexte_acquisition,CONTEXTE_ACQUISITION,contexte_acquisition_influence_risque_resistance,MICRO_ORGANISME,P5_E001,BPCO post tabagique,5,P5_V66_E001,pneumocoque,5,"A et C présents sur la même page, B absent du document"
B2_001009,img20250709_16381567_trace_sepsis_V1.6-V6.5-SELECTIVE_PRECISION.json,MEDIUM,COMORBIDITE_ANTECEDENT,a_pour_contexte_acquisition,CONTEXTE_ACQUISITION,contexte_acquisition_influence_risque_resistance,MICRO_ORGANISME,P5_E002,tabagisme à 80 PA,5,P4_E047,grippe A,4,"A et C présents dans le document, B absent du document"
B2_001010,img20250709_16381567_trace_sepsis_V1.6-V6.5-SELECTIVE_PRECISION.json,MEDIUM,COMORBIDITE_ANTECEDENT,a_pour_contexte_acquisition,CONTEXTE_ACQUISITION,contexte_acquisition_influence_risque_resistance,MICRO_ORGANISME,P5_E002,tabagisme à 80 PA,5,P4_V66_E002,pneumocoque,4,"A et C présents dans le document, B absent du document"
B2_001011,img20250709_16381567_trace_sepsis_V1.6-V6.5-SELECTIVE_PRECISION.json,MEDIUM,COMORBIDITE_ANTECEDENT,a_pour_contexte_acquisition,CONTEXTE_ACQUISITION,contexte_acquisition_influence_risque_resistance,MICRO_ORGANISME,P5_E002,tabagisme à 80 PA,5,P4_V66_E003,enterobacter aerogenes,4,"A et C présents dans le document, B absent du document"
B2_001012,img20250709_16381567_trace_sepsis_V1.6-V6.5-SELECTIVE_PRECISION.json,STRONG,COMORBIDITE_ANTECEDENT,a_pour_contexte_acquisition,CONTEXTE_ACQUISITION,contexte_acquisition_influence_risque_resistance,MICRO_ORGANISME,P5_E002,tabagisme à 80 PA,5,P5_E039,portage de bactéries multirésistantes : oui (SDMR nasal,5,"A et C présents sur la même page, B absent du document"
B2_001013,img20250709_16381567_trace_sepsis_V1.6-V6.5-SELECTIVE_PRECISION.json,STRONG,COMORBIDITE_ANTECEDENT,a_pour_contexte_acquisition,CONTEXTE_ACQUISITION,contexte_acquisition_influence_risque_resistance,MICRO_ORGANISME,P5_E002,tabagisme à 80 PA,5,P5_V66_E001,pneumocoque,5,"A et C présents sur la même page, B absent du document"
B2_001014,img20250709_16381567_trace_sepsis_V1.6-V6.5-SELECTIVE_PRECISION.json,MEDIUM,COMORBIDITE_ANTECEDENT,a_pour_contexte_acquisition,CONTEXTE_ACQUISITION,contexte_acquisition_influence_risque_resistance,MICRO_ORGANISME,P5_E003,insuffisance gonadotrope,5,P4_E047,grippe A,4,"A et C présents dans le document, B absent du document"
B2_001015,img20250709_16381567_trace_sepsis_V1.6-V6.5-SELECTIVE_PRECISION.json,MEDIUM,COMORBIDITE_ANTECEDENT,a_pour_contexte_acquisition,CONTEXTE_ACQUISITION,contexte_acquisition_influence_risque_resistance,MICRO_ORGANISME,P5_E003,insuffisance gonadotrope,5,P4_V66_E002,pneumocoque,4,"A et C présents dans le document, B absent du document"
B2_001016,img20250709_16381567_trace_sepsis_V1.6-V6.5-SELECTIVE_PRECISION.json,MEDIUM,COMORBIDITE_ANTECEDENT,a_pour_contexte_acquisition,CONTEXTE_ACQUISITION,contexte_acquisition_influence_risque_resistance,MICRO_ORGANISME,P5_E003,insuffisance gonadotrope,5,P4_V66_E003,enterobacter aerogenes,4,"A et C présents dans le document, B absent du document"
B2_001017,img20250709_16381567_trace_sepsis_V1.6-V6.5-SELECTIVE_PRECISION.json,STRONG,COMORBIDITE_ANTECEDENT,a_pour_contexte_acquisition,CONTEXTE_ACQUISITION,contexte_acquisition_influence_risque_resistance,MICRO_ORGANISME,P5_E003,insuffisance gonadotrope,5,P5_E039,portage de bactéries multirésistantes : oui (SDMR nasal,5,"A et C présents sur la même page, B absent du document"
B2_001018,img20250709_16381567_trace_sepsis_V1.6-V6.5-SELECTIVE_PRECISION.json,STRONG,COMORBIDITE_ANTECEDENT,a_pour_contexte_acquisition,CONTEXTE_ACQUISITION,contexte_acquisition_influence_risque_resistance,MICRO_ORGANISME,P5_E003,insuffisance gonadotrope,5,P5_V66_E001,pneumocoque,5,"A et C présents sur la même page, B absent du document"
B2_001019,img20250709_16381567_trace_sepsis_V1.6-V6.5-SELECTIVE_PRECISION.json,MEDIUM,COMORBIDITE_ANTECEDENT,a_pour_contexte_acquisition,CONTEXTE_ACQUISITION,contexte_acquisition_influence_risque_resistance,MICRO_ORGANISME,P5_E004,insuffisance corticotrope,5,P4_E047,grippe A,4,"A et C présents dans le document, B absent du document"
B2_001020,img20250709_16381567_trace_sepsis_V1.6-V6.5-SELECTIVE_PRECISION.json,MEDIUM,COMORBIDITE_ANTECEDENT,a_pour_contexte_acquisition,CONTEXTE_ACQUISITION,contexte_acquisition_influence_risque_resistance,MICRO_ORGANISME,P5_E004,insuffisance corticotrope,5,P4_V66_E002,pneumocoque,4,"A et C présents dans le document, B absent du document"
B2_001021,img20250709_16381567_trace_sepsis_V1.6-V6.5-SELECTIVE_PRECISION.json,MEDIUM,COMORBIDITE_ANTECEDENT,a_pour_contexte_acquisition,CONTEXTE_ACQUISITION,contexte_acquisition_influence_risque_resistance,MICRO_ORGANISME,P5_E004,insuffisance corticotrope,5,P4_V66_E003,enterobacter aerogenes,4,"A et C présents dans le document, B absent du document"
B2_001022,img20250709_16381567_trace_sepsis_V1.6-V6.5-SELECTIVE_PRECISION.json,STRONG,COMORBIDITE_ANTECEDENT,a_pour_contexte_acquisition,CONTEXTE_ACQUISITION,contexte_acquisition_influence_risque_resistance,MICRO_ORGANISME,P5_E004,insuffisance corticotrope,5,P5_E039,portage de bactéries multirésistantes : oui (SDMR nasal,5,"A et C présents sur la même page, B absent du document"
B2_001023,img20250709_16381567_trace_sepsis_V1.6-V6.5-SELECTIVE_PRECISION.json,STRONG,COMORBIDITE_ANTECEDENT,a_pour_contexte_acquisition,CONTEXTE_ACQUISITION,contexte_acquisition_influence_risque_resistance,MICRO_ORGANISME,P5_E004,insuffisance corticotrope,5,P5_V66_E001,pneumocoque,5,"A et C présents sur la même page, B absent du document"
B2_001024,img20250709_16381567_trace_sepsis_V1.6-V6.5-SELECTIVE_PRECISION.json,MEDIUM,COMORBIDITE_ANTECEDENT,a_pour_contexte_acquisition,CONTEXTE_ACQUISITION,contexte_acquisition_influence_risque_resistance,MICRO_ORGANISME,P5_E005,myélopathie cervicarthrosique,5,P4_E047,grippe A,4,"A et C présents dans le document, B absent du document"
B2_001025,img20250709_16381567_trace_sepsis_V1.6-V6.5-SELECTIVE_PRECISION.json,MEDIUM,COMORBIDITE_ANTECEDENT,a_pour_contexte_acquisition,CONTEXTE_ACQUISITION,contexte_acquisition_influence_risque_resistance,MICRO_ORGANISME,P5_E005,myélopathie cervicarthrosique,5,P4_V66_E002,pneumocoque,4,"A et C présents dans le document, B absent du document"
B2_001026,img20250709_16381567_trace_sepsis_V1.6-V6.5-SELECTIVE_PRECISION.json,MEDIUM,COMORBIDITE_ANTECEDENT,a_pour_contexte_acquisition,CONTEXTE_ACQUISITION,contexte_acquisition_influence_risque_resistance,MICRO_ORGANISME,P5_E005,myélopathie cervicarthrosique,5,P4_V66_E003,enterobacter aerogenes,4,"A et C présents dans le document, B absent du document"
B2_001027,img20250709_16381567_trace_sepsis_V1.6-V6.5-SELECTIVE_PRECISION.json,STRONG,COMORBIDITE_ANTECEDENT,a_pour_contexte_acquisition,CONTEXTE_ACQUISITION,contexte_acquisition_influence_risque_resistance,MICRO_ORGANISME,P5_E005,myélopathie cervicarthrosique,5,P5_E039,portage de bactéries multirésistantes : oui (SDMR nasal,5,"A et C présents sur la même page, B absent du document"
B2_001028,img20250709_16381567_trace_sepsis_V1.6-V6.5-SELECTIVE_PRECISION.json,STRONG,COMORBIDITE_ANTECEDENT,a_pour_contexte_acquisition,CONTEXTE_ACQUISITION,contexte_acquisition_influence_risque_resistance,MICRO_ORGANISME,P5_E005,myélopathie cervicarthrosique,5,P5_V66_E001,pneumocoque,5,"A et C présents sur la même page, B absent du document"
B2_001029,img20250709_16381567_trace_sepsis_V1.6-V6.5-SELECTIVE_PRECISION.json,MEDIUM,COMORBIDITE_ANTECEDENT,a_pour_contexte_acquisition,CONTEXTE_ACQUISITION,contexte_acquisition_influence_risque_resistance,MICRO_ORGANISME,P5_E006,douleurs neuropathiques chroniques,5,P4_E047,grippe A,4,"A et C présents dans le document, B absent du document"
B2_001030,img20250709_16381567_trace_sepsis_V1.6-V6.5-SELECTIVE_PRECISION.json,MEDIUM,COMORBIDITE_ANTECEDENT,a_pour_contexte_acquisition,CONTEXTE_ACQUISITION,contexte_acquisition_influence_risque_resistance,MICRO_ORGANISME,P5_E006,douleurs neuropathiques chroniques,5,P4_V66_E002,pneumocoque,4,"A et C présents dans le document, B absent du document"
B2_001031,img20250709_16381567_trace_sepsis_V1.6-V6.5-SELECTIVE_PRECISION.json,MEDIUM,COMORBIDITE_ANTECEDENT,a_pour_contexte_acquisition,CONTEXTE_ACQUISITION,contexte_acquisition_influence_risque_resistance,MICRO_ORGANISME,P5_E006,douleurs neuropathiques chroniques,5,P4_V66_E003,enterobacter aerogenes,4,"A et C présents dans le document, B absent du document"
B2_001032,img20250709_16381567_trace_sepsis_V1.6-V6.5-SELECTIVE_PRECISION.json,STRONG,COMORBIDITE_ANTECEDENT,a_pour_contexte_acquisition,CONTEXTE_ACQUISITION,contexte_acquisition_influence_risque_resistance,MICRO_ORGANISME,P5_E006,douleurs neuropathiques chroniques,5,P5_E039,portage de bactéries multirésistantes : oui (SDMR nasal,5,"A et C présents sur la même page, B absent du document"
B2_001033,img20250709_16381567_trace_sepsis_V1.6-V6.5-SELECTIVE_PRECISION.json,STRONG,COMORBIDITE_ANTECEDENT,a_pour_contexte_acquisition,CONTEXTE_ACQUISITION,contexte_acquisition_influence_risque_resistance,MICRO_ORGANISME,P5_E006,douleurs neuropathiques chroniques,5,P5_V66_E001,pneumocoque,5,"A et C présents sur la même page, B absent du document"
B2_001034,img20250709_16381567_trace_sepsis_V1.6-V6.5-SELECTIVE_PRECISION.json,MEDIUM,COMORBIDITE_ANTECEDENT,a_pour_contexte_acquisition,CONTEXTE_ACQUISITION,contexte_acquisition_influence_risque_resistance,MICRO_ORGANISME,P5_E008,sciatique paralysante droite,5,P4_E047,grippe A,4,"A et C présents dans le document, B absent du document"
B2_001035,img20250709_16381567_trace_sepsis_V1.6-V6.5-SELECTIVE_PRECISION.json,MEDIUM,COMORBIDITE_ANTECEDENT,a_pour_contexte_acquisition,CONTEXTE_ACQUISITION,contexte_acquisition_influence_risque_resistance,MICRO_ORGANISME,P5_E008,sciatique paralysante droite,5,P4_V66_E002,pneumocoque,4,"A et C présents dans le document, B absent du document"
B2_001036,img20250709_16381567_trace_sepsis_V1.6-V6.5-SELECTIVE_PRECISION.json,MEDIUM,COMORBIDITE_ANTECEDENT,a_pour_contexte_acquisition,CONTEXTE_ACQUISITION,contexte_acquisition_influence_risque_resistance,MICRO_ORGANISME,P5_E008,sciatique paralysante droite,5,P4_V66_E003,enterobacter aerogenes,4,"A et C présents dans le document, B absent du document"
B2_001037,img20250709_16381567_trace_sepsis_V1.6-V6.5-SELECTIVE_PRECISION.json,STRONG,COMORBIDITE_ANTECEDENT,a_pour_contexte_acquisition,CONTEXTE_ACQUISITION,contexte_acquisition_influence_risque_resistance,MICRO_ORGANISME,P5_E008,sciatique paralysante droite,5,P5_E039,portage de bactéries multirésistantes : oui (SDMR nasal,5,"A et C présents sur la même page, B absent du document"
B2_001038,img20250709_16381567_trace_sepsis_V1.6-V6.5-SELECTIVE_PRECISION.json,STRONG,COMORBIDITE_ANTECEDENT,a_pour_contexte_acquisition,CONTEXTE_ACQUISITION,contexte_acquisition_influence_risque_resistance,MICRO_ORGANISME,P5_E008,sciatique paralysante droite,5,P5_V66_E001,pneumocoque,5,"A et C présents sur la même page, B absent du document"
B2_001039,img20250709_16381567_trace_sepsis_V1.6-V6.5-SELECTIVE_PRECISION.json,MEDIUM,COMORBIDITE_ANTECEDENT,a_pour_contexte_acquisition,CONTEXTE_ACQUISITION,contexte_acquisition_influence_risque_resistance,MICRO_ORGANISME,P5_E009,dépendance à la morphine (800 mg/jour),5,P4_E047,grippe A,4,"A et C présents dans le document, B absent du document"
B2_001040,img20250709_16381567_trace_sepsis_V1.6-V6.5-SELECTIVE_PRECISION.json,MEDIUM,COMORBIDITE_ANTECEDENT,a_pour_contexte_acquisition,CONTEXTE_ACQUISITION,contexte_acquisition_influence_risque_resistance,MICRO_ORGANISME,P5_E009,dépendance à la morphine (800 mg/jour),5,P4_V66_E002,pneumocoque,4,"A et C présents dans le document, B absent du document"
B2_001041,img20250709_16381567_trace_sepsis_V1.6-V6.5-SELECTIVE_PRECISION.json,MEDIUM,COMORBIDITE_ANTECEDENT,a_pour_contexte_acquisition,CONTEXTE_ACQUISITION,contexte_acquisition_influence_risque_resistance,MICRO_ORGANISME,P5_E009,dépendance à la morphine (800 mg/jour),5,P4_V66_E003,enterobacter aerogenes,4,"A et C présents dans le document, B absent du document"
B2_001042,img20250709_16381567_trace_sepsis_V1.6-V6.5-SELECTIVE_PRECISION.json,STRONG,COMORBIDITE_ANTECEDENT,a_pour_contexte_acquisition,CONTEXTE_ACQUISITION,contexte_acquisition_influence_risque_resistance,MICRO_ORGANISME,P5_E009,dépendance à la morphine (800 mg/jour),5,P5_E039,portage de bactéries multirésistantes : oui (SDMR nasal,5,"A et C présents sur la même page, B absent du document"
B2_001043,img20250709_16381567_trace_sepsis_V1.6-V6.5-SELECTIVE_PRECISION.json,STRONG,COMORBIDITE_ANTECEDENT,a_pour_contexte_acquisition,CONTEXTE_ACQUISITION,contexte_acquisition_influence_risque_resistance,MICRO_ORGANISME,P5_E009,dépendance à la morphine (800 mg/jour),5,P5_V66_E001,pneumocoque,5,"A et C présents sur la même page, B absent du document"
B2_001044,img20250709_16381567_trace_sepsis_V1.6-V6.5-SELECTIVE_PRECISION.json,MEDIUM,COMORBIDITE_ANTECEDENT,a_pour_contexte_acquisition,CONTEXTE_ACQUISITION,contexte_acquisition_influence_risque_resistance,MICRO_ORGANISME,P5_E052,hernie discale,5,P4_E047,grippe A,4,"A et C présents dans le document, B absent du document"
B2_001045,img20250709_16381567_trace_sepsis_V1.6-V6.5-SELECTIVE_PRECISION.json,MEDIUM,COMORBIDITE_ANTECEDENT,a_pour_contexte_acquisition,CONTEXTE_ACQUISITION,contexte_acquisition_influence_risque_resistance,MICRO_ORGANISME,P5_E052,hernie discale,5,P4_V66_E002,pneumocoque,4,"A et C présents dans le document, B absent du document"
B2_001046,img20250709_16381567_trace_sepsis_V1.6-V6.5-SELECTIVE_PRECISION.json,MEDIUM,COMORBIDITE_ANTECEDENT,a_pour_contexte_acquisition,CONTEXTE_ACQUISITION,contexte_acquisition_influence_risque_resistance,MICRO_ORGANISME,P5_E052,hernie discale,5,P4_V66_E003,enterobacter aerogenes,4,"A et C présents dans le document, B absent du document"
B2_001047,img20250709_16381567_trace_sepsis_V1.6-V6.5-SELECTIVE_PRECISION.json,STRONG,COMORBIDITE_ANTECEDENT,a_pour_contexte_acquisition,CONTEXTE_ACQUISITION,contexte_acquisition_influence_risque_resistance,MICRO_ORGANISME,P5_E052,hernie discale,5,P5_E039,portage de bactéries multirésistantes : oui (SDMR nasal,5,"A et C présents sur la même page, B absent du document"
B2_001048,img20250709_16381567_trace_sepsis_V1.6-V6.5-SELECTIVE_PRECISION.json,STRONG,COMORBIDITE_ANTECEDENT,a_pour_contexte_acquisition,CONTEXTE_ACQUISITION,contexte_acquisition_influence_risque_resistance,MICRO_ORGANISME,P5_E052,hernie discale,5,P5_V66_E001,pneumocoque,5,"A et C présents sur la même page, B absent du document"
B2_001049,img20250709_16414914_trace_sepsis_V1.6-V6.5-SELECTIVE_PRECISION.json,MEDIUM,TRAITEMENT,antibiotique_adequat_pour,MICRO_ORGANISME,micro_organisme_isole_dans,FOYER_INFECTIEUX,P1_E012,Ponction d'ascite itérative,1,P2_E010,érysipèle de la jambe droite,2,"A et C présents dans le document, B absent du document"
B2_001050,img20250709_16414914_trace_sepsis_V1.6-V6.5-SELECTIVE_PRECISION.json,MEDIUM,TRAITEMENT,antibiotique_adequat_pour,MICRO_ORGANISME,micro_organisme_isole_dans,FOYER_INFECTIEUX,P1_E012,Ponction d'ascite itérative,1,P4_E007,infection du liquide d'ascite,4,"A et C présents dans le document, B absent du document"
B2_001051,img20250709_16414914_trace_sepsis_V1.6-V6.5-SELECTIVE_PRECISION.json,MEDIUM,TRAITEMENT,antibiotique_adequat_pour,MICRO_ORGANISME,micro_organisme_isole_dans,FOYER_INFECTIEUX,P1_E012,Ponction d'ascite itérative,1,P5_E015,infection du liquide d'ascite,5,"A et C présents dans le document, B absent du document"
B2_001052,img20250709_16414914_trace_sepsis_V1.6-V6.5-SELECTIVE_PRECISION.json,MEDIUM,TRAITEMENT,antibiotique_adequat_pour,MICRO_ORGANISME,micro_organisme_isole_dans,FOYER_INFECTIEUX,P1_E019,augmentin,1,P2_E010,érysipèle de la jambe droite,2,"A et C présents dans le document, B absent du document"
B2_001053,img20250709_16414914_trace_sepsis_V1.6-V6.5-SELECTIVE_PRECISION.json,MEDIUM,TRAITEMENT,antibiotique_adequat_pour,MICRO_ORGANISME,micro_organisme_isole_dans,FOYER_INFECTIEUX,P1_E019,augmentin,1,P4_E007,infection du liquide d'ascite,4,"A et C présents dans le document, B absent du document"
B2_001054,img20250709_16414914_trace_sepsis_V1.6-V6.5-SELECTIVE_PRECISION.json,MEDIUM,TRAITEMENT,antibiotique_adequat_pour,MICRO_ORGANISME,micro_organisme_isole_dans,FOYER_INFECTIEUX,P1_E019,augmentin,1,P5_E015,infection du liquide d'ascite,5,"A et C présents dans le document, B absent du document"
B2_001055,img20250709_16414914_trace_sepsis_V1.6-V6.5-SELECTIVE_PRECISION.json,MEDIUM,TRAITEMENT,antibiotique_adequat_pour,MICRO_ORGANISME,micro_organisme_isole_dans,FOYER_INFECTIEUX,P1_E020,lasilix,1,P2_E010,érysipèle de la jambe droite,2,"A et C présents dans le document, B absent du document"
B2_001056,img20250709_16414914_trace_sepsis_V1.6-V6.5-SELECTIVE_PRECISION.json,MEDIUM,TRAITEMENT,antibiotique_adequat_pour,MICRO_ORGANISME,micro_organisme_isole_dans,FOYER_INFECTIEUX,P1_E020,lasilix,1,P4_E007,infection du liquide d'ascite,4,"A et C présents dans le document, B absent du document"
B2_001057,img20250709_16414914_trace_sepsis_V1.6-V6.5-SELECTIVE_PRECISION.json,MEDIUM,TRAITEMENT,antibiotique_adequat_pour,MICRO_ORGANISME,micro_organisme_isole_dans,FOYER_INFECTIEUX,P1_E020,lasilix,1,P5_E015,infection du liquide d'ascite,5,"A et C présents dans le document, B absent du document"
B2_001058,img20250709_16414914_trace_sepsis_V1.6-V6.5-SELECTIVE_PRECISION.json,MEDIUM,TRAITEMENT,antibiotique_adequat_pour,MICRO_ORGANISME,micro_organisme_isole_dans,FOYER_INFECTIEUX,P1_E021,avlocardyl,1,P2_E010,érysipèle de la jambe droite,2,"A et C présents dans le document, B absent du document"
B2_001059,img20250709_16414914_trace_sepsis_V1.6-V6.5-SELECTIVE_PRECISION.json,MEDIUM,TRAITEMENT,antibiotique_adequat_pour,MICRO_ORGANISME,micro_organisme_isole_dans,FOYER_INFECTIEUX,P1_E021,avlocardyl,1,P4_E007,infection du liquide d'ascite,4,"A et C présents dans le document, B absent du document"
B2_001060,img20250709_16414914_trace_sepsis_V1.6-V6.5-SELECTIVE_PRECISION.json,MEDIUM,TRAITEMENT,antibiotique_adequat_pour,MICRO_ORGANISME,micro_organisme_isole_dans,FOYER_INFECTIEUX,P1_E021,avlocardyl,1,P5_E015,infection du liquide d'ascite,5,"A et C présents dans le document, B absent du document"
B2_001061,img20250709_16414914_trace_sepsis_V1.6-V6.5-SELECTIVE_PRECISION.json,MEDIUM,TRAITEMENT,antibiotique_adequat_pour,MICRO_ORGANISME,micro_organisme_isole_dans,FOYER_INFECTIEUX,P1_E022,ramipril,1,P2_E010,érysipèle de la jambe droite,2,"A et C présents dans le document, B absent du document"
B2_001062,img20250709_16414914_trace_sepsis_V1.6-V6.5-SELECTIVE_PRECISION.json,MEDIUM,TRAITEMENT,antibiotique_adequat_pour,MICRO_ORGANISME,micro_organisme_isole_dans,FOYER_INFECTIEUX,P1_E022,ramipril,1,P4_E007,infection du liquide d'ascite,4,"A et C présents dans le document, B absent du document"
B2_001063,img20250709_16414914_trace_sepsis_V1.6-V6.5-SELECTIVE_PRECISION.json,MEDIUM,TRAITEMENT,antibiotique_adequat_pour,MICRO_ORGANISME,micro_organisme_isole_dans,FOYER_INFECTIEUX,P1_E022,ramipril,1,P5_E015,infection du liquide d'ascite,5,"A et C présents dans le document, B absent du document"
B2_001064,img20250709_16414914_trace_sepsis_V1.6-V6.5-SELECTIVE_PRECISION.json,MEDIUM,TRAITEMENT,antibiotique_adequat_pour,MICRO_ORGANISME,micro_organisme_isole_dans,FOYER_INFECTIEUX,P1_E023,lexamipidine,1,P2_E010,érysipèle de la jambe droite,2,"A et C présents dans le document, B absent du document"
B2_001065,img20250709_16414914_trace_sepsis_V1.6-V6.5-SELECTIVE_PRECISION.json,MEDIUM,TRAITEMENT,antibiotique_adequat_pour,MICRO_ORGANISME,micro_organisme_isole_dans,FOYER_INFECTIEUX,P1_E023,lexamipidine,1,P4_E007,infection du liquide d'ascite,4,"A et C présents dans le document, B absent du document"
B2_001066,img20250709_16414914_trace_sepsis_V1.6-V6.5-SELECTIVE_PRECISION.json,MEDIUM,TRAITEMENT,antibiotique_adequat_pour,MICRO_ORGANISME,micro_organisme_isole_dans,FOYER_INFECTIEUX,P1_E023,lexamipidine,1,P5_E015,infection du liquide d'ascite,5,"A et C présents dans le document, B absent du document"
B2_001067,img20250709_16414914_trace_sepsis_V1.6-V6.5-SELECTIVE_PRECISION.json,STRONG,TRAITEMENT,antibiotique_adequat_pour,MICRO_ORGANISME,micro_organisme_isole_dans,FOYER_INFECTIEUX,P2_E002,ponction évacuatrice d'ascite,2,P2_E010,érysipèle de la jambe droite,2,"A et C présents sur la même page, B absent du document"
B2_001068,img20250709_16414914_trace_sepsis_V1.6-V6.5-SELECTIVE_PRECISION.json,MEDIUM,TRAITEMENT,antibiotique_adequat_pour,MICRO_ORGANISME,micro_organisme_isole_dans,FOYER_INFECTIEUX,P2_E002,ponction évacuatrice d'ascite,2,P4_E007,infection du liquide d'ascite,4,"A et C présents dans le document, B absent du document"
B2_001069,img20250709_16414914_trace_sepsis_V1.6-V6.5-SELECTIVE_PRECISION.json,MEDIUM,TRAITEMENT,antibiotique_adequat_pour,MICRO_ORGANISME,micro_organisme_isole_dans,FOYER_INFECTIEUX,P2_E002,ponction évacuatrice d'ascite,2,P5_E015,infection du liquide d'ascite,5,"A et C présents dans le document, B absent du document"
B2_001070,img20250709_16414914_trace_sepsis_V1.6-V6.5-SELECTIVE_PRECISION.json,STRONG,TRAITEMENT,antibiotique_adequat_pour,MICRO_ORGANISME,micro_organisme_isole_dans,FOYER_INFECTIEUX,P2_E018,rivotril,2,P2_E010,érysipèle de la jambe droite,2,"A et C présents sur la même page, B absent du document"
B2_001071,img20250709_16414914_trace_sepsis_V1.6-V6.5-SELECTIVE_PRECISION.json,MEDIUM,TRAITEMENT,antibiotique_adequat_pour,MICRO_ORGANISME,micro_organisme_isole_dans,FOYER_INFECTIEUX,P2_E018,rivotril,2,P4_E007,infection du liquide d'ascite,4,"A et C présents dans le document, B absent du document"
B2_001072,img20250709_16414914_trace_sepsis_V1.6-V6.5-SELECTIVE_PRECISION.json,MEDIUM,TRAITEMENT,antibiotique_adequat_pour,MICRO_ORGANISME,micro_organisme_isole_dans,FOYER_INFECTIEUX,P2_E018,rivotril,2,P5_E015,infection du liquide d'ascite,5,"A et C présents dans le document, B absent du document"
B2_001073,img20250709_16414914_trace_sepsis_V1.6-V6.5-SELECTIVE_PRECISION.json,STRONG,TRAITEMENT,antibiotique_adequat_pour,MICRO_ORGANISME,micro_organisme_isole_dans,FOYER_INFECTIEUX,P2_E025,valium,2,P2_E010,érysipèle de la jambe droite,2,"A et C présents sur la même page, B absent du document"
B2_001074,img20250709_16414914_trace_sepsis_V1.6-V6.5-SELECTIVE_PRECISION.json,MEDIUM,TRAITEMENT,antibiotique_adequat_pour,MICRO_ORGANISME,micro_organisme_isole_dans,FOYER_INFECTIEUX,P2_E025,valium,2,P4_E007,infection du liquide d'ascite,4,"A et C présents dans le document, B absent du document"
B2_001075,img20250709_16414914_trace_sepsis_V1.6-V6.5-SELECTIVE_PRECISION.json,MEDIUM,TRAITEMENT,antibiotique_adequat_pour,MICRO_ORGANISME,micro_organisme_isole_dans,FOYER_INFECTIEUX,P2_E025,valium,2,P5_E015,infection du liquide d'ascite,5,"A et C présents dans le document, B absent du document"
B2_001076,img20250709_16414914_trace_sepsis_V1.6-V6.5-SELECTIVE_PRECISION.json,STRONG,TRAITEMENT,antibiotique_adequat_pour,MICRO_ORGANISME,micro_organisme_isole_dans,FOYER_INFECTIEUX,P2_E034,sonde gastrique,2,P2_E010,érysipèle de la jambe droite,2,"A et C présents sur la même page, B absent du document"
B2_001077,img20250709_16414914_trace_sepsis_V1.6-V6.5-SELECTIVE_PRECISION.json,MEDIUM,TRAITEMENT,antibiotique_adequat_pour,MICRO_ORGANISME,micro_organisme_isole_dans,FOYER_INFECTIEUX,P2_E034,sonde gastrique,2,P4_E007,infection du liquide d'ascite,4,"A et C présents dans le document, B absent du document"
B2_001078,img20250709_16414914_trace_sepsis_V1.6-V6.5-SELECTIVE_PRECISION.json,MEDIUM,TRAITEMENT,antibiotique_adequat_pour,MICRO_ORGANISME,micro_organisme_isole_dans,FOYER_INFECTIEUX,P2_E034,sonde gastrique,2,P5_E015,infection du liquide d'ascite,5,"A et C présents dans le document, B absent du document"
B2_001079,img20250709_16414914_trace_sepsis_V1.6-V6.5-SELECTIVE_PRECISION.json,MEDIUM,TRAITEMENT,antibiotique_adequat_pour,MICRO_ORGANISME,micro_organisme_isole_dans,FOYER_INFECTIEUX,P3_E041,O2,3,P2_E010,érysipèle de la jambe droite,2,"A et C présents dans le document, B absent du document"
B2_001080,img20250709_16414914_trace_sepsis_V1.6-V6.5-SELECTIVE_PRECISION.json,MEDIUM,TRAITEMENT,antibiotique_adequat_pour,MICRO_ORGANISME,micro_organisme_isole_dans,FOYER_INFECTIEUX,P3_E041,O2,3,P4_E007,infection du liquide d'ascite,4,"A et C présents dans le document, B absent du document"
B2_001081,img20250709_16414914_trace_sepsis_V1.6-V6.5-SELECTIVE_PRECISION.json,MEDIUM,TRAITEMENT,antibiotique_adequat_pour,MICRO_ORGANISME,micro_organisme_isole_dans,FOYER_INFECTIEUX,P3_E041,O2,3,P5_E015,infection du liquide d'ascite,5,"A et C présents dans le document, B absent du document"
B2_001082,img20250709_16414914_trace_sepsis_V1.6-V6.5-SELECTIVE_PRECISION.json,MEDIUM,TRAITEMENT,antibiotique_adequat_pour,MICRO_ORGANISME,micro_organisme_isole_dans,FOYER_INFECTIEUX,P4_E004,adrénaline,4,P2_E010,érysipèle de la jambe droite,2,"A et C présents dans le document, B absent du document"
B2_001083,img20250709_16414914_trace_sepsis_V1.6-V6.5-SELECTIVE_PRECISION.json,STRONG,TRAITEMENT,antibiotique_adequat_pour,MICRO_ORGANISME,micro_organisme_isole_dans,FOYER_INFECTIEUX,P4_E004,adrénaline,4,P4_E007,infection du liquide d'ascite,4,"A et C présents sur la même page, B absent du document"
B2_001084,img20250709_16414914_trace_sepsis_V1.6-V6.5-SELECTIVE_PRECISION.json,MEDIUM,TRAITEMENT,antibiotique_adequat_pour,MICRO_ORGANISME,micro_organisme_isole_dans,FOYER_INFECTIEUX,P4_E004,adrénaline,4,P5_E015,infection du liquide d'ascite,5,"A et C présents dans le document, B absent du document"
B2_001085,img20250709_16414914_trace_sepsis_V1.6-V6.5-SELECTIVE_PRECISION.json,MEDIUM,TRAITEMENT,antibiotique_adequat_pour,MICRO_ORGANISME,micro_organisme_isole_dans,FOYER_INFECTIEUX,P4_E006,remplissage adapté,4,P2_E010,érysipèle de la jambe droite,2,"A et C présents dans le document, B absent du document"
B2_001086,img20250709_16414914_trace_sepsis_V1.6-V6.5-SELECTIVE_PRECISION.json,STRONG,TRAITEMENT,antibiotique_adequat_pour,MICRO_ORGANISME,micro_organisme_isole_dans,FOYER_INFECTIEUX,P4_E006,remplissage adapté,4,P4_E007,infection du liquide d'ascite,4,"A et C présents sur la même page, B absent du document"
B2_001087,img20250709_16414914_trace_sepsis_V1.6-V6.5-SELECTIVE_PRECISION.json,MEDIUM,TRAITEMENT,antibiotique_adequat_pour,MICRO_ORGANISME,micro_organisme_isole_dans,FOYER_INFECTIEUX,P4_E006,remplissage adapté,4,P5_E015,infection du liquide d'ascite,5,"A et C présents dans le document, B absent du document"
B2_001088,img20250709_16414914_trace_sepsis_V1.6-V6.5-SELECTIVE_PRECISION.json,MEDIUM,TRAITEMENT,antibiotique_adequat_pour,MICRO_ORGANISME,micro_organisme_isole_dans,FOYER_INFECTIEUX,P4_E018,épuration extra rénale (CVVHDF),4,P2_E010,érysipèle de la jambe droite,2,"A et C présents dans le document, B absent du document"
B2_001089,img20250709_16414914_trace_sepsis_V1.6-V6.5-SELECTIVE_PRECISION.json,STRONG,TRAITEMENT,antibiotique_adequat_pour,MICRO_ORGANISME,micro_organisme_isole_dans,FOYER_INFECTIEUX,P4_E018,épuration extra rénale (CVVHDF),4,P4_E007,infection du liquide d'ascite,4,"A et C présents sur la même page, B absent du document"
B2_001090,img20250709_16414914_trace_sepsis_V1.6-V6.5-SELECTIVE_PRECISION.json,MEDIUM,TRAITEMENT,antibiotique_adequat_pour,MICRO_ORGANISME,micro_organisme_isole_dans,FOYER_INFECTIEUX,P4_E018,épuration extra rénale (CVVHDF),4,P5_E015,infection du liquide d'ascite,5,"A et C présents dans le document, B absent du document"
B2_001091,img20250709_16414914_trace_sepsis_V1.6-V6.5-SELECTIVE_PRECISION.json,MEDIUM,TRAITEMENT,antibiotique_adequat_pour,MICRO_ORGANISME,micro_organisme_isole_dans,FOYER_INFECTIEUX,P4_E020,transfusion,4,P2_E010,érysipèle de la jambe droite,2,"A et C présents dans le document, B absent du document"
B2_001092,img20250709_16414914_trace_sepsis_V1.6-V6.5-SELECTIVE_PRECISION.json,STRONG,TRAITEMENT,antibiotique_adequat_pour,MICRO_ORGANISME,micro_organisme_isole_dans,FOYER_INFECTIEUX,P4_E020,transfusion,4,P4_E007,infection du liquide d'ascite,4,"A et C présents sur la même page, B absent du document"
B2_001093,img20250709_16414914_trace_sepsis_V1.6-V6.5-SELECTIVE_PRECISION.json,MEDIUM,TRAITEMENT,antibiotique_adequat_pour,MICRO_ORGANISME,micro_organisme_isole_dans,FOYER_INFECTIEUX,P4_E020,transfusion,4,P5_E015,infection du liquide d'ascite,5,"A et C présents dans le document, B absent du document"
B2_001094,img20250709_16414914_trace_sepsis_V1.6-V6.5-SELECTIVE_PRECISION.json,MEDIUM,TRAITEMENT,antibiotique_adequat_pour,MICRO_ORGANISME,micro_organisme_isole_dans,FOYER_INFECTIEUX,P4_E021,sandostatine,4,P2_E010,érysipèle de la jambe droite,2,"A et C présents dans le document, B absent du document"
B2_001095,img20250709_16414914_trace_sepsis_V1.6-V6.5-SELECTIVE_PRECISION.json,STRONG,TRAITEMENT,antibiotique_adequat_pour,MICRO_ORGANISME,micro_organisme_isole_dans,FOYER_INFECTIEUX,P4_E021,sandostatine,4,P4_E007,infection du liquide d'ascite,4,"A et C présents sur la même page, B absent du document"
B2_001096,img20250709_16414914_trace_sepsis_V1.6-V6.5-SELECTIVE_PRECISION.json,MEDIUM,TRAITEMENT,antibiotique_adequat_pour,MICRO_ORGANISME,micro_organisme_isole_dans,FOYER_INFECTIEUX,P4_E021,sandostatine,4,P5_E015,infection du liquide d'ascite,5,"A et C présents dans le document, B absent du document"
B2_001097,img20250709_16414914_trace_sepsis_V1.6-V6.5-SELECTIVE_PRECISION.json,MEDIUM,TRAITEMENT,antibiotique_adequat_pour,MICRO_ORGANISME,micro_organisme_isole_dans,FOYER_INFECTIEUX,P5_E001,Beta lactamine,5,P2_E010,érysipèle de la jambe droite,2,"A et C présents dans le document, B absent du document"
B2_001098,img20250709_16414914_trace_sepsis_V1.6-V6.5-SELECTIVE_PRECISION.json,MEDIUM,TRAITEMENT,antibiotique_adequat_pour,MICRO_ORGANISME,micro_organisme_isole_dans,FOYER_INFECTIEUX,P5_E001,Beta lactamine,5,P4_E007,infection du liquide d'ascite,4,"A et C présents dans le document, B absent du document"
B2_001099,img20250709_16414914_trace_sepsis_V1.6-V6.5-SELECTIVE_PRECISION.json,STRONG,TRAITEMENT,antibiotique_adequat_pour,MICRO_ORGANISME,micro_organisme_isole_dans,FOYER_INFECTIEUX,P5_E001,Beta lactamine,5,P5_E015,infection du liquide d'ascite,5,"A et C présents sur la même page, B absent du document"
B2_001100,img20250709_16414914_trace_sepsis_V1.6-V6.5-SELECTIVE_PRECISION.json,MEDIUM,TRAITEMENT,antibiotique_adequat_pour,MICRO_ORGANISME,micro_organisme_isole_dans,FOYER_INFECTIEUX,P5_E002,aminoside,5,P2_E010,érysipèle de la jambe droite,2,"A et C présents dans le document, B absent du document"
B2_001101,img20250709_16414914_trace_sepsis_V1.6-V6.5-SELECTIVE_PRECISION.json,MEDIUM,TRAITEMENT,antibiotique_adequat_pour,MICRO_ORGANISME,micro_organisme_isole_dans,FOYER_INFECTIEUX,P5_E002,aminoside,5,P4_E007,infection du liquide d'ascite,4,"A et C présents dans le document, B absent du document"
B2_001102,img20250709_16414914_trace_sepsis_V1.6-V6.5-SELECTIVE_PRECISION.json,STRONG,TRAITEMENT,antibiotique_adequat_pour,MICRO_ORGANISME,micro_organisme_isole_dans,FOYER_INFECTIEUX,P5_E002,aminoside,5,P5_E015,infection du liquide d'ascite,5,"A et C présents sur la même page, B absent du document"
B2_001103,img20250709_16414914_trace_sepsis_V1.6-V6.5-SELECTIVE_PRECISION.json,MEDIUM,TRAITEMENT,antibiotique_adequat_pour,MICRO_ORGANISME,micro_organisme_isole_dans,FOYER_INFECTIEUX,P5_E004,curarisation,5,P2_E010,érysipèle de la jambe droite,2,"A et C présents dans le document, B absent du document"
B2_001104,img20250709_16414914_trace_sepsis_V1.6-V6.5-SELECTIVE_PRECISION.json,MEDIUM,TRAITEMENT,antibiotique_adequat_pour,MICRO_ORGANISME,micro_organisme_isole_dans,FOYER_INFECTIEUX,P5_E004,curarisation,5,P4_E007,infection du liquide d'ascite,4,"A et C présents dans le document, B absent du document"
B2_001105,img20250709_16414914_trace_sepsis_V1.6-V6.5-SELECTIVE_PRECISION.json,STRONG,TRAITEMENT,antibiotique_adequat_pour,MICRO_ORGANISME,micro_organisme_isole_dans,FOYER_INFECTIEUX,P5_E004,curarisation,5,P5_E015,infection du liquide d'ascite,5,"A et C présents sur la même page, B absent du document"
B2_001106,img20250709_16414914_trace_sepsis_V1.6-V6.5-SELECTIVE_PRECISION.json,MEDIUM,TRAITEMENT,antibiotique_adequat_pour,MICRO_ORGANISME,micro_organisme_isole_dans,FOYER_INFECTIEUX,P5_E006,transfusion,5,P2_E010,érysipèle de la jambe droite,2,"A et C présents dans le document, B absent du document"
B2_001107,img20250709_16414914_trace_sepsis_V1.6-V6.5-SELECTIVE_PRECISION.json,MEDIUM,TRAITEMENT,antibiotique_adequat_pour,MICRO_ORGANISME,micro_organisme_isole_dans,FOYER_INFECTIEUX,P5_E006,transfusion,5,P4_E007,infection du liquide d'ascite,4,"A et C présents dans le document, B absent du document"
B2_001108,img20250709_16414914_trace_sepsis_V1.6-V6.5-SELECTIVE_PRECISION.json,STRONG,TRAITEMENT,antibiotique_adequat_pour,MICRO_ORGANISME,micro_organisme_isole_dans,FOYER_INFECTIEUX,P5_E006,transfusion,5,P5_E015,infection du liquide d'ascite,5,"A et C présents sur la même page, B absent du document"
B2_001109,img20250709_16414914_trace_sepsis_V1.6-V6.5-SELECTIVE_PRECISION.json,MEDIUM,TRAITEMENT,antibiotique_adequat_pour,MICRO_ORGANISME,micro_organisme_isole_dans,FOYER_INFECTIEUX,P5_E008,Adrénaline,5,P2_E010,érysipèle de la jambe droite,2,"A et C présents dans le document, B absent du document"
B2_001110,img20250709_16414914_trace_sepsis_V1.6-V6.5-SELECTIVE_PRECISION.json,MEDIUM,TRAITEMENT,antibiotique_adequat_pour,MICRO_ORGANISME,micro_organisme_isole_dans,FOYER_INFECTIEUX,P5_E008,Adrénaline,5,P4_E007,infection du liquide d'ascite,4,"A et C présents dans le document, B absent du document"
B2_001111,img20250709_16414914_trace_sepsis_V1.6-V6.5-SELECTIVE_PRECISION.json,STRONG,TRAITEMENT,antibiotique_adequat_pour,MICRO_ORGANISME,micro_organisme_isole_dans,FOYER_INFECTIEUX,P5_E008,Adrénaline,5,P5_E015,infection du liquide d'ascite,5,"A et C présents sur la même page, B absent du document"
B2_001112,img20250709_16414914_trace_sepsis_V1.6-V6.5-SELECTIVE_PRECISION.json,MEDIUM,TRAITEMENT,antibiotique_adequat_pour,MICRO_ORGANISME,micro_organisme_isole_dans,FOYER_INFECTIEUX,P5_E010,Noradrénaline,5,P2_E010,érysipèle de la jambe droite,2,"A et C présents dans le document, B absent du document"
B2_001113,img20250709_16414914_trace_sepsis_V1.6-V6.5-SELECTIVE_PRECISION.json,MEDIUM,TRAITEMENT,antibiotique_adequat_pour,MICRO_ORGANISME,micro_organisme_isole_dans,FOYER_INFECTIEUX,P5_E010,Noradrénaline,5,P4_E007,infection du liquide d'ascite,4,"A et C présents dans le document, B absent du document"
B2_001114,img20250709_16414914_trace_sepsis_V1.6-V6.5-SELECTIVE_PRECISION.json,STRONG,TRAITEMENT,antibiotique_adequat_pour,MICRO_ORGANISME,micro_organisme_isole_dans,FOYER_INFECTIEUX,P5_E010,Noradrénaline,5,P5_E015,infection du liquide d'ascite,5,"A et C présents sur la même page, B absent du document"
B2_001115,img20250709_16414914_trace_sepsis_V1.6-V6.5-SELECTIVE_PRECISION.json,MEDIUM,TRAITEMENT,antibiotique_adequat_pour,MICRO_ORGANISME,micro_organisme_isole_dans,FOYER_INFECTIEUX,P5_E013,dialyse,5,P2_E010,érysipèle de la jambe droite,2,"A et C présents dans le document, B absent du document"
B2_001116,img20250709_16414914_trace_sepsis_V1.6-V6.5-SELECTIVE_PRECISION.json,MEDIUM,TRAITEMENT,antibiotique_adequat_pour,MICRO_ORGANISME,micro_organisme_isole_dans,FOYER_INFECTIEUX,P5_E013,dialyse,5,P4_E007,infection du liquide d'ascite,4,"A et C présents dans le document, B absent du document"
B2_001117,img20250709_16414914_trace_sepsis_V1.6-V6.5-SELECTIVE_PRECISION.json,STRONG,TRAITEMENT,antibiotique_adequat_pour,MICRO_ORGANISME,micro_organisme_isole_dans,FOYER_INFECTIEUX,P5_E013,dialyse,5,P5_E015,infection du liquide d'ascite,5,"A et C présents sur la même page, B absent du document"
B2_001118,img20250709_16414914_trace_sepsis_V1.6-V6.5-SELECTIVE_PRECISION.json,MEDIUM,TRAITEMENT,antibiotique_inadequat_pour,MICRO_ORGANISME,micro_organisme_isole_dans,FOYER_INFECTIEUX,P1_E012,Ponction d'ascite itérative,1,P2_E010,érysipèle de la jambe droite,2,"A et C présents dans le document, B absent du document"
B2_001119,img20250709_16414914_trace_sepsis_V1.6-V6.5-SELECTIVE_PRECISION.json,MEDIUM,TRAITEMENT,antibiotique_inadequat_pour,MICRO_ORGANISME,micro_organisme_isole_dans,FOYER_INFECTIEUX,P1_E012,Ponction d'ascite itérative,1,P4_E007,infection du liquide d'ascite,4,"A et C présents dans le document, B absent du document"
B2_001120,img20250709_16414914_trace_sepsis_V1.6-V6.5-SELECTIVE_PRECISION.json,MEDIUM,TRAITEMENT,antibiotique_inadequat_pour,MICRO_ORGANISME,micro_organisme_isole_dans,FOYER_INFECTIEUX,P1_E012,Ponction d'ascite itérative,1,P5_E015,infection du liquide d'ascite,5,"A et C présents dans le document, B absent du document"
B2_001121,img20250709_16414914_trace_sepsis_V1.6-V6.5-SELECTIVE_PRECISION.json,MEDIUM,TRAITEMENT,antibiotique_inadequat_pour,MICRO_ORGANISME,micro_organisme_isole_dans,FOYER_INFECTIEUX,P1_E019,augmentin,1,P2_E010,érysipèle de la jambe droite,2,"A et C présents dans le document, B absent du document"
B2_001122,img20250709_16414914_trace_sepsis_V1.6-V6.5-SELECTIVE_PRECISION.json,MEDIUM,TRAITEMENT,antibiotique_inadequat_pour,MICRO_ORGANISME,micro_organisme_isole_dans,FOYER_INFECTIEUX,P1_E019,augmentin,1,P4_E007,infection du liquide d'ascite,4,"A et C présents dans le document, B absent du document"
B2_001123,img20250709_16414914_trace_sepsis_V1.6-V6.5-SELECTIVE_PRECISION.json,MEDIUM,TRAITEMENT,antibiotique_inadequat_pour,MICRO_ORGANISME,micro_organisme_isole_dans,FOYER_INFECTIEUX,P1_E019,augmentin,1,P5_E015,infection du liquide d'ascite,5,"A et C présents dans le document, B absent du document"
B2_001124,img20250709_16414914_trace_sepsis_V1.6-V6.5-SELECTIVE_PRECISION.json,MEDIUM,TRAITEMENT,antibiotique_inadequat_pour,MICRO_ORGANISME,micro_organisme_isole_dans,FOYER_INFECTIEUX,P1_E020,lasilix,1,P2_E010,érysipèle de la jambe droite,2,"A et C présents dans le document, B absent du document"
B2_001125,img20250709_16414914_trace_sepsis_V1.6-V6.5-SELECTIVE_PRECISION.json,MEDIUM,TRAITEMENT,antibiotique_inadequat_pour,MICRO_ORGANISME,micro_organisme_isole_dans,FOYER_INFECTIEUX,P1_E020,lasilix,1,P4_E007,infection du liquide d'ascite,4,"A et C présents dans le document, B absent du document"
B2_001126,img20250709_16414914_trace_sepsis_V1.6-V6.5-SELECTIVE_PRECISION.json,MEDIUM,TRAITEMENT,antibiotique_inadequat_pour,MICRO_ORGANISME,micro_organisme_isole_dans,FOYER_INFECTIEUX,P1_E020,lasilix,1,P5_E015,infection du liquide d'ascite,5,"A et C présents dans le document, B absent du document"
B2_001127,img20250709_16414914_trace_sepsis_V1.6-V6.5-SELECTIVE_PRECISION.json,MEDIUM,TRAITEMENT,antibiotique_inadequat_pour,MICRO_ORGANISME,micro_organisme_isole_dans,FOYER_INFECTIEUX,P1_E021,avlocardyl,1,P2_E010,érysipèle de la jambe droite,2,"A et C présents dans le document, B absent du document"
B2_001128,img20250709_16414914_trace_sepsis_V1.6-V6.5-SELECTIVE_PRECISION.json,MEDIUM,TRAITEMENT,antibiotique_inadequat_pour,MICRO_ORGANISME,micro_organisme_isole_dans,FOYER_INFECTIEUX,P1_E021,avlocardyl,1,P4_E007,infection du liquide d'ascite,4,"A et C présents dans le document, B absent du document"
B2_001129,img20250709_16414914_trace_sepsis_V1.6-V6.5-SELECTIVE_PRECISION.json,MEDIUM,TRAITEMENT,antibiotique_inadequat_pour,MICRO_ORGANISME,micro_organisme_isole_dans,FOYER_INFECTIEUX,P1_E021,avlocardyl,1,P5_E015,infection du liquide d'ascite,5,"A et C présents dans le document, B absent du document"
B2_001130,img20250709_16414914_trace_sepsis_V1.6-V6.5-SELECTIVE_PRECISION.json,MEDIUM,TRAITEMENT,antibiotique_inadequat_pour,MICRO_ORGANISME,micro_organisme_isole_dans,FOYER_INFECTIEUX,P1_E022,ramipril,1,P2_E010,érysipèle de la jambe droite,2,"A et C présents dans le document, B absent du document"
B2_001131,img20250709_16414914_trace_sepsis_V1.6-V6.5-SELECTIVE_PRECISION.json,MEDIUM,TRAITEMENT,antibiotique_inadequat_pour,MICRO_ORGANISME,micro_organisme_isole_dans,FOYER_INFECTIEUX,P1_E022,ramipril,1,P4_E007,infection du liquide d'ascite,4,"A et C présents dans le document, B absent du document"
B2_001132,img20250709_16414914_trace_sepsis_V1.6-V6.5-SELECTIVE_PRECISION.json,MEDIUM,TRAITEMENT,antibiotique_inadequat_pour,MICRO_ORGANISME,micro_organisme_isole_dans,FOYER_INFECTIEUX,P1_E022,ramipril,1,P5_E015,infection du liquide d'ascite,5,"A et C présents dans le document, B absent du document"
B2_001133,img20250709_16414914_trace_sepsis_V1.6-V6.5-SELECTIVE_PRECISION.json,MEDIUM,TRAITEMENT,antibiotique_inadequat_pour,MICRO_ORGANISME,micro_organisme_isole_dans,FOYER_INFECTIEUX,P1_E023,lexamipidine,1,P2_E010,érysipèle de la jambe droite,2,"A et C présents dans le document, B absent du document"
B2_001134,img20250709_16414914_trace_sepsis_V1.6-V6.5-SELECTIVE_PRECISION.json,MEDIUM,TRAITEMENT,antibiotique_inadequat_pour,MICRO_ORGANISME,micro_organisme_isole_dans,FOYER_INFECTIEUX,P1_E023,lexamipidine,1,P4_E007,infection du liquide d'ascite,4,"A et C présents dans le document, B absent du document"
B2_001135,img20250709_16414914_trace_sepsis_V1.6-V6.5-SELECTIVE_PRECISION.json,MEDIUM,TRAITEMENT,antibiotique_inadequat_pour,MICRO_ORGANISME,micro_organisme_isole_dans,FOYER_INFECTIEUX,P1_E023,lexamipidine,1,P5_E015,infection du liquide d'ascite,5,"A et C présents dans le document, B absent du document"
B2_001136,img20250709_16414914_trace_sepsis_V1.6-V6.5-SELECTIVE_PRECISION.json,STRONG,TRAITEMENT,antibiotique_inadequat_pour,MICRO_ORGANISME,micro_organisme_isole_dans,FOYER_INFECTIEUX,P2_E002,ponction évacuatrice d'ascite,2,P2_E010,érysipèle de la jambe droite,2,"A et C présents sur la même page, B absent du document"
B2_001137,img20250709_16414914_trace_sepsis_V1.6-V6.5-SELECTIVE_PRECISION.json,MEDIUM,TRAITEMENT,antibiotique_inadequat_pour,MICRO_ORGANISME,micro_organisme_isole_dans,FOYER_INFECTIEUX,P2_E002,ponction évacuatrice d'ascite,2,P4_E007,infection du liquide d'ascite,4,"A et C présents dans le document, B absent du document"
B2_001138,img20250709_16414914_trace_sepsis_V1.6-V6.5-SELECTIVE_PRECISION.json,MEDIUM,TRAITEMENT,antibiotique_inadequat_pour,MICRO_ORGANISME,micro_organisme_isole_dans,FOYER_INFECTIEUX,P2_E002,ponction évacuatrice d'ascite,2,P5_E015,infection du liquide d'ascite,5,"A et C présents dans le document, B absent du document"
B2_001139,img20250709_16414914_trace_sepsis_V1.6-V6.5-SELECTIVE_PRECISION.json,STRONG,TRAITEMENT,antibiotique_inadequat_pour,MICRO_ORGANISME,micro_organisme_isole_dans,FOYER_INFECTIEUX,P2_E018,rivotril,2,P2_E010,érysipèle de la jambe droite,2,"A et C présents sur la même page, B absent du document"
B2_001140,img20250709_16414914_trace_sepsis_V1.6-V6.5-SELECTIVE_PRECISION.json,MEDIUM,TRAITEMENT,antibiotique_inadequat_pour,MICRO_ORGANISME,micro_organisme_isole_dans,FOYER_INFECTIEUX,P2_E018,rivotril,2,P4_E007,infection du liquide d'ascite,4,"A et C présents dans le document, B absent du document"
B2_001141,img20250709_16414914_trace_sepsis_V1.6-V6.5-SELECTIVE_PRECISION.json,MEDIUM,TRAITEMENT,antibiotique_inadequat_pour,MICRO_ORGANISME,micro_organisme_isole_dans,FOYER_INFECTIEUX,P2_E018,rivotril,2,P5_E015,infection du liquide d'ascite,5,"A et C présents dans le document, B absent du document"
B2_001142,img20250709_16414914_trace_sepsis_V1.6-V6.5-SELECTIVE_PRECISION.json,STRONG,TRAITEMENT,antibiotique_inadequat_pour,MICRO_ORGANISME,micro_organisme_isole_dans,FOYER_INFECTIEUX,P2_E025,valium,2,P2_E010,érysipèle de la jambe droite,2,"A et C présents sur la même page, B absent du document"
B2_001143,img20250709_16414914_trace_sepsis_V1.6-V6.5-SELECTIVE_PRECISION.json,MEDIUM,TRAITEMENT,antibiotique_inadequat_pour,MICRO_ORGANISME,micro_organisme_isole_dans,FOYER_INFECTIEUX,P2_E025,valium,2,P4_E007,infection du liquide d'ascite,4,"A et C présents dans le document, B absent du document"
B2_001144,img20250709_16414914_trace_sepsis_V1.6-V6.5-SELECTIVE_PRECISION.json,MEDIUM,TRAITEMENT,antibiotique_inadequat_pour,MICRO_ORGANISME,micro_organisme_isole_dans,FOYER_INFECTIEUX,P2_E025,valium,2,P5_E015,infection du liquide d'ascite,5,"A et C présents dans le document, B absent du document"
B2_001145,img20250709_16414914_trace_sepsis_V1.6-V6.5-SELECTIVE_PRECISION.json,STRONG,TRAITEMENT,antibiotique_inadequat_pour,MICRO_ORGANISME,micro_organisme_isole_dans,FOYER_INFECTIEUX,P2_E034,sonde gastrique,2,P2_E010,érysipèle de la jambe droite,2,"A et C présents sur la même page, B absent du document"
B2_001146,img20250709_16414914_trace_sepsis_V1.6-V6.5-SELECTIVE_PRECISION.json,MEDIUM,TRAITEMENT,antibiotique_inadequat_pour,MICRO_ORGANISME,micro_organisme_isole_dans,FOYER_INFECTIEUX,P2_E034,sonde gastrique,2,P4_E007,infection du liquide d'ascite,4,"A et C présents dans le document, B absent du document"
B2_001147,img20250709_16414914_trace_sepsis_V1.6-V6.5-SELECTIVE_PRECISION.json,MEDIUM,TRAITEMENT,antibiotique_inadequat_pour,MICRO_ORGANISME,micro_organisme_isole_dans,FOYER_INFECTIEUX,P2_E034,sonde gastrique,2,P5_E015,infection du liquide d'ascite,5,"A et C présents dans le document, B absent du document"
B2_001148,img20250709_16414914_trace_sepsis_V1.6-V6.5-SELECTIVE_PRECISION.json,MEDIUM,TRAITEMENT,antibiotique_inadequat_pour,MICRO_ORGANISME,micro_organisme_isole_dans,FOYER_INFECTIEUX,P3_E041,O2,3,P2_E010,érysipèle de la jambe droite,2,"A et C présents dans le document, B absent du document"
B2_001149,img20250709_16414914_trace_sepsis_V1.6-V6.5-SELECTIVE_PRECISION.json,MEDIUM,TRAITEMENT,antibiotique_inadequat_pour,MICRO_ORGANISME,micro_organisme_isole_dans,FOYER_INFECTIEUX,P3_E041,O2,3,P4_E007,infection du liquide d'ascite,4,"A et C présents dans le document, B absent du document"
B2_001150,img20250709_16414914_trace_sepsis_V1.6-V6.5-SELECTIVE_PRECISION.json,MEDIUM,TRAITEMENT,antibiotique_inadequat_pour,MICRO_ORGANISME,micro_organisme_isole_dans,FOYER_INFECTIEUX,P3_E041,O2,3,P5_E015,infection du liquide d'ascite,5,"A et C présents dans le document, B absent du document"
B2_001151,img20250709_16414914_trace_sepsis_V1.6-V6.5-SELECTIVE_PRECISION.json,MEDIUM,TRAITEMENT,antibiotique_inadequat_pour,MICRO_ORGANISME,micro_organisme_isole_dans,FOYER_INFECTIEUX,P4_E004,adrénaline,4,P2_E010,érysipèle de la jambe droite,2,"A et C présents dans le document, B absent du document"
B2_001152,img20250709_16414914_trace_sepsis_V1.6-V6.5-SELECTIVE_PRECISION.json,STRONG,TRAITEMENT,antibiotique_inadequat_pour,MICRO_ORGANISME,micro_organisme_isole_dans,FOYER_INFECTIEUX,P4_E004,adrénaline,4,P4_E007,infection du liquide d'ascite,4,"A et C présents sur la même page, B absent du document"
B2_001153,img20250709_16414914_trace_sepsis_V1.6-V6.5-SELECTIVE_PRECISION.json,MEDIUM,TRAITEMENT,antibiotique_inadequat_pour,MICRO_ORGANISME,micro_organisme_isole_dans,FOYER_INFECTIEUX,P4_E004,adrénaline,4,P5_E015,infection du liquide d'ascite,5,"A et C présents dans le document, B absent du document"
B2_001154,img20250709_16414914_trace_sepsis_V1.6-V6.5-SELECTIVE_PRECISION.json,MEDIUM,TRAITEMENT,antibiotique_inadequat_pour,MICRO_ORGANISME,micro_organisme_isole_dans,FOYER_INFECTIEUX,P4_E006,remplissage adapté,4,P2_E010,érysipèle de la jambe droite,2,"A et C présents dans le document, B absent du document"
B2_001155,img20250709_16414914_trace_sepsis_V1.6-V6.5-SELECTIVE_PRECISION.json,STRONG,TRAITEMENT,antibiotique_inadequat_pour,MICRO_ORGANISME,micro_organisme_isole_dans,FOYER_INFECTIEUX,P4_E006,remplissage adapté,4,P4_E007,infection du liquide d'ascite,4,"A et C présents sur la même page, B absent du document"
B2_001156,img20250709_16414914_trace_sepsis_V1.6-V6.5-SELECTIVE_PRECISION.json,MEDIUM,TRAITEMENT,antibiotique_inadequat_pour,MICRO_ORGANISME,micro_organisme_isole_dans,FOYER_INFECTIEUX,P4_E006,remplissage adapté,4,P5_E015,infection du liquide d'ascite,5,"A et C présents dans le document, B absent du document"
B2_001157,img20250709_16414914_trace_sepsis_V1.6-V6.5-SELECTIVE_PRECISION.json,MEDIUM,TRAITEMENT,antibiotique_inadequat_pour,MICRO_ORGANISME,micro_organisme_isole_dans,FOYER_INFECTIEUX,P4_E018,épuration extra rénale (CVVHDF),4,P2_E010,érysipèle de la jambe droite,2,"A et C présents dans le document, B absent du document"
B2_001158,img20250709_16414914_trace_sepsis_V1.6-V6.5-SELECTIVE_PRECISION.json,STRONG,TRAITEMENT,antibiotique_inadequat_pour,MICRO_ORGANISME,micro_organisme_isole_dans,FOYER_INFECTIEUX,P4_E018,épuration extra rénale (CVVHDF),4,P4_E007,infection du liquide d'ascite,4,"A et C présents sur la même page, B absent du document"
B2_001159,img20250709_16414914_trace_sepsis_V1.6-V6.5-SELECTIVE_PRECISION.json,MEDIUM,TRAITEMENT,antibiotique_inadequat_pour,MICRO_ORGANISME,micro_organisme_isole_dans,FOYER_INFECTIEUX,P4_E018,épuration extra rénale (CVVHDF),4,P5_E015,infection du liquide d'ascite,5,"A et C présents dans le document, B absent du document"
B2_001160,img20250709_16414914_trace_sepsis_V1.6-V6.5-SELECTIVE_PRECISION.json,MEDIUM,TRAITEMENT,antibiotique_inadequat_pour,MICRO_ORGANISME,micro_organisme_isole_dans,FOYER_INFECTIEUX,P4_E020,transfusion,4,P2_E010,érysipèle de la jambe droite,2,"A et C présents dans le document, B absent du document"
B2_001161,img20250709_16414914_trace_sepsis_V1.6-V6.5-SELECTIVE_PRECISION.json,STRONG,TRAITEMENT,antibiotique_inadequat_pour,MICRO_ORGANISME,micro_organisme_isole_dans,FOYER_INFECTIEUX,P4_E020,transfusion,4,P4_E007,infection du liquide d'ascite,4,"A et C présents sur la même page, B absent du document"
B2_001162,img20250709_16414914_trace_sepsis_V1.6-V6.5-SELECTIVE_PRECISION.json,MEDIUM,TRAITEMENT,antibiotique_inadequat_pour,MICRO_ORGANISME,micro_organisme_isole_dans,FOYER_INFECTIEUX,P4_E020,transfusion,4,P5_E015,infection du liquide d'ascite,5,"A et C présents dans le document, B absent du document"
B2_001163,img20250709_16414914_trace_sepsis_V1.6-V6.5-SELECTIVE_PRECISION.json,MEDIUM,TRAITEMENT,antibiotique_inadequat_pour,MICRO_ORGANISME,micro_organisme_isole_dans,FOYER_INFECTIEUX,P4_E021,sandostatine,4,P2_E010,érysipèle de la jambe droite,2,"A et C présents dans le document, B absent du document"
B2_001164,img20250709_16414914_trace_sepsis_V1.6-V6.5-SELECTIVE_PRECISION.json,STRONG,TRAITEMENT,antibiotique_inadequat_pour,MICRO_ORGANISME,micro_organisme_isole_dans,FOYER_INFECTIEUX,P4_E021,sandostatine,4,P4_E007,infection du liquide d'ascite,4,"A et C présents sur la même page, B absent du document"
B2_001165,img20250709_16414914_trace_sepsis_V1.6-V6.5-SELECTIVE_PRECISION.json,MEDIUM,TRAITEMENT,antibiotique_inadequat_pour,MICRO_ORGANISME,micro_organisme_isole_dans,FOYER_INFECTIEUX,P4_E021,sandostatine,4,P5_E015,infection du liquide d'ascite,5,"A et C présents dans le document, B absent du document"
B2_001166,img20250709_16414914_trace_sepsis_V1.6-V6.5-SELECTIVE_PRECISION.json,MEDIUM,TRAITEMENT,antibiotique_inadequat_pour,MICRO_ORGANISME,micro_organisme_isole_dans,FOYER_INFECTIEUX,P5_E001,Beta lactamine,5,P2_E010,érysipèle de la jambe droite,2,"A et C présents dans le document, B absent du document"
B2_001167,img20250709_16414914_trace_sepsis_V1.6-V6.5-SELECTIVE_PRECISION.json,MEDIUM,TRAITEMENT,antibiotique_inadequat_pour,MICRO_ORGANISME,micro_organisme_isole_dans,FOYER_INFECTIEUX,P5_E001,Beta lactamine,5,P4_E007,infection du liquide d'ascite,4,"A et C présents dans le document, B absent du document"
B2_001168,img20250709_16414914_trace_sepsis_V1.6-V6.5-SELECTIVE_PRECISION.json,STRONG,TRAITEMENT,antibiotique_inadequat_pour,MICRO_ORGANISME,micro_organisme_isole_dans,FOYER_INFECTIEUX,P5_E001,Beta lactamine,5,P5_E015,infection du liquide d'ascite,5,"A et C présents sur la même page, B absent du document"
B2_001169,img20250709_16414914_trace_sepsis_V1.6-V6.5-SELECTIVE_PRECISION.json,MEDIUM,TRAITEMENT,antibiotique_inadequat_pour,MICRO_ORGANISME,micro_organisme_isole_dans,FOYER_INFECTIEUX,P5_E002,aminoside,5,P2_E010,érysipèle de la jambe droite,2,"A et C présents dans le document, B absent du document"
B2_001170,img20250709_16414914_trace_sepsis_V1.6-V6.5-SELECTIVE_PRECISION.json,MEDIUM,TRAITEMENT,antibiotique_inadequat_pour,MICRO_ORGANISME,micro_organisme_isole_dans,FOYER_INFECTIEUX,P5_E002,aminoside,5,P4_E007,infection du liquide d'ascite,4,"A et C présents dans le document, B absent du document"
B2_001171,img20250709_16414914_trace_sepsis_V1.6-V6.5-SELECTIVE_PRECISION.json,STRONG,TRAITEMENT,antibiotique_inadequat_pour,MICRO_ORGANISME,micro_organisme_isole_dans,FOYER_INFECTIEUX,P5_E002,aminoside,5,P5_E015,infection du liquide d'ascite,5,"A et C présents sur la même page, B absent du document"
B2_001172,img20250709_16414914_trace_sepsis_V1.6-V6.5-SELECTIVE_PRECISION.json,MEDIUM,TRAITEMENT,antibiotique_inadequat_pour,MICRO_ORGANISME,micro_organisme_isole_dans,FOYER_INFECTIEUX,P5_E004,curarisation,5,P2_E010,érysipèle de la jambe droite,2,"A et C présents dans le document, B absent du document"
B2_001173,img20250709_16414914_trace_sepsis_V1.6-V6.5-SELECTIVE_PRECISION.json,MEDIUM,TRAITEMENT,antibiotique_inadequat_pour,MICRO_ORGANISME,micro_organisme_isole_dans,FOYER_INFECTIEUX,P5_E004,curarisation,5,P4_E007,infection du liquide d'ascite,4,"A et C présents dans le document, B absent du document"
B2_001174,img20250709_16414914_trace_sepsis_V1.6-V6.5-SELECTIVE_PRECISION.json,STRONG,TRAITEMENT,antibiotique_inadequat_pour,MICRO_ORGANISME,micro_organisme_isole_dans,FOYER_INFECTIEUX,P5_E004,curarisation,5,P5_E015,infection du liquide d'ascite,5,"A et C présents sur la même page, B absent du document"
B2_001175,img20250709_16414914_trace_sepsis_V1.6-V6.5-SELECTIVE_PRECISION.json,MEDIUM,TRAITEMENT,antibiotique_inadequat_pour,MICRO_ORGANISME,micro_organisme_isole_dans,FOYER_INFECTIEUX,P5_E006,transfusion,5,P2_E010,érysipèle de la jambe droite,2,"A et C présents dans le document, B absent du document"
B2_001176,img20250709_16414914_trace_sepsis_V1.6-V6.5-SELECTIVE_PRECISION.json,MEDIUM,TRAITEMENT,antibiotique_inadequat_pour,MICRO_ORGANISME,micro_organisme_isole_dans,FOYER_INFECTIEUX,P5_E006,transfusion,5,P4_E007,infection du liquide d'ascite,4,"A et C présents dans le document, B absent du document"
B2_001177,img20250709_16414914_trace_sepsis_V1.6-V6.5-SELECTIVE_PRECISION.json,STRONG,TRAITEMENT,antibiotique_inadequat_pour,MICRO_ORGANISME,micro_organisme_isole_dans,FOYER_INFECTIEUX,P5_E006,transfusion,5,P5_E015,infection du liquide d'ascite,5,"A et C présents sur la même page, B absent du document"
B2_001178,img20250709_16414914_trace_sepsis_V1.6-V6.5-SELECTIVE_PRECISION.json,MEDIUM,TRAITEMENT,antibiotique_inadequat_pour,MICRO_ORGANISME,micro_organisme_isole_dans,FOYER_INFECTIEUX,P5_E008,Adrénaline,5,P2_E010,érysipèle de la jambe droite,2,"A et C présents dans le document, B absent du document"
B2_001179,img20250709_16414914_trace_sepsis_V1.6-V6.5-SELECTIVE_PRECISION.json,MEDIUM,TRAITEMENT,antibiotique_inadequat_pour,MICRO_ORGANISME,micro_organisme_isole_dans,FOYER_INFECTIEUX,P5_E008,Adrénaline,5,P4_E007,infection du liquide d'ascite,4,"A et C présents dans le document, B absent du document"
B2_001180,img20250709_16414914_trace_sepsis_V1.6-V6.5-SELECTIVE_PRECISION.json,STRONG,TRAITEMENT,antibiotique_inadequat_pour,MICRO_ORGANISME,micro_organisme_isole_dans,FOYER_INFECTIEUX,P5_E008,Adrénaline,5,P5_E015,infection du liquide d'ascite,5,"A et C présents sur la même page, B absent du document"
B2_001181,img20250709_16414914_trace_sepsis_V1.6-V6.5-SELECTIVE_PRECISION.json,MEDIUM,TRAITEMENT,antibiotique_inadequat_pour,MICRO_ORGANISME,micro_organisme_isole_dans,FOYER_INFECTIEUX,P5_E010,Noradrénaline,5,P2_E010,érysipèle de la jambe droite,2,"A et C présents dans le document, B absent du document"
B2_001182,img20250709_16414914_trace_sepsis_V1.6-V6.5-SELECTIVE_PRECISION.json,MEDIUM,TRAITEMENT,antibiotique_inadequat_pour,MICRO_ORGANISME,micro_organisme_isole_dans,FOYER_INFECTIEUX,P5_E010,Noradrénaline,5,P4_E007,infection du liquide d'ascite,4,"A et C présents dans le document, B absent du document"
B2_001183,img20250709_16414914_trace_sepsis_V1.6-V6.5-SELECTIVE_PRECISION.json,STRONG,TRAITEMENT,antibiotique_inadequat_pour,MICRO_ORGANISME,micro_organisme_isole_dans,FOYER_INFECTIEUX,P5_E010,Noradrénaline,5,P5_E015,infection du liquide d'ascite,5,"A et C présents sur la même page, B absent du document"
B2_001184,img20250709_16414914_trace_sepsis_V1.6-V6.5-SELECTIVE_PRECISION.json,MEDIUM,TRAITEMENT,antibiotique_inadequat_pour,MICRO_ORGANISME,micro_organisme_isole_dans,FOYER_INFECTIEUX,P5_E013,dialyse,5,P2_E010,érysipèle de la jambe droite,2,"A et C présents dans le document, B absent du document"
B2_001185,img20250709_16414914_trace_sepsis_V1.6-V6.5-SELECTIVE_PRECISION.json,MEDIUM,TRAITEMENT,antibiotique_inadequat_pour,MICRO_ORGANISME,micro_organisme_isole_dans,FOYER_INFECTIEUX,P5_E013,dialyse,5,P4_E007,infection du liquide d'ascite,4,"A et C présents dans le document, B absent du document"
B2_001186,img20250709_16414914_trace_sepsis_V1.6-V6.5-SELECTIVE_PRECISION.json,STRONG,TRAITEMENT,antibiotique_inadequat_pour,MICRO_ORGANISME,micro_organisme_isole_dans,FOYER_INFECTIEUX,P5_E013,dialyse,5,P5_E015,infection du liquide d'ascite,5,"A et C présents sur la même page, B absent du document"
B2_001187,img20250709_16520260_trace_sepsis_V1.6-V6.5-SELECTIVE_PRECISION.json,MEDIUM,COMORBIDITE_ANTECEDENT,a_pour_contexte_acquisition,CONTEXTE_ACQUISITION,contexte_acquisition_influence_risque_resistance,MICRO_ORGANISME,P1_E002,anorexie mentale,1,P6_E053,Citrobacter koseri,6,"A et C présents dans le document, B absent du document"
B2_001188,img20250709_16520260_trace_sepsis_V1.6-V6.5-SELECTIVE_PRECISION.json,MEDIUM,COMORBIDITE_ANTECEDENT,a_pour_contexte_acquisition,CONTEXTE_ACQUISITION,contexte_acquisition_influence_risque_resistance,MICRO_ORGANISME,P1_E002,anorexie mentale,1,P6_V66_E001,E. coli,6,"A et C présents dans le document, B absent du document"
B2_001189,img20250709_16520260_trace_sepsis_V1.6-V6.5-SELECTIVE_PRECISION.json,MEDIUM,COMORBIDITE_ANTECEDENT,a_pour_contexte_acquisition,CONTEXTE_ACQUISITION,contexte_acquisition_influence_risque_resistance,MICRO_ORGANISME,P1_E002,anorexie mentale,1,P6_V66_E002,pneumocoque,6,"A et C présents dans le document, B absent du document"
B2_001190,img20250709_16520260_trace_sepsis_V1.6-V6.5-SELECTIVE_PRECISION.json,MEDIUM,COMORBIDITE_ANTECEDENT,a_pour_contexte_acquisition,CONTEXTE_ACQUISITION,contexte_acquisition_influence_risque_resistance,MICRO_ORGANISME,P1_E002,anorexie mentale,1,P6_V66_E003,E.coli,6,"A et C présents dans le document, B absent du document"
B2_001191,img20250709_16520260_trace_sepsis_V1.6-V6.5-SELECTIVE_PRECISION.json,MEDIUM,COMORBIDITE_ANTECEDENT,a_pour_contexte_acquisition,CONTEXTE_ACQUISITION,contexte_acquisition_influence_risque_resistance,MICRO_ORGANISME,P1_E003,aménorrhée secondaire,1,P6_E053,Citrobacter koseri,6,"A et C présents dans le document, B absent du document"
B2_001192,img20250709_16520260_trace_sepsis_V1.6-V6.5-SELECTIVE_PRECISION.json,MEDIUM,COMORBIDITE_ANTECEDENT,a_pour_contexte_acquisition,CONTEXTE_ACQUISITION,contexte_acquisition_influence_risque_resistance,MICRO_ORGANISME,P1_E003,aménorrhée secondaire,1,P6_V66_E001,E. coli,6,"A et C présents dans le document, B absent du document"
B2_001193,img20250709_16520260_trace_sepsis_V1.6-V6.5-SELECTIVE_PRECISION.json,MEDIUM,COMORBIDITE_ANTECEDENT,a_pour_contexte_acquisition,CONTEXTE_ACQUISITION,contexte_acquisition_influence_risque_resistance,MICRO_ORGANISME,P1_E003,aménorrhée secondaire,1,P6_V66_E002,pneumocoque,6,"A et C présents dans le document, B absent du document"
B2_001194,img20250709_16520260_trace_sepsis_V1.6-V6.5-SELECTIVE_PRECISION.json,MEDIUM,COMORBIDITE_ANTECEDENT,a_pour_contexte_acquisition,CONTEXTE_ACQUISITION,contexte_acquisition_influence_risque_resistance,MICRO_ORGANISME,P1_E003,aménorrhée secondaire,1,P6_V66_E003,E.coli,6,"A et C présents dans le document, B absent du document"
B2_001195,img20250709_16520260_trace_sepsis_V1.6-V6.5-SELECTIVE_PRECISION.json,MEDIUM,COMORBIDITE_ANTECEDENT,a_pour_contexte_acquisition,CONTEXTE_ACQUISITION,contexte_acquisition_influence_risque_resistance,MICRO_ORGANISME,P1_E004,panaris premier orteil gauche,1,P6_E053,Citrobacter koseri,6,"A et C présents dans le document, B absent du document"
B2_001196,img20250709_16520260_trace_sepsis_V1.6-V6.5-SELECTIVE_PRECISION.json,MEDIUM,COMORBIDITE_ANTECEDENT,a_pour_contexte_acquisition,CONTEXTE_ACQUISITION,contexte_acquisition_influence_risque_resistance,MICRO_ORGANISME,P1_E004,panaris premier orteil gauche,1,P6_V66_E001,E. coli,6,"A et C présents dans le document, B absent du document"
B2_001197,img20250709_16520260_trace_sepsis_V1.6-V6.5-SELECTIVE_PRECISION.json,MEDIUM,COMORBIDITE_ANTECEDENT,a_pour_contexte_acquisition,CONTEXTE_ACQUISITION,contexte_acquisition_influence_risque_resistance,MICRO_ORGANISME,P1_E004,panaris premier orteil gauche,1,P6_V66_E002,pneumocoque,6,"A et C présents dans le document, B absent du document"
B2_001198,img20250709_16520260_trace_sepsis_V1.6-V6.5-SELECTIVE_PRECISION.json,MEDIUM,COMORBIDITE_ANTECEDENT,a_pour_contexte_acquisition,CONTEXTE_ACQUISITION,contexte_acquisition_influence_risque_resistance,MICRO_ORGANISME,P1_E004,panaris premier orteil gauche,1,P6_V66_E003,E.coli,6,"A et C présents dans le document, B absent du document"
B2_001199,img20250709_16520260_trace_sepsis_V1.6-V6.5-SELECTIVE_PRECISION.json,MEDIUM,COMORBIDITE_ANTECEDENT,a_pour_contexte_acquisition,CONTEXTE_ACQUISITION,contexte_acquisition_influence_risque_resistance,MICRO_ORGANISME,P4_E016,anorexie mentale,4,P6_E053,Citrobacter koseri,6,"A et C présents dans le document, B absent du document"
B2_001200,img20250709_16520260_trace_sepsis_V1.6-V6.5-SELECTIVE_PRECISION.json,MEDIUM,COMORBIDITE_ANTECEDENT,a_pour_contexte_acquisition,CONTEXTE_ACQUISITION,contexte_acquisition_influence_risque_resistance,MICRO_ORGANISME,P4_E016,anorexie mentale,4,P6_V66_E001,E. coli,6,"A et C présents dans le document, B absent du document"
B2_001201,img20250709_16520260_trace_sepsis_V1.6-V6.5-SELECTIVE_PRECISION.json,MEDIUM,COMORBIDITE_ANTECEDENT,a_pour_contexte_acquisition,CONTEXTE_ACQUISITION,contexte_acquisition_influence_risque_resistance,MICRO_ORGANISME,P4_E016,anorexie mentale,4,P6_V66_E002,pneumocoque,6,"A et C présents dans le document, B absent du document"
B2_001202,img20250709_16520260_trace_sepsis_V1.6-V6.5-SELECTIVE_PRECISION.json,MEDIUM,COMORBIDITE_ANTECEDENT,a_pour_contexte_acquisition,CONTEXTE_ACQUISITION,contexte_acquisition_influence_risque_resistance,MICRO_ORGANISME,P4_E016,anorexie mentale,4,P6_V66_E003,E.coli,6,"A et C présents dans le document, B absent du document"
B2_001203,img20250709_16523752_trace_sepsis_V1.6-V6.5-SELECTIVE_PRECISION.json,MEDIUM,COMORBIDITE_ANTECEDENT,a_pour_contexte_acquisition,CONTEXTE_ACQUISITION,contexte_acquisition_influence_risque_resistance,MICRO_ORGANISME,P4_E006,LNH agressif,4,P2_V66_E004,enterobacter aerogenes avec,2,"A et C présents dans le document, B absent du document"
B2_001204,img20250709_16523752_trace_sepsis_V1.6-V6.5-SELECTIVE_PRECISION.json,STRONG,COMORBIDITE_ANTECEDENT,a_pour_contexte_acquisition,CONTEXTE_ACQUISITION,contexte_acquisition_influence_risque_resistance,MICRO_ORGANISME,P4_E006,LNH agressif,4,P4_E015,entérocoque faecalis,4,"A et C présents sur la même page, B absent du document"
B2_001205,img20250709_16523752_trace_sepsis_V1.6-V6.5-SELECTIVE_PRECISION.json,STRONG,COMORBIDITE_ANTECEDENT,a_pour_contexte_acquisition,CONTEXTE_ACQUISITION,contexte_acquisition_influence_risque_resistance,MICRO_ORGANISME,P4_E006,LNH agressif,4,P4_E036,campylobacter,4,"A et C présents sur la même page, B absent du document"
B2_001206,img20250709_16531341_trace_sepsis_V1.6-V6.5-SELECTIVE_PRECISION.json,MEDIUM,TRAITEMENT,antibiotique_adequat_pour,MICRO_ORGANISME,micro_organisme_isole_dans,FOYER_INFECTIEUX,P1_E004,aVLOCARDYL,1,P2_V66_E002,sinusite sphénoïdale du côté droit,2,"A et C présents dans le document, B absent du document"
B2_001207,img20250709_16531341_trace_sepsis_V1.6-V6.5-SELECTIVE_PRECISION.json,MEDIUM,TRAITEMENT,antibiotique_adequat_pour,MICRO_ORGANISME,micro_organisme_isole_dans,FOYER_INFECTIEUX,P1_E004,aVLOCARDYL,1,P4_E008,Infection d'ascite,4,"A et C présents dans le document, B absent du document"
B2_001208,img20250709_16531341_trace_sepsis_V1.6-V6.5-SELECTIVE_PRECISION.json,MEDIUM,TRAITEMENT,antibiotique_adequat_pour,MICRO_ORGANISME,micro_organisme_isole_dans,FOYER_INFECTIEUX,P1_E004,aVLOCARDYL,1,P4_E064,sinusite sphénoïdale droite,4,"A et C présents dans le document, B absent du document"
B2_001209,img20250709_16531341_trace_sepsis_V1.6-V6.5-SELECTIVE_PRECISION.json,MEDIUM,TRAITEMENT,antibiotique_adequat_pour,MICRO_ORGANISME,micro_organisme_isole_dans,FOYER_INFECTIEUX,P1_E004,aVLOCARDYL,1,P4_V66_E002,sinusite sphénoïdale (PL,4,"A et C présents dans le document, B absent du document"
B2_001210,img20250709_16531341_trace_sepsis_V1.6-V6.5-SELECTIVE_PRECISION.json,MEDIUM,TRAITEMENT,antibiotique_adequat_pour,MICRO_ORGANISME,micro_organisme_isole_dans,FOYER_INFECTIEUX,P1_E006,INEXIUM,1,P2_V66_E002,sinusite sphénoïdale du côté droit,2,"A et C présents dans le document, B absent du document"
B2_001211,img20250709_16531341_trace_sepsis_V1.6-V6.5-SELECTIVE_PRECISION.json,MEDIUM,TRAITEMENT,antibiotique_adequat_pour,MICRO_ORGANISME,micro_organisme_isole_dans,FOYER_INFECTIEUX,P1_E006,INEXIUM,1,P4_E008,Infection d'ascite,4,"A et C présents dans le document, B absent du document"
B2_001212,img20250709_16531341_trace_sepsis_V1.6-V6.5-SELECTIVE_PRECISION.json,MEDIUM,TRAITEMENT,antibiotique_adequat_pour,MICRO_ORGANISME,micro_organisme_isole_dans,FOYER_INFECTIEUX,P1_E006,INEXIUM,1,P4_E064,sinusite sphénoïdale droite,4,"A et C présents dans le document, B absent du document"
B2_001213,img20250709_16531341_trace_sepsis_V1.6-V6.5-SELECTIVE_PRECISION.json,MEDIUM,TRAITEMENT,antibiotique_adequat_pour,MICRO_ORGANISME,micro_organisme_isole_dans,FOYER_INFECTIEUX,P1_E006,INEXIUM,1,P4_V66_E002,sinusite sphénoïdale (PL,4,"A et C présents dans le document, B absent du document"
B2_001214,img20250709_16531341_trace_sepsis_V1.6-V6.5-SELECTIVE_PRECISION.json,MEDIUM,TRAITEMENT,antibiotique_adequat_pour,MICRO_ORGANISME,micro_organisme_isole_dans,FOYER_INFECTIEUX,P1_E008,Noroxine,1,P2_V66_E002,sinusite sphénoïdale du côté droit,2,"A et C présents dans le document, B absent du document"
B2_001215,img20250709_16531341_trace_sepsis_V1.6-V6.5-SELECTIVE_PRECISION.json,MEDIUM,TRAITEMENT,antibiotique_adequat_pour,MICRO_ORGANISME,micro_organisme_isole_dans,FOYER_INFECTIEUX,P1_E008,Noroxine,1,P4_E008,Infection d'ascite,4,"A et C présents dans le document, B absent du document"
B2_001216,img20250709_16531341_trace_sepsis_V1.6-V6.5-SELECTIVE_PRECISION.json,MEDIUM,TRAITEMENT,antibiotique_adequat_pour,MICRO_ORGANISME,micro_organisme_isole_dans,FOYER_INFECTIEUX,P1_E008,Noroxine,1,P4_E064,sinusite sphénoïdale droite,4,"A et C présents dans le document, B absent du document"
B2_001217,img20250709_16531341_trace_sepsis_V1.6-V6.5-SELECTIVE_PRECISION.json,MEDIUM,TRAITEMENT,antibiotique_adequat_pour,MICRO_ORGANISME,micro_organisme_isole_dans,FOYER_INFECTIEUX,P1_E008,Noroxine,1,P4_V66_E002,sinusite sphénoïdale (PL,4,"A et C présents dans le document, B absent du document"
B2_001218,img20250709_16531341_trace_sepsis_V1.6-V6.5-SELECTIVE_PRECISION.json,MEDIUM,TRAITEMENT,antibiotique_adequat_pour,MICRO_ORGANISME,micro_organisme_isole_dans,FOYER_INFECTIEUX,P1_E010,Nacl en gélule,1,P2_V66_E002,sinusite sphénoïdale du côté droit,2,"A et C présents dans le document, B absent du document"
B2_001219,img20250709_16531341_trace_sepsis_V1.6-V6.5-SELECTIVE_PRECISION.json,MEDIUM,TRAITEMENT,antibiotique_adequat_pour,MICRO_ORGANISME,micro_organisme_isole_dans,FOYER_INFECTIEUX,P1_E010,Nacl en gélule,1,P4_E008,Infection d'ascite,4,"A et C présents dans le document, B absent du document"
B2_001220,img20250709_16531341_trace_sepsis_V1.6-V6.5-SELECTIVE_PRECISION.json,MEDIUM,TRAITEMENT,antibiotique_adequat_pour,MICRO_ORGANISME,micro_organisme_isole_dans,FOYER_INFECTIEUX,P1_E010,Nacl en gélule,1,P4_E064,sinusite sphénoïdale droite,4,"A et C présents dans le document, B absent du document"
B2_001221,img20250709_16531341_trace_sepsis_V1.6-V6.5-SELECTIVE_PRECISION.json,MEDIUM,TRAITEMENT,antibiotique_adequat_pour,MICRO_ORGANISME,micro_organisme_isole_dans,FOYER_INFECTIEUX,P1_E010,Nacl en gélule,1,P4_V66_E002,sinusite sphénoïdale (PL,4,"A et C présents dans le document, B absent du document"
B2_001222,img20250709_16531341_trace_sepsis_V1.6-V6.5-SELECTIVE_PRECISION.json,MEDIUM,TRAITEMENT,antibiotique_adequat_pour,MICRO_ORGANISME,micro_organisme_isole_dans,FOYER_INFECTIEUX,P1_E012,seresta,1,P2_V66_E002,sinusite sphénoïdale du côté droit,2,"A et C présents dans le document, B absent du document"
B2_001223,img20250709_16531341_trace_sepsis_V1.6-V6.5-SELECTIVE_PRECISION.json,MEDIUM,TRAITEMENT,antibiotique_adequat_pour,MICRO_ORGANISME,micro_organisme_isole_dans,FOYER_INFECTIEUX,P1_E012,seresta,1,P4_E008,Infection d'ascite,4,"A et C présents dans le document, B absent du document"
B2_001224,img20250709_16531341_trace_sepsis_V1.6-V6.5-SELECTIVE_PRECISION.json,MEDIUM,TRAITEMENT,antibiotique_adequat_pour,MICRO_ORGANISME,micro_organisme_isole_dans,FOYER_INFECTIEUX,P1_E012,seresta,1,P4_E064,sinusite sphénoïdale droite,4,"A et C présents dans le document, B absent du document"
B2_001225,img20250709_16531341_trace_sepsis_V1.6-V6.5-SELECTIVE_PRECISION.json,MEDIUM,TRAITEMENT,antibiotique_adequat_pour,MICRO_ORGANISME,micro_organisme_isole_dans,FOYER_INFECTIEUX,P1_E012,seresta,1,P4_V66_E002,sinusite sphénoïdale (PL,4,"A et C présents dans le document, B absent du document"
B2_001226,img20250709_16531341_trace_sepsis_V1.6-V6.5-SELECTIVE_PRECISION.json,MEDIUM,TRAITEMENT,antibiotique_adequat_pour,MICRO_ORGANISME,micro_organisme_isole_dans,FOYER_INFECTIEUX,P1_E014,duphalac,1,P2_V66_E002,sinusite sphénoïdale du côté droit,2,"A et C présents dans le document, B absent du document"
B2_001227,img20250709_16531341_trace_sepsis_V1.6-V6.5-SELECTIVE_PRECISION.json,MEDIUM,TRAITEMENT,antibiotique_adequat_pour,MICRO_ORGANISME,micro_organisme_isole_dans,FOYER_INFECTIEUX,P1_E014,duphalac,1,P4_E008,Infection d'ascite,4,"A et C présents dans le document, B absent du document"
B2_001228,img20250709_16531341_trace_sepsis_V1.6-V6.5-SELECTIVE_PRECISION.json,MEDIUM,TRAITEMENT,antibiotique_adequat_pour,MICRO_ORGANISME,micro_organisme_isole_dans,FOYER_INFECTIEUX,P1_E014,duphalac,1,P4_E064,sinusite sphénoïdale droite,4,"A et C présents dans le document, B absent du document"
B2_001229,img20250709_16531341_trace_sepsis_V1.6-V6.5-SELECTIVE_PRECISION.json,MEDIUM,TRAITEMENT,antibiotique_adequat_pour,MICRO_ORGANISME,micro_organisme_isole_dans,FOYER_INFECTIEUX,P1_E014,duphalac,1,P4_V66_E002,sinusite sphénoïdale (PL,4,"A et C présents dans le document, B absent du document"
B2_001230,img20250709_16531341_trace_sepsis_V1.6-V6.5-SELECTIVE_PRECISION.json,MEDIUM,TRAITEMENT,antibiotique_adequat_pour,MICRO_ORGANISME,micro_organisme_isole_dans,FOYER_INFECTIEUX,P1_E016,acupan,1,P2_V66_E002,sinusite sphénoïdale du côté droit,2,"A et C présents dans le document, B absent du document"
B2_001231,img20250709_16531341_trace_sepsis_V1.6-V6.5-SELECTIVE_PRECISION.json,MEDIUM,TRAITEMENT,antibiotique_adequat_pour,MICRO_ORGANISME,micro_organisme_isole_dans,FOYER_INFECTIEUX,P1_E016,acupan,1,P4_E008,Infection d'ascite,4,"A et C présents dans le document, B absent du document"
B2_001232,img20250709_16531341_trace_sepsis_V1.6-V6.5-SELECTIVE_PRECISION.json,MEDIUM,TRAITEMENT,antibiotique_adequat_pour,MICRO_ORGANISME,micro_organisme_isole_dans,FOYER_INFECTIEUX,P1_E016,acupan,1,P4_E064,sinusite sphénoïdale droite,4,"A et C présents dans le document, B absent du document"
B2_001233,img20250709_16531341_trace_sepsis_V1.6-V6.5-SELECTIVE_PRECISION.json,MEDIUM,TRAITEMENT,antibiotique_adequat_pour,MICRO_ORGANISME,micro_organisme_isole_dans,FOYER_INFECTIEUX,P1_E016,acupan,1,P4_V66_E002,sinusite sphénoïdale (PL,4,"A et C présents dans le document, B absent du document"
B2_001234,img20250709_16531341_trace_sepsis_V1.6-V6.5-SELECTIVE_PRECISION.json,MEDIUM,TRAITEMENT,antibiotique_adequat_pour,MICRO_ORGANISME,micro_organisme_isole_dans,FOYER_INFECTIEUX,P1_E018,Uvedose,1,P2_V66_E002,sinusite sphénoïdale du côté droit,2,"A et C présents dans le document, B absent du document"
B2_001235,img20250709_16531341_trace_sepsis_V1.6-V6.5-SELECTIVE_PRECISION.json,MEDIUM,TRAITEMENT,antibiotique_adequat_pour,MICRO_ORGANISME,micro_organisme_isole_dans,FOYER_INFECTIEUX,P1_E018,Uvedose,1,P4_E008,Infection d'ascite,4,"A et C présents dans le document, B absent du document"
B2_001236,img20250709_16531341_trace_sepsis_V1.6-V6.5-SELECTIVE_PRECISION.json,MEDIUM,TRAITEMENT,antibiotique_adequat_pour,MICRO_ORGANISME,micro_organisme_isole_dans,FOYER_INFECTIEUX,P1_E018,Uvedose,1,P4_E064,sinusite sphénoïdale droite,4,"A et C présents dans le document, B absent du document"
B2_001237,img20250709_16531341_trace_sepsis_V1.6-V6.5-SELECTIVE_PRECISION.json,MEDIUM,TRAITEMENT,antibiotique_adequat_pour,MICRO_ORGANISME,micro_organisme_isole_dans,FOYER_INFECTIEUX,P1_E018,Uvedose,1,P4_V66_E002,sinusite sphénoïdale (PL,4,"A et C présents dans le document, B absent du document"
B2_001238,img20250709_16531341_trace_sepsis_V1.6-V6.5-SELECTIVE_PRECISION.json,MEDIUM,TRAITEMENT,antibiotique_adequat_pour,MICRO_ORGANISME,micro_organisme_isole_dans,FOYER_INFECTIEUX,P1_E019,fortimel,1,P2_V66_E002,sinusite sphénoïdale du côté droit,2,"A et C présents dans le document, B absent du document"
B2_001239,img20250709_16531341_trace_sepsis_V1.6-V6.5-SELECTIVE_PRECISION.json,MEDIUM,TRAITEMENT,antibiotique_adequat_pour,MICRO_ORGANISME,micro_organisme_isole_dans,FOYER_INFECTIEUX,P1_E019,fortimel,1,P4_E008,Infection d'ascite,4,"A et C présents dans le document, B absent du document"
B2_001240,img20250709_16531341_trace_sepsis_V1.6-V6.5-SELECTIVE_PRECISION.json,MEDIUM,TRAITEMENT,antibiotique_adequat_pour,MICRO_ORGANISME,micro_organisme_isole_dans,FOYER_INFECTIEUX,P1_E019,fortimel,1,P4_E064,sinusite sphénoïdale droite,4,"A et C présents dans le document, B absent du document"
B2_001241,img20250709_16531341_trace_sepsis_V1.6-V6.5-SELECTIVE_PRECISION.json,MEDIUM,TRAITEMENT,antibiotique_adequat_pour,MICRO_ORGANISME,micro_organisme_isole_dans,FOYER_INFECTIEUX,P1_E019,fortimel,1,P4_V66_E002,sinusite sphénoïdale (PL,4,"A et C présents dans le document, B absent du document"
B2_001242,img20250709_16531341_trace_sepsis_V1.6-V6.5-SELECTIVE_PRECISION.json,MEDIUM,TRAITEMENT,antibiotique_adequat_pour,MICRO_ORGANISME,micro_organisme_isole_dans,FOYER_INFECTIEUX,P1_E021,protilar,1,P2_V66_E002,sinusite sphénoïdale du côté droit,2,"A et C présents dans le document, B absent du document"
B2_001243,img20250709_16531341_trace_sepsis_V1.6-V6.5-SELECTIVE_PRECISION.json,MEDIUM,TRAITEMENT,antibiotique_adequat_pour,MICRO_ORGANISME,micro_organisme_isole_dans,FOYER_INFECTIEUX,P1_E021,protilar,1,P4_E008,Infection d'ascite,4,"A et C présents dans le document, B absent du document"
B2_001244,img20250709_16531341_trace_sepsis_V1.6-V6.5-SELECTIVE_PRECISION.json,MEDIUM,TRAITEMENT,antibiotique_adequat_pour,MICRO_ORGANISME,micro_organisme_isole_dans,FOYER_INFECTIEUX,P1_E021,protilar,1,P4_E064,sinusite sphénoïdale droite,4,"A et C présents dans le document, B absent du document"
B2_001245,img20250709_16531341_trace_sepsis_V1.6-V6.5-SELECTIVE_PRECISION.json,MEDIUM,TRAITEMENT,antibiotique_adequat_pour,MICRO_ORGANISME,micro_organisme_isole_dans,FOYER_INFECTIEUX,P1_E021,protilar,1,P4_V66_E002,sinusite sphénoïdale (PL,4,"A et C présents dans le document, B absent du document"
B2_001246,img20250709_16531341_trace_sepsis_V1.6-V6.5-SELECTIVE_PRECISION.json,MEDIUM,TRAITEMENT,antibiotique_adequat_pour,MICRO_ORGANISME,micro_organisme_isole_dans,FOYER_INFECTIEUX,P1_E023,motilium,1,P2_V66_E002,sinusite sphénoïdale du côté droit,2,"A et C présents dans le document, B absent du document"
B2_001247,img20250709_16531341_trace_sepsis_V1.6-V6.5-SELECTIVE_PRECISION.json,MEDIUM,TRAITEMENT,antibiotique_adequat_pour,MICRO_ORGANISME,micro_organisme_isole_dans,FOYER_INFECTIEUX,P1_E023,motilium,1,P4_E008,Infection d'ascite,4,"A et C présents dans le document, B absent du document"
B2_001248,img20250709_16531341_trace_sepsis_V1.6-V6.5-SELECTIVE_PRECISION.json,MEDIUM,TRAITEMENT,antibiotique_adequat_pour,MICRO_ORGANISME,micro_organisme_isole_dans,FOYER_INFECTIEUX,P1_E023,motilium,1,P4_E064,sinusite sphénoïdale droite,4,"A et C présents dans le document, B absent du document"
B2_001249,img20250709_16531341_trace_sepsis_V1.6-V6.5-SELECTIVE_PRECISION.json,MEDIUM,TRAITEMENT,antibiotique_adequat_pour,MICRO_ORGANISME,micro_organisme_isole_dans,FOYER_INFECTIEUX,P1_E023,motilium,1,P4_V66_E002,sinusite sphénoïdale (PL,4,"A et C présents dans le document, B absent du document"
B2_001250,img20250709_16531341_trace_sepsis_V1.6-V6.5-SELECTIVE_PRECISION.json,MEDIUM,TRAITEMENT,antibiotique_adequat_pour,MICRO_ORGANISME,micro_organisme_isole_dans,FOYER_INFECTIEUX,P1_E024,Protolog suppositoire,1,P2_V66_E002,sinusite sphénoïdale du côté droit,2,"A et C présents dans le document, B absent du document"
B2_001251,img20250709_16531341_trace_sepsis_V1.6-V6.5-SELECTIVE_PRECISION.json,MEDIUM,TRAITEMENT,antibiotique_adequat_pour,MICRO_ORGANISME,micro_organisme_isole_dans,FOYER_INFECTIEUX,P1_E024,Protolog suppositoire,1,P4_E008,Infection d'ascite,4,"A et C présents dans le document, B absent du document"
B2_001252,img20250709_16531341_trace_sepsis_V1.6-V6.5-SELECTIVE_PRECISION.json,MEDIUM,TRAITEMENT,antibiotique_adequat_pour,MICRO_ORGANISME,micro_organisme_isole_dans,FOYER_INFECTIEUX,P1_E024,Protolog suppositoire,1,P4_E064,sinusite sphénoïdale droite,4,"A et C présents dans le document, B absent du document"
B2_001253,img20250709_16531341_trace_sepsis_V1.6-V6.5-SELECTIVE_PRECISION.json,MEDIUM,TRAITEMENT,antibiotique_adequat_pour,MICRO_ORGANISME,micro_organisme_isole_dans,FOYER_INFECTIEUX,P1_E024,Protolog suppositoire,1,P4_V66_E002,sinusite sphénoïdale (PL,4,"A et C présents dans le document, B absent du document"
B2_001254,img20250709_16531341_trace_sepsis_V1.6-V6.5-SELECTIVE_PRECISION.json,STRONG,TRAITEMENT,antibiotique_adequat_pour,MICRO_ORGANISME,micro_organisme_isole_dans,FOYER_INFECTIEUX,P2_E021,noradrénaline,2,P2_V66_E002,sinusite sphénoïdale du côté droit,2,"A et C présents sur la même page, B absent du document"
B2_001255,img20250709_16531341_trace_sepsis_V1.6-V6.5-SELECTIVE_PRECISION.json,MEDIUM,TRAITEMENT,antibiotique_adequat_pour,MICRO_ORGANISME,micro_organisme_isole_dans,FOYER_INFECTIEUX,P2_E021,noradrénaline,2,P4_E008,Infection d'ascite,4,"A et C présents dans le document, B absent du document"
B2_001256,img20250709_16531341_trace_sepsis_V1.6-V6.5-SELECTIVE_PRECISION.json,MEDIUM,TRAITEMENT,antibiotique_adequat_pour,MICRO_ORGANISME,micro_organisme_isole_dans,FOYER_INFECTIEUX,P2_E021,noradrénaline,2,P4_E064,sinusite sphénoïdale droite,4,"A et C présents dans le document, B absent du document"
B2_001257,img20250709_16531341_trace_sepsis_V1.6-V6.5-SELECTIVE_PRECISION.json,MEDIUM,TRAITEMENT,antibiotique_adequat_pour,MICRO_ORGANISME,micro_organisme_isole_dans,FOYER_INFECTIEUX,P2_E021,noradrénaline,2,P4_V66_E002,sinusite sphénoïdale (PL,4,"A et C présents dans le document, B absent du document"
B2_001258,img20250709_16531341_trace_sepsis_V1.6-V6.5-SELECTIVE_PRECISION.json,STRONG,TRAITEMENT,antibiotique_adequat_pour,MICRO_ORGANISME,micro_organisme_isole_dans,FOYER_INFECTIEUX,P2_E023,SUFENTANYL,2,P2_V66_E002,sinusite sphénoïdale du côté droit,2,"A et C présents sur la même page, B absent du document"
B2_001259,img20250709_16531341_trace_sepsis_V1.6-V6.5-SELECTIVE_PRECISION.json,MEDIUM,TRAITEMENT,antibiotique_adequat_pour,MICRO_ORGANISME,micro_organisme_isole_dans,FOYER_INFECTIEUX,P2_E023,SUFENTANYL,2,P4_E008,Infection d'ascite,4,"A et C présents dans le document, B absent du document"
B2_001260,img20250709_16531341_trace_sepsis_V1.6-V6.5-SELECTIVE_PRECISION.json,MEDIUM,TRAITEMENT,antibiotique_adequat_pour,MICRO_ORGANISME,micro_organisme_isole_dans,FOYER_INFECTIEUX,P2_E023,SUFENTANYL,2,P4_E064,sinusite sphénoïdale droite,4,"A et C présents dans le document, B absent du document"
B2_001261,img20250709_16531341_trace_sepsis_V1.6-V6.5-SELECTIVE_PRECISION.json,MEDIUM,TRAITEMENT,antibiotique_adequat_pour,MICRO_ORGANISME,micro_organisme_isole_dans,FOYER_INFECTIEUX,P2_E023,SUFENTANYL,2,P4_V66_E002,sinusite sphénoïdale (PL,4,"A et C présents dans le document, B absent du document"
B2_001262,img20250709_16531341_trace_sepsis_V1.6-V6.5-SELECTIVE_PRECISION.json,STRONG,TRAITEMENT,antibiotique_adequat_pour,MICRO_ORGANISME,micro_organisme_isole_dans,FOYER_INFECTIEUX,P2_E025,Intubation,2,P2_V66_E002,sinusite sphénoïdale du côté droit,2,"A et C présents sur la même page, B absent du document"
B2_001263,img20250709_16531341_trace_sepsis_V1.6-V6.5-SELECTIVE_PRECISION.json,MEDIUM,TRAITEMENT,antibiotique_adequat_pour,MICRO_ORGANISME,micro_organisme_isole_dans,FOYER_INFECTIEUX,P2_E025,Intubation,2,P4_E008,Infection d'ascite,4,"A et C présents dans le document, B absent du document"
B2_001264,img20250709_16531341_trace_sepsis_V1.6-V6.5-SELECTIVE_PRECISION.json,MEDIUM,TRAITEMENT,antibiotique_adequat_pour,MICRO_ORGANISME,micro_organisme_isole_dans,FOYER_INFECTIEUX,P2_E025,Intubation,2,P4_E064,sinusite sphénoïdale droite,4,"A et C présents dans le document, B absent du document"
B2_001265,img20250709_16531341_trace_sepsis_V1.6-V6.5-SELECTIVE_PRECISION.json,MEDIUM,TRAITEMENT,antibiotique_adequat_pour,MICRO_ORGANISME,micro_organisme_isole_dans,FOYER_INFECTIEUX,P2_E025,Intubation,2,P4_V66_E002,sinusite sphénoïdale (PL,4,"A et C présents dans le document, B absent du document"
B2_001266,img20250709_16531341_trace_sepsis_V1.6-V6.5-SELECTIVE_PRECISION.json,STRONG,TRAITEMENT,antibiotique_adequat_pour,MICRO_ORGANISME,micro_organisme_isole_dans,FOYER_INFECTIEUX,P2_E026,ETO/CELO,2,P2_V66_E002,sinusite sphénoïdale du côté droit,2,"A et C présents sur la même page, B absent du document"
B2_001267,img20250709_16531341_trace_sepsis_V1.6-V6.5-SELECTIVE_PRECISION.json,MEDIUM,TRAITEMENT,antibiotique_adequat_pour,MICRO_ORGANISME,micro_organisme_isole_dans,FOYER_INFECTIEUX,P2_E026,ETO/CELO,2,P4_E008,Infection d'ascite,4,"A et C présents dans le document, B absent du document"
B2_001268,img20250709_16531341_trace_sepsis_V1.6-V6.5-SELECTIVE_PRECISION.json,MEDIUM,TRAITEMENT,antibiotique_adequat_pour,MICRO_ORGANISME,micro_organisme_isole_dans,FOYER_INFECTIEUX,P2_E026,ETO/CELO,2,P4_E064,sinusite sphénoïdale droite,4,"A et C présents dans le document, B absent du document"
B2_001269,img20250709_16531341_trace_sepsis_V1.6-V6.5-SELECTIVE_PRECISION.json,MEDIUM,TRAITEMENT,antibiotique_adequat_pour,MICRO_ORGANISME,micro_organisme_isole_dans,FOYER_INFECTIEUX,P2_E026,ETO/CELO,2,P4_V66_E002,sinusite sphénoïdale (PL,4,"A et C présents dans le document, B absent du document"
B2_001270,img20250709_16531341_trace_sepsis_V1.6-V6.5-SELECTIVE_PRECISION.json,STRONG,TRAITEMENT,antibiotique_adequat_pour,MICRO_ORGANISME,micro_organisme_isole_dans,FOYER_INFECTIEUX,P2_E027,Atropine,2,P2_V66_E002,sinusite sphénoïdale du côté droit,2,"A et C présents sur la même page, B absent du document"
B2_001271,img20250709_16531341_trace_sepsis_V1.6-V6.5-SELECTIVE_PRECISION.json,MEDIUM,TRAITEMENT,antibiotique_adequat_pour,MICRO_ORGANISME,micro_organisme_isole_dans,FOYER_INFECTIEUX,P2_E027,Atropine,2,P4_E008,Infection d'ascite,4,"A et C présents dans le document, B absent du document"
B2_001272,img20250709_16531341_trace_sepsis_V1.6-V6.5-SELECTIVE_PRECISION.json,MEDIUM,TRAITEMENT,antibiotique_adequat_pour,MICRO_ORGANISME,micro_organisme_isole_dans,FOYER_INFECTIEUX,P2_E027,Atropine,2,P4_E064,sinusite sphénoïdale droite,4,"A et C présents dans le document, B absent du document"
B2_001273,img20250709_16531341_trace_sepsis_V1.6-V6.5-SELECTIVE_PRECISION.json,MEDIUM,TRAITEMENT,antibiotique_adequat_pour,MICRO_ORGANISME,micro_organisme_isole_dans,FOYER_INFECTIEUX,P2_E027,Atropine,2,P4_V66_E002,sinusite sphénoïdale (PL,4,"A et C présents dans le document, B absent du document"
B2_001274,img20250709_16531341_trace_sepsis_V1.6-V6.5-SELECTIVE_PRECISION.json,STRONG,TRAITEMENT,antibiotique_adequat_pour,MICRO_ORGANISME,micro_organisme_isole_dans,FOYER_INFECTIEUX,P2_E028,Ventilation VAC,2,P2_V66_E002,sinusite sphénoïdale du côté droit,2,"A et C présents sur la même page, B absent du document"
B2_001275,img20250709_16531341_trace_sepsis_V1.6-V6.5-SELECTIVE_PRECISION.json,MEDIUM,TRAITEMENT,antibiotique_adequat_pour,MICRO_ORGANISME,micro_organisme_isole_dans,FOYER_INFECTIEUX,P2_E028,Ventilation VAC,2,P4_E008,Infection d'ascite,4,"A et C présents dans le document, B absent du document"
B2_001276,img20250709_16531341_trace_sepsis_V1.6-V6.5-SELECTIVE_PRECISION.json,MEDIUM,TRAITEMENT,antibiotique_adequat_pour,MICRO_ORGANISME,micro_organisme_isole_dans,FOYER_INFECTIEUX,P2_E028,Ventilation VAC,2,P4_E064,sinusite sphénoïdale droite,4,"A et C présents dans le document, B absent du document"
B2_001277,img20250709_16531341_trace_sepsis_V1.6-V6.5-SELECTIVE_PRECISION.json,MEDIUM,TRAITEMENT,antibiotique_adequat_pour,MICRO_ORGANISME,micro_organisme_isole_dans,FOYER_INFECTIEUX,P2_E028,Ventilation VAC,2,P4_V66_E002,sinusite sphénoïdale (PL,4,"A et C présents dans le document, B absent du document"
B2_001278,img20250709_16531341_trace_sepsis_V1.6-V6.5-SELECTIVE_PRECISION.json,STRONG,TRAITEMENT,antibiotique_adequat_pour,MICRO_ORGANISME,micro_organisme_isole_dans,FOYER_INFECTIEUX,P2_E032,NaCl 0.9%,2,P2_V66_E002,sinusite sphénoïdale du côté droit,2,"A et C présents sur la même page, B absent du document"
B2_001279,img20250709_16531341_trace_sepsis_V1.6-V6.5-SELECTIVE_PRECISION.json,MEDIUM,TRAITEMENT,antibiotique_adequat_pour,MICRO_ORGANISME,micro_organisme_isole_dans,FOYER_INFECTIEUX,P2_E032,NaCl 0.9%,2,P4_E008,Infection d'ascite,4,"A et C présents dans le document, B absent du document"
B2_001280,img20250709_16531341_trace_sepsis_V1.6-V6.5-SELECTIVE_PRECISION.json,MEDIUM,TRAITEMENT,antibiotique_adequat_pour,MICRO_ORGANISME,micro_organisme_isole_dans,FOYER_INFECTIEUX,P2_E032,NaCl 0.9%,2,P4_E064,sinusite sphénoïdale droite,4,"A et C présents dans le document, B absent du document"
B2_001281,img20250709_16531341_trace_sepsis_V1.6-V6.5-SELECTIVE_PRECISION.json,MEDIUM,TRAITEMENT,antibiotique_adequat_pour,MICRO_ORGANISME,micro_organisme_isole_dans,FOYER_INFECTIEUX,P2_E032,NaCl 0.9%,2,P4_V66_E002,sinusite sphénoïdale (PL,4,"A et C présents dans le document, B absent du document"
B2_001282,img20250709_16531341_trace_sepsis_V1.6-V6.5-SELECTIVE_PRECISION.json,STRONG,TRAITEMENT,antibiotique_adequat_pour,MICRO_ORGANISME,micro_organisme_isole_dans,FOYER_INFECTIEUX,P2_E033,G10%,2,P2_V66_E002,sinusite sphénoïdale du côté droit,2,"A et C présents sur la même page, B absent du document"
B2_001283,img20250709_16531341_trace_sepsis_V1.6-V6.5-SELECTIVE_PRECISION.json,MEDIUM,TRAITEMENT,antibiotique_adequat_pour,MICRO_ORGANISME,micro_organisme_isole_dans,FOYER_INFECTIEUX,P2_E033,G10%,2,P4_E008,Infection d'ascite,4,"A et C présents dans le document, B absent du document"
B2_001284,img20250709_16531341_trace_sepsis_V1.6-V6.5-SELECTIVE_PRECISION.json,MEDIUM,TRAITEMENT,antibiotique_adequat_pour,MICRO_ORGANISME,micro_organisme_isole_dans,FOYER_INFECTIEUX,P2_E033,G10%,2,P4_E064,sinusite sphénoïdale droite,4,"A et C présents dans le document, B absent du document"
B2_001285,img20250709_16531341_trace_sepsis_V1.6-V6.5-SELECTIVE_PRECISION.json,MEDIUM,TRAITEMENT,antibiotique_adequat_pour,MICRO_ORGANISME,micro_organisme_isole_dans,FOYER_INFECTIEUX,P2_E033,G10%,2,P4_V66_E002,sinusite sphénoïdale (PL,4,"A et C présents dans le document, B absent du document"
B2_001286,img20250709_16531341_trace_sepsis_V1.6-V6.5-SELECTIVE_PRECISION.json,STRONG,TRAITEMENT,antibiotique_adequat_pour,MICRO_ORGANISME,micro_organisme_isole_dans,FOYER_INFECTIEUX,P2_E034,Voluven,2,P2_V66_E002,sinusite sphénoïdale du côté droit,2,"A et C présents sur la même page, B absent du document"
B2_001287,img20250709_16531341_trace_sepsis_V1.6-V6.5-SELECTIVE_PRECISION.json,MEDIUM,TRAITEMENT,antibiotique_adequat_pour,MICRO_ORGANISME,micro_organisme_isole_dans,FOYER_INFECTIEUX,P2_E034,Voluven,2,P4_E008,Infection d'ascite,4,"A et C présents dans le document, B absent du document"
B2_001288,img20250709_16531341_trace_sepsis_V1.6-V6.5-SELECTIVE_PRECISION.json,MEDIUM,TRAITEMENT,antibiotique_adequat_pour,MICRO_ORGANISME,micro_organisme_isole_dans,FOYER_INFECTIEUX,P2_E034,Voluven,2,P4_E064,sinusite sphénoïdale droite,4,"A et C présents dans le document, B absent du document"
B2_001289,img20250709_16531341_trace_sepsis_V1.6-V6.5-SELECTIVE_PRECISION.json,MEDIUM,TRAITEMENT,antibiotique_adequat_pour,MICRO_ORGANISME,micro_organisme_isole_dans,FOYER_INFECTIEUX,P2_E034,Voluven,2,P4_V66_E002,sinusite sphénoïdale (PL,4,"A et C présents dans le document, B absent du document"
B2_001290,img20250709_16531341_trace_sepsis_V1.6-V6.5-SELECTIVE_PRECISION.json,STRONG,TRAITEMENT,antibiotique_adequat_pour,MICRO_ORGANISME,micro_organisme_isole_dans,FOYER_INFECTIEUX,P2_E035,NaCl iv,2,P2_V66_E002,sinusite sphénoïdale du côté droit,2,"A et C présents sur la même page, B absent du document"
B2_001291,img20250709_16531341_trace_sepsis_V1.6-V6.5-SELECTIVE_PRECISION.json,MEDIUM,TRAITEMENT,antibiotique_adequat_pour,MICRO_ORGANISME,micro_organisme_isole_dans,FOYER_INFECTIEUX,P2_E035,NaCl iv,2,P4_E008,Infection d'ascite,4,"A et C présents dans le document, B absent du document"
B2_001292,img20250709_16531341_trace_sepsis_V1.6-V6.5-SELECTIVE_PRECISION.json,MEDIUM,TRAITEMENT,antibiotique_adequat_pour,MICRO_ORGANISME,micro_organisme_isole_dans,FOYER_INFECTIEUX,P2_E035,NaCl iv,2,P4_E064,sinusite sphénoïdale droite,4,"A et C présents dans le document, B absent du document"
B2_001293,img20250709_16531341_trace_sepsis_V1.6-V6.5-SELECTIVE_PRECISION.json,MEDIUM,TRAITEMENT,antibiotique_adequat_pour,MICRO_ORGANISME,micro_organisme_isole_dans,FOYER_INFECTIEUX,P2_E035,NaCl iv,2,P4_V66_E002,sinusite sphénoïdale (PL,4,"A et C présents dans le document, B absent du document"
B2_001294,img20250709_16531341_trace_sepsis_V1.6-V6.5-SELECTIVE_PRECISION.json,STRONG,TRAITEMENT,antibiotique_adequat_pour,MICRO_ORGANISME,micro_organisme_isole_dans,FOYER_INFECTIEUX,P2_E038,IOT ventilation en VAC,2,P2_V66_E002,sinusite sphénoïdale du côté droit,2,"A et C présents sur la même page, B absent du document"
B2_001295,img20250709_16531341_trace_sepsis_V1.6-V6.5-SELECTIVE_PRECISION.json,MEDIUM,TRAITEMENT,antibiotique_adequat_pour,MICRO_ORGANISME,micro_organisme_isole_dans,FOYER_INFECTIEUX,P2_E038,IOT ventilation en VAC,2,P4_E008,Infection d'ascite,4,"A et C présents dans le document, B absent du document"
B2_001296,img20250709_16531341_trace_sepsis_V1.6-V6.5-SELECTIVE_PRECISION.json,MEDIUM,TRAITEMENT,antibiotique_adequat_pour,MICRO_ORGANISME,micro_organisme_isole_dans,FOYER_INFECTIEUX,P2_E038,IOT ventilation en VAC,2,P4_E064,sinusite sphénoïdale droite,4,"A et C présents dans le document, B absent du document"
B2_001297,img20250709_16531341_trace_sepsis_V1.6-V6.5-SELECTIVE_PRECISION.json,MEDIUM,TRAITEMENT,antibiotique_adequat_pour,MICRO_ORGANISME,micro_organisme_isole_dans,FOYER_INFECTIEUX,P2_E038,IOT ventilation en VAC,2,P4_V66_E002,sinusite sphénoïdale (PL,4,"A et C présents dans le document, B absent du document"
B2_001298,img20250709_16531341_trace_sepsis_V1.6-V6.5-SELECTIVE_PRECISION.json,STRONG,TRAITEMENT,antibiotique_adequat_pour,MICRO_ORGANISME,micro_organisme_isole_dans,FOYER_INFECTIEUX,P2_E041,KAYEXALATE,2,P2_V66_E002,sinusite sphénoïdale du côté droit,2,"A et C présents sur la même page, B absent du document"
B2_001299,img20250709_16531341_trace_sepsis_V1.6-V6.5-SELECTIVE_PRECISION.json,MEDIUM,TRAITEMENT,antibiotique_adequat_pour,MICRO_ORGANISME,micro_organisme_isole_dans,FOYER_INFECTIEUX,P2_E041,KAYEXALATE,2,P4_E008,Infection d'ascite,4,"A et C présents dans le document, B absent du document"
B2_001300,img20250709_16531341_trace_sepsis_V1.6-V6.5-SELECTIVE_PRECISION.json,MEDIUM,TRAITEMENT,antibiotique_adequat_pour,MICRO_ORGANISME,micro_organisme_isole_dans,FOYER_INFECTIEUX,P2_E041,KAYEXALATE,2,P4_E064,sinusite sphénoïdale droite,4,"A et C présents dans le document, B absent du document"
B2_001301,img20250709_16531341_trace_sepsis_V1.6-V6.5-SELECTIVE_PRECISION.json,MEDIUM,TRAITEMENT,antibiotique_adequat_pour,MICRO_ORGANISME,micro_organisme_isole_dans,FOYER_INFECTIEUX,P2_E041,KAYEXALATE,2,P4_V66_E002,sinusite sphénoïdale (PL,4,"A et C présents dans le document, B absent du document"
B2_001302,img20250709_16531341_trace_sepsis_V1.6-V6.5-SELECTIVE_PRECISION.json,STRONG,TRAITEMENT,antibiotique_adequat_pour,MICRO_ORGANISME,micro_organisme_isole_dans,FOYER_INFECTIEUX,P2_E043,ponction évacuatrice hebdomadaire,2,P2_V66_E002,sinusite sphénoïdale du côté droit,2,"A et C présents sur la même page, B absent du document"
B2_001303,img20250709_16531341_trace_sepsis_V1.6-V6.5-SELECTIVE_PRECISION.json,MEDIUM,TRAITEMENT,antibiotique_adequat_pour,MICRO_ORGANISME,micro_organisme_isole_dans,FOYER_INFECTIEUX,P2_E043,ponction évacuatrice hebdomadaire,2,P4_E008,Infection d'ascite,4,"A et C présents dans le document, B absent du document"
B2_001304,img20250709_16531341_trace_sepsis_V1.6-V6.5-SELECTIVE_PRECISION.json,MEDIUM,TRAITEMENT,antibiotique_adequat_pour,MICRO_ORGANISME,micro_organisme_isole_dans,FOYER_INFECTIEUX,P2_E043,ponction évacuatrice hebdomadaire,2,P4_E064,sinusite sphénoïdale droite,4,"A et C présents dans le document, B absent du document"
B2_001305,img20250709_16531341_trace_sepsis_V1.6-V6.5-SELECTIVE_PRECISION.json,MEDIUM,TRAITEMENT,antibiotique_adequat_pour,MICRO_ORGANISME,micro_organisme_isole_dans,FOYER_INFECTIEUX,P2_E043,ponction évacuatrice hebdomadaire,2,P4_V66_E002,sinusite sphénoïdale (PL,4,"A et C présents dans le document, B absent du document"
B2_001306,img20250709_16531341_trace_sepsis_V1.6-V6.5-SELECTIVE_PRECISION.json,STRONG,TRAITEMENT,antibiotique_adequat_pour,MICRO_ORGANISME,micro_organisme_isole_dans,FOYER_INFECTIEUX,P2_E065,O2,2,P2_V66_E002,sinusite sphénoïdale du côté droit,2,"A et C présents sur la même page, B absent du document"
B2_001307,img20250709_16531341_trace_sepsis_V1.6-V6.5-SELECTIVE_PRECISION.json,MEDIUM,TRAITEMENT,antibiotique_adequat_pour,MICRO_ORGANISME,micro_organisme_isole_dans,FOYER_INFECTIEUX,P2_E065,O2,2,P4_E008,Infection d'ascite,4,"A et C présents dans le document, B absent du document"
B2_001308,img20250709_16531341_trace_sepsis_V1.6-V6.5-SELECTIVE_PRECISION.json,MEDIUM,TRAITEMENT,antibiotique_adequat_pour,MICRO_ORGANISME,micro_organisme_isole_dans,FOYER_INFECTIEUX,P2_E065,O2,2,P4_E064,sinusite sphénoïdale droite,4,"A et C présents dans le document, B absent du document"
B2_001309,img20250709_16531341_trace_sepsis_V1.6-V6.5-SELECTIVE_PRECISION.json,MEDIUM,TRAITEMENT,antibiotique_adequat_pour,MICRO_ORGANISME,micro_organisme_isole_dans,FOYER_INFECTIEUX,P2_E065,O2,2,P4_V66_E002,sinusite sphénoïdale (PL,4,"A et C présents dans le document, B absent du document"
B2_001310,img20250709_16531341_trace_sepsis_V1.6-V6.5-SELECTIVE_PRECISION.json,STRONG,TRAITEMENT,antibiotique_adequat_pour,MICRO_ORGANISME,micro_organisme_isole_dans,FOYER_INFECTIEUX,P2_V66_E001,IOT,2,P2_V66_E002,sinusite sphénoïdale du côté droit,2,"A et C présents sur la même page, B absent du document"
B2_001311,img20250709_16531341_trace_sepsis_V1.6-V6.5-SELECTIVE_PRECISION.json,MEDIUM,TRAITEMENT,antibiotique_adequat_pour,MICRO_ORGANISME,micro_organisme_isole_dans,FOYER_INFECTIEUX,P2_V66_E001,IOT,2,P4_E008,Infection d'ascite,4,"A et C présents dans le document, B absent du document"
B2_001312,img20250709_16531341_trace_sepsis_V1.6-V6.5-SELECTIVE_PRECISION.json,MEDIUM,TRAITEMENT,antibiotique_adequat_pour,MICRO_ORGANISME,micro_organisme_isole_dans,FOYER_INFECTIEUX,P2_V66_E001,IOT,2,P4_E064,sinusite sphénoïdale droite,4,"A et C présents dans le document, B absent du document"
B2_001313,img20250709_16531341_trace_sepsis_V1.6-V6.5-SELECTIVE_PRECISION.json,MEDIUM,TRAITEMENT,antibiotique_adequat_pour,MICRO_ORGANISME,micro_organisme_isole_dans,FOYER_INFECTIEUX,P2_V66_E001,IOT,2,P4_V66_E002,sinusite sphénoïdale (PL,4,"A et C présents dans le document, B absent du document"
B2_001314,img20250709_16531341_trace_sepsis_V1.6-V6.5-SELECTIVE_PRECISION.json,MEDIUM,TRAITEMENT,antibiotique_adequat_pour,MICRO_ORGANISME,micro_organisme_isole_dans,FOYER_INFECTIEUX,P3_E003,Ventilée en VAC,3,P2_V66_E002,sinusite sphénoïdale du côté droit,2,"A et C présents dans le document, B absent du document"
B2_001315,img20250709_16531341_trace_sepsis_V1.6-V6.5-SELECTIVE_PRECISION.json,MEDIUM,TRAITEMENT,antibiotique_adequat_pour,MICRO_ORGANISME,micro_organisme_isole_dans,FOYER_INFECTIEUX,P3_E003,Ventilée en VAC,3,P4_E008,Infection d'ascite,4,"A et C présents dans le document, B absent du document"
B2_001316,img20250709_16531341_trace_sepsis_V1.6-V6.5-SELECTIVE_PRECISION.json,MEDIUM,TRAITEMENT,antibiotique_adequat_pour,MICRO_ORGANISME,micro_organisme_isole_dans,FOYER_INFECTIEUX,P3_E003,Ventilée en VAC,3,P4_E064,sinusite sphénoïdale droite,4,"A et C présents dans le document, B absent du document"
B2_001317,img20250709_16531341_trace_sepsis_V1.6-V6.5-SELECTIVE_PRECISION.json,MEDIUM,TRAITEMENT,antibiotique_adequat_pour,MICRO_ORGANISME,micro_organisme_isole_dans,FOYER_INFECTIEUX,P3_E003,Ventilée en VAC,3,P4_V66_E002,sinusite sphénoïdale (PL,4,"A et C présents dans le document, B absent du document"
B2_001318,img20250709_16531341_trace_sepsis_V1.6-V6.5-SELECTIVE_PRECISION.json,MEDIUM,TRAITEMENT,antibiotique_adequat_pour,MICRO_ORGANISME,micro_organisme_isole_dans,FOYER_INFECTIEUX,P4_E004,Sonde IOT,4,P2_V66_E002,sinusite sphénoïdale du côté droit,2,"A et C présents dans le document, B absent du document"
B2_001319,img20250709_16531341_trace_sepsis_V1.6-V6.5-SELECTIVE_PRECISION.json,STRONG,TRAITEMENT,antibiotique_adequat_pour,MICRO_ORGANISME,micro_organisme_isole_dans,FOYER_INFECTIEUX,P4_E004,Sonde IOT,4,P4_E008,Infection d'ascite,4,"A et C présents sur la même page, B absent du document"
B2_001320,img20250709_16531341_trace_sepsis_V1.6-V6.5-SELECTIVE_PRECISION.json,STRONG,TRAITEMENT,antibiotique_adequat_pour,MICRO_ORGANISME,micro_organisme_isole_dans,FOYER_INFECTIEUX,P4_E004,Sonde IOT,4,P4_E064,sinusite sphénoïdale droite,4,"A et C présents sur la même page, B absent du document"
B2_001321,img20250709_16531341_trace_sepsis_V1.6-V6.5-SELECTIVE_PRECISION.json,STRONG,TRAITEMENT,antibiotique_adequat_pour,MICRO_ORGANISME,micro_organisme_isole_dans,FOYER_INFECTIEUX,P4_E004,Sonde IOT,4,P4_V66_E002,sinusite sphénoïdale (PL,4,"A et C présents sur la même page, B absent du document"
B2_001322,img20250709_16531341_trace_sepsis_V1.6-V6.5-SELECTIVE_PRECISION.json,MEDIUM,TRAITEMENT,antibiotique_adequat_pour,MICRO_ORGANISME,micro_organisme_isole_dans,FOYER_INFECTIEUX,P4_E005,SNG,4,P2_V66_E002,sinusite sphénoïdale du côté droit,2,"A et C présents dans le document, B absent du document"
B2_001323,img20250709_16531341_trace_sepsis_V1.6-V6.5-SELECTIVE_PRECISION.json,STRONG,TRAITEMENT,antibiotique_adequat_pour,MICRO_ORGANISME,micro_organisme_isole_dans,FOYER_INFECTIEUX,P4_E005,SNG,4,P4_E008,Infection d'ascite,4,"A et C présents sur la même page, B absent du document"
B2_001324,img20250709_16531341_trace_sepsis_V1.6-V6.5-SELECTIVE_PRECISION.json,STRONG,TRAITEMENT,antibiotique_adequat_pour,MICRO_ORGANISME,micro_organisme_isole_dans,FOYER_INFECTIEUX,P4_E005,SNG,4,P4_E064,sinusite sphénoïdale droite,4,"A et C présents sur la même page, B absent du document"
B2_001325,img20250709_16531341_trace_sepsis_V1.6-V6.5-SELECTIVE_PRECISION.json,STRONG,TRAITEMENT,antibiotique_adequat_pour,MICRO_ORGANISME,micro_organisme_isole_dans,FOYER_INFECTIEUX,P4_E005,SNG,4,P4_V66_E002,sinusite sphénoïdale (PL,4,"A et C présents sur la même page, B absent du document"
B2_001326,img20250709_16531341_trace_sepsis_V1.6-V6.5-SELECTIVE_PRECISION.json,MEDIUM,TRAITEMENT,antibiotique_adequat_pour,MICRO_ORGANISME,micro_organisme_isole_dans,FOYER_INFECTIEUX,P4_E009,Antibiothérapie,4,P2_V66_E002,sinusite sphénoïdale du côté droit,2,"A et C présents dans le document, B absent du document"
B2_001327,img20250709_16531341_trace_sepsis_V1.6-V6.5-SELECTIVE_PRECISION.json,STRONG,TRAITEMENT,antibiotique_adequat_pour,MICRO_ORGANISME,micro_organisme_isole_dans,FOYER_INFECTIEUX,P4_E009,Antibiothérapie,4,P4_E008,Infection d'ascite,4,"A et C présents sur la même page, B absent du document"
B2_001328,img20250709_16531341_trace_sepsis_V1.6-V6.5-SELECTIVE_PRECISION.json,STRONG,TRAITEMENT,antibiotique_adequat_pour,MICRO_ORGANISME,micro_organisme_isole_dans,FOYER_INFECTIEUX,P4_E009,Antibiothérapie,4,P4_E064,sinusite sphénoïdale droite,4,"A et C présents sur la même page, B absent du document"
B2_001329,img20250709_16531341_trace_sepsis_V1.6-V6.5-SELECTIVE_PRECISION.json,STRONG,TRAITEMENT,antibiotique_adequat_pour,MICRO_ORGANISME,micro_organisme_isole_dans,FOYER_INFECTIEUX,P4_E009,Antibiothérapie,4,P4_V66_E002,sinusite sphénoïdale (PL,4,"A et C présents sur la même page, B absent du document"
B2_001330,img20250709_16531341_trace_sepsis_V1.6-V6.5-SELECTIVE_PRECISION.json,MEDIUM,TRAITEMENT,antibiotique_adequat_pour,MICRO_ORGANISME,micro_organisme_isole_dans,FOYER_INFECTIEUX,P4_E010,Poursuite Catécholamine,4,P2_V66_E002,sinusite sphénoïdale du côté droit,2,"A et C présents dans le document, B absent du document"
B2_001331,img20250709_16531341_trace_sepsis_V1.6-V6.5-SELECTIVE_PRECISION.json,STRONG,TRAITEMENT,antibiotique_adequat_pour,MICRO_ORGANISME,micro_organisme_isole_dans,FOYER_INFECTIEUX,P4_E010,Poursuite Catécholamine,4,P4_E008,Infection d'ascite,4,"A et C présents sur la même page, B absent du document"
B2_001332,img20250709_16531341_trace_sepsis_V1.6-V6.5-SELECTIVE_PRECISION.json,STRONG,TRAITEMENT,antibiotique_adequat_pour,MICRO_ORGANISME,micro_organisme_isole_dans,FOYER_INFECTIEUX,P4_E010,Poursuite Catécholamine,4,P4_E064,sinusite sphénoïdale droite,4,"A et C présents sur la même page, B absent du document"
B2_001333,img20250709_16531341_trace_sepsis_V1.6-V6.5-SELECTIVE_PRECISION.json,STRONG,TRAITEMENT,antibiotique_adequat_pour,MICRO_ORGANISME,micro_organisme_isole_dans,FOYER_INFECTIEUX,P4_E010,Poursuite Catécholamine,4,P4_V66_E002,sinusite sphénoïdale (PL,4,"A et C présents sur la même page, B absent du document"
B2_001334,img20250709_16531341_trace_sepsis_V1.6-V6.5-SELECTIVE_PRECISION.json,MEDIUM,TRAITEMENT,antibiotique_adequat_pour,MICRO_ORGANISME,micro_organisme_isole_dans,FOYER_INFECTIEUX,P4_E011,Remplissage vasculaire,4,P2_V66_E002,sinusite sphénoïdale du côté droit,2,"A et C présents dans le document, B absent du document"
B2_001335,img20250709_16531341_trace_sepsis_V1.6-V6.5-SELECTIVE_PRECISION.json,STRONG,TRAITEMENT,antibiotique_adequat_pour,MICRO_ORGANISME,micro_organisme_isole_dans,FOYER_INFECTIEUX,P4_E011,Remplissage vasculaire,4,P4_E008,Infection d'ascite,4,"A et C présents sur la même page, B absent du document"
B2_001336,img20250709_16531341_trace_sepsis_V1.6-V6.5-SELECTIVE_PRECISION.json,STRONG,TRAITEMENT,antibiotique_adequat_pour,MICRO_ORGANISME,micro_organisme_isole_dans,FOYER_INFECTIEUX,P4_E011,Remplissage vasculaire,4,P4_E064,sinusite sphénoïdale droite,4,"A et C présents sur la même page, B absent du document"
B2_001337,img20250709_16531341_trace_sepsis_V1.6-V6.5-SELECTIVE_PRECISION.json,STRONG,TRAITEMENT,antibiotique_adequat_pour,MICRO_ORGANISME,micro_organisme_isole_dans,FOYER_INFECTIEUX,P4_E011,Remplissage vasculaire,4,P4_V66_E002,sinusite sphénoïdale (PL,4,"A et C présents sur la même page, B absent du document"
B2_001338,img20250709_16531341_trace_sepsis_V1.6-V6.5-SELECTIVE_PRECISION.json,MEDIUM,TRAITEMENT,antibiotique_adequat_pour,MICRO_ORGANISME,micro_organisme_isole_dans,FOYER_INFECTIEUX,P4_E012,Ponction exploratrice de liquide d'ascite,4,P2_V66_E002,sinusite sphénoïdale du côté droit,2,"A et C présents dans le document, B absent du document"
B2_001339,img20250709_16531341_trace_sepsis_V1.6-V6.5-SELECTIVE_PRECISION.json,STRONG,TRAITEMENT,antibiotique_adequat_pour,MICRO_ORGANISME,micro_organisme_isole_dans,FOYER_INFECTIEUX,P4_E012,Ponction exploratrice de liquide d'ascite,4,P4_E008,Infection d'ascite,4,"A et C présents sur la même page, B absent du document"
B2_001340,img20250709_16531341_trace_sepsis_V1.6-V6.5-SELECTIVE_PRECISION.json,STRONG,TRAITEMENT,antibiotique_adequat_pour,MICRO_ORGANISME,micro_organisme_isole_dans,FOYER_INFECTIEUX,P4_E012,Ponction exploratrice de liquide d'ascite,4,P4_E064,sinusite sphénoïdale droite,4,"A et C présents sur la même page, B absent du document"
B2_001341,img20250709_16531341_trace_sepsis_V1.6-V6.5-SELECTIVE_PRECISION.json,STRONG,TRAITEMENT,antibiotique_adequat_pour,MICRO_ORGANISME,micro_organisme_isole_dans,FOYER_INFECTIEUX,P4_E012,Ponction exploratrice de liquide d'ascite,4,P4_V66_E002,sinusite sphénoïdale (PL,4,"A et C présents sur la même page, B absent du document"
B2_001342,img20250709_16531341_trace_sepsis_V1.6-V6.5-SELECTIVE_PRECISION.json,MEDIUM,TRAITEMENT,antibiotique_adequat_pour,MICRO_ORGANISME,micro_organisme_isole_dans,FOYER_INFECTIEUX,P4_E014,albumine 5%,4,P2_V66_E002,sinusite sphénoïdale du côté droit,2,"A et C présents dans le document, B absent du document"
B2_001343,img20250709_16531341_trace_sepsis_V1.6-V6.5-SELECTIVE_PRECISION.json,STRONG,TRAITEMENT,antibiotique_adequat_pour,MICRO_ORGANISME,micro_organisme_isole_dans,FOYER_INFECTIEUX,P4_E014,albumine 5%,4,P4_E008,Infection d'ascite,4,"A et C présents sur la même page, B absent du document"
B2_001344,img20250709_16531341_trace_sepsis_V1.6-V6.5-SELECTIVE_PRECISION.json,STRONG,TRAITEMENT,antibiotique_adequat_pour,MICRO_ORGANISME,micro_organisme_isole_dans,FOYER_INFECTIEUX,P4_E014,albumine 5%,4,P4_E064,sinusite sphénoïdale droite,4,"A et C présents sur la même page, B absent du document"
B2_001345,img20250709_16531341_trace_sepsis_V1.6-V6.5-SELECTIVE_PRECISION.json,STRONG,TRAITEMENT,antibiotique_adequat_pour,MICRO_ORGANISME,micro_organisme_isole_dans,FOYER_INFECTIEUX,P4_E014,albumine 5%,4,P4_V66_E002,sinusite sphénoïdale (PL,4,"A et C présents sur la même page, B absent du document"
B2_001346,img20250709_16531341_trace_sepsis_V1.6-V6.5-SELECTIVE_PRECISION.json,MEDIUM,TRAITEMENT,antibiotique_adequat_pour,MICRO_ORGANISME,micro_organisme_isole_dans,FOYER_INFECTIEUX,P4_E016,Pentothal,4,P2_V66_E002,sinusite sphénoïdale du côté droit,2,"A et C présents dans le document, B absent du document"
B2_001347,img20250709_16531341_trace_sepsis_V1.6-V6.5-SELECTIVE_PRECISION.json,STRONG,TRAITEMENT,antibiotique_adequat_pour,MICRO_ORGANISME,micro_organisme_isole_dans,FOYER_INFECTIEUX,P4_E016,Pentothal,4,P4_E008,Infection d'ascite,4,"A et C présents sur la même page, B absent du document"
B2_001348,img20250709_16531341_trace_sepsis_V1.6-V6.5-SELECTIVE_PRECISION.json,STRONG,TRAITEMENT,antibiotique_adequat_pour,MICRO_ORGANISME,micro_organisme_isole_dans,FOYER_INFECTIEUX,P4_E016,Pentothal,4,P4_E064,sinusite sphénoïdale droite,4,"A et C présents sur la même page, B absent du document"
B2_001349,img20250709_16531341_trace_sepsis_V1.6-V6.5-SELECTIVE_PRECISION.json,STRONG,TRAITEMENT,antibiotique_adequat_pour,MICRO_ORGANISME,micro_organisme_isole_dans,FOYER_INFECTIEUX,P4_E016,Pentothal,4,P4_V66_E002,sinusite sphénoïdale (PL,4,"A et C présents sur la même page, B absent du document"
B2_001350,img20250709_16531341_trace_sepsis_V1.6-V6.5-SELECTIVE_PRECISION.json,MEDIUM,TRAITEMENT,antibiotique_adequat_pour,MICRO_ORGANISME,micro_organisme_isole_dans,FOYER_INFECTIEUX,P4_E017,Hypnovel,4,P2_V66_E002,sinusite sphénoïdale du côté droit,2,"A et C présents dans le document, B absent du document"
B2_001351,img20250709_16531341_trace_sepsis_V1.6-V6.5-SELECTIVE_PRECISION.json,STRONG,TRAITEMENT,antibiotique_adequat_pour,MICRO_ORGANISME,micro_organisme_isole_dans,FOYER_INFECTIEUX,P4_E017,Hypnovel,4,P4_E008,Infection d'ascite,4,"A et C présents sur la même page, B absent du document"
B2_001352,img20250709_16531341_trace_sepsis_V1.6-V6.5-SELECTIVE_PRECISION.json,STRONG,TRAITEMENT,antibiotique_adequat_pour,MICRO_ORGANISME,micro_organisme_isole_dans,FOYER_INFECTIEUX,P4_E017,Hypnovel,4,P4_E064,sinusite sphénoïdale droite,4,"A et C présents sur la même page, B absent du document"
B2_001353,img20250709_16531341_trace_sepsis_V1.6-V6.5-SELECTIVE_PRECISION.json,STRONG,TRAITEMENT,antibiotique_adequat_pour,MICRO_ORGANISME,micro_organisme_isole_dans,FOYER_INFECTIEUX,P4_E017,Hypnovel,4,P4_V66_E002,sinusite sphénoïdale (PL,4,"A et C présents sur la même page, B absent du document"
B2_001354,img20250709_16531341_trace_sepsis_V1.6-V6.5-SELECTIVE_PRECISION.json,MEDIUM,TRAITEMENT,antibiotique_adequat_pour,MICRO_ORGANISME,micro_organisme_isole_dans,FOYER_INFECTIEUX,P4_E018,diprivan,4,P2_V66_E002,sinusite sphénoïdale du côté droit,2,"A et C présents dans le document, B absent du document"
B2_001355,img20250709_16531341_trace_sepsis_V1.6-V6.5-SELECTIVE_PRECISION.json,STRONG,TRAITEMENT,antibiotique_adequat_pour,MICRO_ORGANISME,micro_organisme_isole_dans,FOYER_INFECTIEUX,P4_E018,diprivan,4,P4_E008,Infection d'ascite,4,"A et C présents sur la même page, B absent du document"
B2_001356,img20250709_16531341_trace_sepsis_V1.6-V6.5-SELECTIVE_PRECISION.json,STRONG,TRAITEMENT,antibiotique_adequat_pour,MICRO_ORGANISME,micro_organisme_isole_dans,FOYER_INFECTIEUX,P4_E018,diprivan,4,P4_E064,sinusite sphénoïdale droite,4,"A et C présents sur la même page, B absent du document"
B2_001357,img20250709_16531341_trace_sepsis_V1.6-V6.5-SELECTIVE_PRECISION.json,STRONG,TRAITEMENT,antibiotique_adequat_pour,MICRO_ORGANISME,micro_organisme_isole_dans,FOYER_INFECTIEUX,P4_E018,diprivan,4,P4_V66_E002,sinusite sphénoïdale (PL,4,"A et C présents sur la même page, B absent du document"
B2_001358,img20250709_16531341_trace_sepsis_V1.6-V6.5-SELECTIVE_PRECISION.json,MEDIUM,TRAITEMENT,antibiotique_adequat_pour,MICRO_ORGANISME,micro_organisme_isole_dans,FOYER_INFECTIEUX,P4_E019,rivotril,4,P2_V66_E002,sinusite sphénoïdale du côté droit,2,"A et C présents dans le document, B absent du document"
B2_001359,img20250709_16531341_trace_sepsis_V1.6-V6.5-SELECTIVE_PRECISION.json,STRONG,TRAITEMENT,antibiotique_adequat_pour,MICRO_ORGANISME,micro_organisme_isole_dans,FOYER_INFECTIEUX,P4_E019,rivotril,4,P4_E008,Infection d'ascite,4,"A et C présents sur la même page, B absent du document"
B2_001360,img20250709_16531341_trace_sepsis_V1.6-V6.5-SELECTIVE_PRECISION.json,STRONG,TRAITEMENT,antibiotique_adequat_pour,MICRO_ORGANISME,micro_organisme_isole_dans,FOYER_INFECTIEUX,P4_E019,rivotril,4,P4_E064,sinusite sphénoïdale droite,4,"A et C présents sur la même page, B absent du document"
B2_001361,img20250709_16531341_trace_sepsis_V1.6-V6.5-SELECTIVE_PRECISION.json,STRONG,TRAITEMENT,antibiotique_adequat_pour,MICRO_ORGANISME,micro_organisme_isole_dans,FOYER_INFECTIEUX,P4_E019,rivotril,4,P4_V66_E002,sinusite sphénoïdale (PL,4,"A et C présents sur la même page, B absent du document"
B2_001362,img20250709_16531341_trace_sepsis_V1.6-V6.5-SELECTIVE_PRECISION.json,MEDIUM,TRAITEMENT,antibiotique_adequat_pour,MICRO_ORGANISME,micro_organisme_isole_dans,FOYER_INFECTIEUX,P4_E020,dilantin,4,P2_V66_E002,sinusite sphénoïdale du côté droit,2,"A et C présents dans le document, B absent du document"
B2_001363,img20250709_16531341_trace_sepsis_V1.6-V6.5-SELECTIVE_PRECISION.json,STRONG,TRAITEMENT,antibiotique_adequat_pour,MICRO_ORGANISME,micro_organisme_isole_dans,FOYER_INFECTIEUX,P4_E020,dilantin,4,P4_E008,Infection d'ascite,4,"A et C présents sur la même page, B absent du document"
B2_001364,img20250709_16531341_trace_sepsis_V1.6-V6.5-SELECTIVE_PRECISION.json,STRONG,TRAITEMENT,antibiotique_adequat_pour,MICRO_ORGANISME,micro_organisme_isole_dans,FOYER_INFECTIEUX,P4_E020,dilantin,4,P4_E064,sinusite sphénoïdale droite,4,"A et C présents sur la même page, B absent du document"
B2_001365,img20250709_16531341_trace_sepsis_V1.6-V6.5-SELECTIVE_PRECISION.json,STRONG,TRAITEMENT,antibiotique_adequat_pour,MICRO_ORGANISME,micro_organisme_isole_dans,FOYER_INFECTIEUX,P4_E020,dilantin,4,P4_V66_E002,sinusite sphénoïdale (PL,4,"A et C présents sur la même page, B absent du document"
B2_001366,img20250709_16531341_trace_sepsis_V1.6-V6.5-SELECTIVE_PRECISION.json,MEDIUM,TRAITEMENT,antibiotique_adequat_pour,MICRO_ORGANISME,micro_organisme_isole_dans,FOYER_INFECTIEUX,P4_E021,gardenal,4,P2_V66_E002,sinusite sphénoïdale du côté droit,2,"A et C présents dans le document, B absent du document"
B2_001367,img20250709_16531341_trace_sepsis_V1.6-V6.5-SELECTIVE_PRECISION.json,STRONG,TRAITEMENT,antibiotique_adequat_pour,MICRO_ORGANISME,micro_organisme_isole_dans,FOYER_INFECTIEUX,P4_E021,gardenal,4,P4_E008,Infection d'ascite,4,"A et C présents sur la même page, B absent du document"
B2_001368,img20250709_16531341_trace_sepsis_V1.6-V6.5-SELECTIVE_PRECISION.json,STRONG,TRAITEMENT,antibiotique_adequat_pour,MICRO_ORGANISME,micro_organisme_isole_dans,FOYER_INFECTIEUX,P4_E021,gardenal,4,P4_E064,sinusite sphénoïdale droite,4,"A et C présents sur la même page, B absent du document"
B2_001369,img20250709_16531341_trace_sepsis_V1.6-V6.5-SELECTIVE_PRECISION.json,STRONG,TRAITEMENT,antibiotique_adequat_pour,MICRO_ORGANISME,micro_organisme_isole_dans,FOYER_INFECTIEUX,P4_E021,gardenal,4,P4_V66_E002,sinusite sphénoïdale (PL,4,"A et C présents sur la même page, B absent du document"
B2_001370,img20250709_16531341_trace_sepsis_V1.6-V6.5-SELECTIVE_PRECISION.json,MEDIUM,TRAITEMENT,antibiotique_adequat_pour,MICRO_ORGANISME,micro_organisme_isole_dans,FOYER_INFECTIEUX,P4_E054,Transfusion,4,P2_V66_E002,sinusite sphénoïdale du côté droit,2,"A et C présents dans le document, B absent du document"
B2_001371,img20250709_16531341_trace_sepsis_V1.6-V6.5-SELECTIVE_PRECISION.json,STRONG,TRAITEMENT,antibiotique_adequat_pour,MICRO_ORGANISME,micro_organisme_isole_dans,FOYER_INFECTIEUX,P4_E054,Transfusion,4,P4_E008,Infection d'ascite,4,"A et C présents sur la même page, B absent du document"
B2_001372,img20250709_16531341_trace_sepsis_V1.6-V6.5-SELECTIVE_PRECISION.json,STRONG,TRAITEMENT,antibiotique_adequat_pour,MICRO_ORGANISME,micro_organisme_isole_dans,FOYER_INFECTIEUX,P4_E054,Transfusion,4,P4_E064,sinusite sphénoïdale droite,4,"A et C présents sur la même page, B absent du document"
B2_001373,img20250709_16531341_trace_sepsis_V1.6-V6.5-SELECTIVE_PRECISION.json,STRONG,TRAITEMENT,antibiotique_adequat_pour,MICRO_ORGANISME,micro_organisme_isole_dans,FOYER_INFECTIEUX,P4_E054,Transfusion,4,P4_V66_E002,sinusite sphénoïdale (PL,4,"A et C présents sur la même page, B absent du document"
B2_001374,img20250709_16531341_trace_sepsis_V1.6-V6.5-SELECTIVE_PRECISION.json,MEDIUM,TRAITEMENT,antibiotique_adequat_pour,MICRO_ORGANISME,micro_organisme_isole_dans,FOYER_INFECTIEUX,P4_E055,O2,4,P2_V66_E002,sinusite sphénoïdale du côté droit,2,"A et C présents dans le document, B absent du document"
B2_001375,img20250709_16531341_trace_sepsis_V1.6-V6.5-SELECTIVE_PRECISION.json,STRONG,TRAITEMENT,antibiotique_adequat_pour,MICRO_ORGANISME,micro_organisme_isole_dans,FOYER_INFECTIEUX,P4_E055,O2,4,P4_E008,Infection d'ascite,4,"A et C présents sur la même page, B absent du document"
B2_001376,img20250709_16531341_trace_sepsis_V1.6-V6.5-SELECTIVE_PRECISION.json,STRONG,TRAITEMENT,antibiotique_adequat_pour,MICRO_ORGANISME,micro_organisme_isole_dans,FOYER_INFECTIEUX,P4_E055,O2,4,P4_E064,sinusite sphénoïdale droite,4,"A et C présents sur la même page, B absent du document"
B2_001377,img20250709_16531341_trace_sepsis_V1.6-V6.5-SELECTIVE_PRECISION.json,STRONG,TRAITEMENT,antibiotique_adequat_pour,MICRO_ORGANISME,micro_organisme_isole_dans,FOYER_INFECTIEUX,P4_E055,O2,4,P4_V66_E002,sinusite sphénoïdale (PL,4,"A et C présents sur la même page, B absent du document"
B2_001378,img20250709_16531341_trace_sepsis_V1.6-V6.5-SELECTIVE_PRECISION.json,MEDIUM,TRAITEMENT,antibiotique_adequat_pour,MICRO_ORGANISME,micro_organisme_isole_dans,FOYER_INFECTIEUX,P4_V65_002,AUGMENTIN,4,P2_V66_E002,sinusite sphénoïdale du côté droit,2,"A et C présents dans le document, B absent du document"
B2_001379,img20250709_16531341_trace_sepsis_V1.6-V6.5-SELECTIVE_PRECISION.json,STRONG,TRAITEMENT,antibiotique_adequat_pour,MICRO_ORGANISME,micro_organisme_isole_dans,FOYER_INFECTIEUX,P4_V65_002,AUGMENTIN,4,P4_E008,Infection d'ascite,4,"A et C présents sur la même page, B absent du document"
B2_001380,img20250709_16531341_trace_sepsis_V1.6-V6.5-SELECTIVE_PRECISION.json,STRONG,TRAITEMENT,antibiotique_adequat_pour,MICRO_ORGANISME,micro_organisme_isole_dans,FOYER_INFECTIEUX,P4_V65_002,AUGMENTIN,4,P4_E064,sinusite sphénoïdale droite,4,"A et C présents sur la même page, B absent du document"
B2_001381,img20250709_16531341_trace_sepsis_V1.6-V6.5-SELECTIVE_PRECISION.json,STRONG,TRAITEMENT,antibiotique_adequat_pour,MICRO_ORGANISME,micro_organisme_isole_dans,FOYER_INFECTIEUX,P4_V65_002,AUGMENTIN,4,P4_V66_E002,sinusite sphénoïdale (PL,4,"A et C présents sur la même page, B absent du document"
B2_001382,img20250709_16531341_trace_sepsis_V1.6-V6.5-SELECTIVE_PRECISION.json,MEDIUM,TRAITEMENT,antibiotique_adequat_pour,MICRO_ORGANISME,micro_organisme_isole_dans,FOYER_INFECTIEUX,P4_V66_E001,IOT,4,P2_V66_E002,sinusite sphénoïdale du côté droit,2,"A et C présents dans le document, B absent du document"
B2_001383,img20250709_16531341_trace_sepsis_V1.6-V6.5-SELECTIVE_PRECISION.json,STRONG,TRAITEMENT,antibiotique_adequat_pour,MICRO_ORGANISME,micro_organisme_isole_dans,FOYER_INFECTIEUX,P4_V66_E001,IOT,4,P4_E008,Infection d'ascite,4,"A et C présents sur la même page, B absent du document"
B2_001384,img20250709_16531341_trace_sepsis_V1.6-V6.5-SELECTIVE_PRECISION.json,STRONG,TRAITEMENT,antibiotique_adequat_pour,MICRO_ORGANISME,micro_organisme_isole_dans,FOYER_INFECTIEUX,P4_V66_E001,IOT,4,P4_E064,sinusite sphénoïdale droite,4,"A et C présents sur la même page, B absent du document"
B2_001385,img20250709_16531341_trace_sepsis_V1.6-V6.5-SELECTIVE_PRECISION.json,STRONG,TRAITEMENT,antibiotique_adequat_pour,MICRO_ORGANISME,micro_organisme_isole_dans,FOYER_INFECTIEUX,P4_V66_E001,IOT,4,P4_V66_E002,sinusite sphénoïdale (PL,4,"A et C présents sur la même page, B absent du document"
B2_001386,img20250709_16531341_trace_sepsis_V1.6-V6.5-SELECTIVE_PRECISION.json,MEDIUM,TRAITEMENT,antibiotique_adequat_pour,MICRO_ORGANISME,micro_organisme_isole_dans,FOYER_INFECTIEUX,P5_E001,ROCEPHINE,5,P2_V66_E002,sinusite sphénoïdale du côté droit,2,"A et C présents dans le document, B absent du document"
B2_001387,img20250709_16531341_trace_sepsis_V1.6-V6.5-SELECTIVE_PRECISION.json,MEDIUM,TRAITEMENT,antibiotique_adequat_pour,MICRO_ORGANISME,micro_organisme_isole_dans,FOYER_INFECTIEUX,P5_E001,ROCEPHINE,5,P4_E008,Infection d'ascite,4,"A et C présents dans le document, B absent du document"
B2_001388,img20250709_16531341_trace_sepsis_V1.6-V6.5-SELECTIVE_PRECISION.json,MEDIUM,TRAITEMENT,antibiotique_adequat_pour,MICRO_ORGANISME,micro_organisme_isole_dans,FOYER_INFECTIEUX,P5_E001,ROCEPHINE,5,P4_E064,sinusite sphénoïdale droite,4,"A et C présents dans le document, B absent du document"
B2_001389,img20250709_16531341_trace_sepsis_V1.6-V6.5-SELECTIVE_PRECISION.json,MEDIUM,TRAITEMENT,antibiotique_adequat_pour,MICRO_ORGANISME,micro_organisme_isole_dans,FOYER_INFECTIEUX,P5_E001,ROCEPHINE,5,P4_V66_E002,sinusite sphénoïdale (PL,4,"A et C présents dans le document, B absent du document"
B2_001390,img20250709_16531341_trace_sepsis_V1.6-V6.5-SELECTIVE_PRECISION.json,MEDIUM,TRAITEMENT,antibiotique_adequat_pour,MICRO_ORGANISME,micro_organisme_isole_dans,FOYER_INFECTIEUX,P5_E002,tienam,5,P2_V66_E002,sinusite sphénoïdale du côté droit,2,"A et C présents dans le document, B absent du document"
B2_001391,img20250709_16531341_trace_sepsis_V1.6-V6.5-SELECTIVE_PRECISION.json,MEDIUM,TRAITEMENT,antibiotique_adequat_pour,MICRO_ORGANISME,micro_organisme_isole_dans,FOYER_INFECTIEUX,P5_E002,tienam,5,P4_E008,Infection d'ascite,4,"A et C présents dans le document, B absent du document"
B2_001392,img20250709_16531341_trace_sepsis_V1.6-V6.5-SELECTIVE_PRECISION.json,MEDIUM,TRAITEMENT,antibiotique_adequat_pour,MICRO_ORGANISME,micro_organisme_isole_dans,FOYER_INFECTIEUX,P5_E002,tienam,5,P4_E064,sinusite sphénoïdale droite,4,"A et C présents dans le document, B absent du document"
B2_001393,img20250709_16531341_trace_sepsis_V1.6-V6.5-SELECTIVE_PRECISION.json,MEDIUM,TRAITEMENT,antibiotique_adequat_pour,MICRO_ORGANISME,micro_organisme_isole_dans,FOYER_INFECTIEUX,P5_E002,tienam,5,P4_V66_E002,sinusite sphénoïdale (PL,4,"A et C présents dans le document, B absent du document"
B2_001394,img20250709_16531341_trace_sepsis_V1.6-V6.5-SELECTIVE_PRECISION.json,MEDIUM,TRAITEMENT,antibiotique_adequat_pour,MICRO_ORGANISME,micro_organisme_isole_dans,FOYER_INFECTIEUX,P5_E003,amiklin,5,P2_V66_E002,sinusite sphénoïdale du côté droit,2,"A et C présents dans le document, B absent du document"
B2_001395,img20250709_16531341_trace_sepsis_V1.6-V6.5-SELECTIVE_PRECISION.json,MEDIUM,TRAITEMENT,antibiotique_adequat_pour,MICRO_ORGANISME,micro_organisme_isole_dans,FOYER_INFECTIEUX,P5_E003,amiklin,5,P4_E008,Infection d'ascite,4,"A et C présents dans le document, B absent du document"
B2_001396,img20250709_16531341_trace_sepsis_V1.6-V6.5-SELECTIVE_PRECISION.json,MEDIUM,TRAITEMENT,antibiotique_adequat_pour,MICRO_ORGANISME,micro_organisme_isole_dans,FOYER_INFECTIEUX,P5_E003,amiklin,5,P4_E064,sinusite sphénoïdale droite,4,"A et C présents dans le document, B absent du document"
B2_001397,img20250709_16531341_trace_sepsis_V1.6-V6.5-SELECTIVE_PRECISION.json,MEDIUM,TRAITEMENT,antibiotique_adequat_pour,MICRO_ORGANISME,micro_organisme_isole_dans,FOYER_INFECTIEUX,P5_E003,amiklin,5,P4_V66_E002,sinusite sphénoïdale (PL,4,"A et C présents dans le document, B absent du document"
B2_001398,img20250709_16531341_trace_sepsis_V1.6-V6.5-SELECTIVE_PRECISION.json,MEDIUM,TRAITEMENT,antibiotique_adequat_pour,MICRO_ORGANISME,micro_organisme_isole_dans,FOYER_INFECTIEUX,P5_E004,sufenta,5,P2_V66_E002,sinusite sphénoïdale du côté droit,2,"A et C présents dans le document, B absent du document"
B2_001399,img20250709_16531341_trace_sepsis_V1.6-V6.5-SELECTIVE_PRECISION.json,MEDIUM,TRAITEMENT,antibiotique_adequat_pour,MICRO_ORGANISME,micro_organisme_isole_dans,FOYER_INFECTIEUX,P5_E004,sufenta,5,P4_E008,Infection d'ascite,4,"A et C présents dans le document, B absent du document"
B2_001400,img20250709_16531341_trace_sepsis_V1.6-V6.5-SELECTIVE_PRECISION.json,MEDIUM,TRAITEMENT,antibiotique_adequat_pour,MICRO_ORGANISME,micro_organisme_isole_dans,FOYER_INFECTIEUX,P5_E004,sufenta,5,P4_E064,sinusite sphénoïdale droite,4,"A et C présents dans le document, B absent du document"
B2_001401,img20250709_16531341_trace_sepsis_V1.6-V6.5-SELECTIVE_PRECISION.json,MEDIUM,TRAITEMENT,antibiotique_adequat_pour,MICRO_ORGANISME,micro_organisme_isole_dans,FOYER_INFECTIEUX,P5_E004,sufenta,5,P4_V66_E002,sinusite sphénoïdale (PL,4,"A et C présents dans le document, B absent du document"
B2_001402,img20250709_16531341_trace_sepsis_V1.6-V6.5-SELECTIVE_PRECISION.json,MEDIUM,TRAITEMENT,antibiotique_adequat_pour,MICRO_ORGANISME,micro_organisme_isole_dans,FOYER_INFECTIEUX,P5_E006,noradrénaline,5,P2_V66_E002,sinusite sphénoïdale du côté droit,2,"A et C présents dans le document, B absent du document"
B2_001403,img20250709_16531341_trace_sepsis_V1.6-V6.5-SELECTIVE_PRECISION.json,MEDIUM,TRAITEMENT,antibiotique_adequat_pour,MICRO_ORGANISME,micro_organisme_isole_dans,FOYER_INFECTIEUX,P5_E006,noradrénaline,5,P4_E008,Infection d'ascite,4,"A et C présents dans le document, B absent du document"
B2_001404,img20250709_16531341_trace_sepsis_V1.6-V6.5-SELECTIVE_PRECISION.json,MEDIUM,TRAITEMENT,antibiotique_adequat_pour,MICRO_ORGANISME,micro_organisme_isole_dans,FOYER_INFECTIEUX,P5_E006,noradrénaline,5,P4_E064,sinusite sphénoïdale droite,4,"A et C présents dans le document, B absent du document"
B2_001405,img20250709_16531341_trace_sepsis_V1.6-V6.5-SELECTIVE_PRECISION.json,MEDIUM,TRAITEMENT,antibiotique_adequat_pour,MICRO_ORGANISME,micro_organisme_isole_dans,FOYER_INFECTIEUX,P5_E006,noradrénaline,5,P4_V66_E002,sinusite sphénoïdale (PL,4,"A et C présents dans le document, B absent du document"
B2_001406,img20250709_16531341_trace_sepsis_V1.6-V6.5-SELECTIVE_PRECISION.json,MEDIUM,TRAITEMENT,antibiotique_adequat_pour,MICRO_ORGANISME,micro_organisme_isole_dans,FOYER_INFECTIEUX,P5_E008,dialyse,5,P2_V66_E002,sinusite sphénoïdale du côté droit,2,"A et C présents dans le document, B absent du document"
B2_001407,img20250709_16531341_trace_sepsis_V1.6-V6.5-SELECTIVE_PRECISION.json,MEDIUM,TRAITEMENT,antibiotique_adequat_pour,MICRO_ORGANISME,micro_organisme_isole_dans,FOYER_INFECTIEUX,P5_E008,dialyse,5,P4_E008,Infection d'ascite,4,"A et C présents dans le document, B absent du document"
B2_001408,img20250709_16531341_trace_sepsis_V1.6-V6.5-SELECTIVE_PRECISION.json,MEDIUM,TRAITEMENT,antibiotique_adequat_pour,MICRO_ORGANISME,micro_organisme_isole_dans,FOYER_INFECTIEUX,P5_E008,dialyse,5,P4_E064,sinusite sphénoïdale droite,4,"A et C présents dans le document, B absent du document"
B2_001409,img20250709_16531341_trace_sepsis_V1.6-V6.5-SELECTIVE_PRECISION.json,MEDIUM,TRAITEMENT,antibiotique_adequat_pour,MICRO_ORGANISME,micro_organisme_isole_dans,FOYER_INFECTIEUX,P5_E008,dialyse,5,P4_V66_E002,sinusite sphénoïdale (PL,4,"A et C présents dans le document, B absent du document"
B2_001410,img20250709_16531341_trace_sepsis_V1.6-V6.5-SELECTIVE_PRECISION.json,MEDIUM,TRAITEMENT,antibiotique_adequat_pour,MICRO_ORGANISME,micro_organisme_isole_dans,FOYER_INFECTIEUX,P5_E015,Transfusion,5,P2_V66_E002,sinusite sphénoïdale du côté droit,2,"A et C présents dans le document, B absent du document"
B2_001411,img20250709_16531341_trace_sepsis_V1.6-V6.5-SELECTIVE_PRECISION.json,MEDIUM,TRAITEMENT,antibiotique_adequat_pour,MICRO_ORGANISME,micro_organisme_isole_dans,FOYER_INFECTIEUX,P5_E015,Transfusion,5,P4_E008,Infection d'ascite,4,"A et C présents dans le document, B absent du document"
B2_001412,img20250709_16531341_trace_sepsis_V1.6-V6.5-SELECTIVE_PRECISION.json,MEDIUM,TRAITEMENT,antibiotique_adequat_pour,MICRO_ORGANISME,micro_organisme_isole_dans,FOYER_INFECTIEUX,P5_E015,Transfusion,5,P4_E064,sinusite sphénoïdale droite,4,"A et C présents dans le document, B absent du document"
B2_001413,img20250709_16531341_trace_sepsis_V1.6-V6.5-SELECTIVE_PRECISION.json,MEDIUM,TRAITEMENT,antibiotique_adequat_pour,MICRO_ORGANISME,micro_organisme_isole_dans,FOYER_INFECTIEUX,P5_E015,Transfusion,5,P4_V66_E002,sinusite sphénoïdale (PL,4,"A et C présents dans le document, B absent du document"
B2_001414,img20250709_16531341_trace_sepsis_V1.6-V6.5-SELECTIVE_PRECISION.json,MEDIUM,TRAITEMENT,antibiotique_inadequat_pour,MICRO_ORGANISME,micro_organisme_isole_dans,FOYER_INFECTIEUX,P1_E004,aVLOCARDYL,1,P2_V66_E002,sinusite sphénoïdale du côté droit,2,"A et C présents dans le document, B absent du document"
B2_001415,img20250709_16531341_trace_sepsis_V1.6-V6.5-SELECTIVE_PRECISION.json,MEDIUM,TRAITEMENT,antibiotique_inadequat_pour,MICRO_ORGANISME,micro_organisme_isole_dans,FOYER_INFECTIEUX,P1_E004,aVLOCARDYL,1,P4_E008,Infection d'ascite,4,"A et C présents dans le document, B absent du document"
B2_001416,img20250709_16531341_trace_sepsis_V1.6-V6.5-SELECTIVE_PRECISION.json,MEDIUM,TRAITEMENT,antibiotique_inadequat_pour,MICRO_ORGANISME,micro_organisme_isole_dans,FOYER_INFECTIEUX,P1_E004,aVLOCARDYL,1,P4_E064,sinusite sphénoïdale droite,4,"A et C présents dans le document, B absent du document"
B2_001417,img20250709_16531341_trace_sepsis_V1.6-V6.5-SELECTIVE_PRECISION.json,MEDIUM,TRAITEMENT,antibiotique_inadequat_pour,MICRO_ORGANISME,micro_organisme_isole_dans,FOYER_INFECTIEUX,P1_E004,aVLOCARDYL,1,P4_V66_E002,sinusite sphénoïdale (PL,4,"A et C présents dans le document, B absent du document"
B2_001418,img20250709_16531341_trace_sepsis_V1.6-V6.5-SELECTIVE_PRECISION.json,MEDIUM,TRAITEMENT,antibiotique_inadequat_pour,MICRO_ORGANISME,micro_organisme_isole_dans,FOYER_INFECTIEUX,P1_E006,INEXIUM,1,P2_V66_E002,sinusite sphénoïdale du côté droit,2,"A et C présents dans le document, B absent du document"
B2_001419,img20250709_16531341_trace_sepsis_V1.6-V6.5-SELECTIVE_PRECISION.json,MEDIUM,TRAITEMENT,antibiotique_inadequat_pour,MICRO_ORGANISME,micro_organisme_isole_dans,FOYER_INFECTIEUX,P1_E006,INEXIUM,1,P4_E008,Infection d'ascite,4,"A et C présents dans le document, B absent du document"
B2_001420,img20250709_16531341_trace_sepsis_V1.6-V6.5-SELECTIVE_PRECISION.json,MEDIUM,TRAITEMENT,antibiotique_inadequat_pour,MICRO_ORGANISME,micro_organisme_isole_dans,FOYER_INFECTIEUX,P1_E006,INEXIUM,1,P4_E064,sinusite sphénoïdale droite,4,"A et C présents dans le document, B absent du document"
B2_001421,img20250709_16531341_trace_sepsis_V1.6-V6.5-SELECTIVE_PRECISION.json,MEDIUM,TRAITEMENT,antibiotique_inadequat_pour,MICRO_ORGANISME,micro_organisme_isole_dans,FOYER_INFECTIEUX,P1_E006,INEXIUM,1,P4_V66_E002,sinusite sphénoïdale (PL,4,"A et C présents dans le document, B absent du document"
B2_001422,img20250709_16531341_trace_sepsis_V1.6-V6.5-SELECTIVE_PRECISION.json,MEDIUM,TRAITEMENT,antibiotique_inadequat_pour,MICRO_ORGANISME,micro_organisme_isole_dans,FOYER_INFECTIEUX,P1_E008,Noroxine,1,P2_V66_E002,sinusite sphénoïdale du côté droit,2,"A et C présents dans le document, B absent du document"
B2_001423,img20250709_16531341_trace_sepsis_V1.6-V6.5-SELECTIVE_PRECISION.json,MEDIUM,TRAITEMENT,antibiotique_inadequat_pour,MICRO_ORGANISME,micro_organisme_isole_dans,FOYER_INFECTIEUX,P1_E008,Noroxine,1,P4_E008,Infection d'ascite,4,"A et C présents dans le document, B absent du document"
B2_001424,img20250709_16531341_trace_sepsis_V1.6-V6.5-SELECTIVE_PRECISION.json,MEDIUM,TRAITEMENT,antibiotique_inadequat_pour,MICRO_ORGANISME,micro_organisme_isole_dans,FOYER_INFECTIEUX,P1_E008,Noroxine,1,P4_E064,sinusite sphénoïdale droite,4,"A et C présents dans le document, B absent du document"
B2_001425,img20250709_16531341_trace_sepsis_V1.6-V6.5-SELECTIVE_PRECISION.json,MEDIUM,TRAITEMENT,antibiotique_inadequat_pour,MICRO_ORGANISME,micro_organisme_isole_dans,FOYER_INFECTIEUX,P1_E008,Noroxine,1,P4_V66_E002,sinusite sphénoïdale (PL,4,"A et C présents dans le document, B absent du document"
B2_001426,img20250709_16531341_trace_sepsis_V1.6-V6.5-SELECTIVE_PRECISION.json,MEDIUM,TRAITEMENT,antibiotique_inadequat_pour,MICRO_ORGANISME,micro_organisme_isole_dans,FOYER_INFECTIEUX,P1_E010,Nacl en gélule,1,P2_V66_E002,sinusite sphénoïdale du côté droit,2,"A et C présents dans le document, B absent du document"
B2_001427,img20250709_16531341_trace_sepsis_V1.6-V6.5-SELECTIVE_PRECISION.json,MEDIUM,TRAITEMENT,antibiotique_inadequat_pour,MICRO_ORGANISME,micro_organisme_isole_dans,FOYER_INFECTIEUX,P1_E010,Nacl en gélule,1,P4_E008,Infection d'ascite,4,"A et C présents dans le document, B absent du document"
B2_001428,img20250709_16531341_trace_sepsis_V1.6-V6.5-SELECTIVE_PRECISION.json,MEDIUM,TRAITEMENT,antibiotique_inadequat_pour,MICRO_ORGANISME,micro_organisme_isole_dans,FOYER_INFECTIEUX,P1_E010,Nacl en gélule,1,P4_E064,sinusite sphénoïdale droite,4,"A et C présents dans le document, B absent du document"
B2_001429,img20250709_16531341_trace_sepsis_V1.6-V6.5-SELECTIVE_PRECISION.json,MEDIUM,TRAITEMENT,antibiotique_inadequat_pour,MICRO_ORGANISME,micro_organisme_isole_dans,FOYER_INFECTIEUX,P1_E010,Nacl en gélule,1,P4_V66_E002,sinusite sphénoïdale (PL,4,"A et C présents dans le document, B absent du document"
B2_001430,img20250709_16531341_trace_sepsis_V1.6-V6.5-SELECTIVE_PRECISION.json,MEDIUM,TRAITEMENT,antibiotique_inadequat_pour,MICRO_ORGANISME,micro_organisme_isole_dans,FOYER_INFECTIEUX,P1_E012,seresta,1,P2_V66_E002,sinusite sphénoïdale du côté droit,2,"A et C présents dans le document, B absent du document"
B2_001431,img20250709_16531341_trace_sepsis_V1.6-V6.5-SELECTIVE_PRECISION.json,MEDIUM,TRAITEMENT,antibiotique_inadequat_pour,MICRO_ORGANISME,micro_organisme_isole_dans,FOYER_INFECTIEUX,P1_E012,seresta,1,P4_E008,Infection d'ascite,4,"A et C présents dans le document, B absent du document"
B2_001432,img20250709_16531341_trace_sepsis_V1.6-V6.5-SELECTIVE_PRECISION.json,MEDIUM,TRAITEMENT,antibiotique_inadequat_pour,MICRO_ORGANISME,micro_organisme_isole_dans,FOYER_INFECTIEUX,P1_E012,seresta,1,P4_E064,sinusite sphénoïdale droite,4,"A et C présents dans le document, B absent du document"
B2_001433,img20250709_16531341_trace_sepsis_V1.6-V6.5-SELECTIVE_PRECISION.json,MEDIUM,TRAITEMENT,antibiotique_inadequat_pour,MICRO_ORGANISME,micro_organisme_isole_dans,FOYER_INFECTIEUX,P1_E012,seresta,1,P4_V66_E002,sinusite sphénoïdale (PL,4,"A et C présents dans le document, B absent du document"
B2_001434,img20250709_16531341_trace_sepsis_V1.6-V6.5-SELECTIVE_PRECISION.json,MEDIUM,TRAITEMENT,antibiotique_inadequat_pour,MICRO_ORGANISME,micro_organisme_isole_dans,FOYER_INFECTIEUX,P1_E014,duphalac,1,P2_V66_E002,sinusite sphénoïdale du côté droit,2,"A et C présents dans le document, B absent du document"
B2_001435,img20250709_16531341_trace_sepsis_V1.6-V6.5-SELECTIVE_PRECISION.json,MEDIUM,TRAITEMENT,antibiotique_inadequat_pour,MICRO_ORGANISME,micro_organisme_isole_dans,FOYER_INFECTIEUX,P1_E014,duphalac,1,P4_E008,Infection d'ascite,4,"A et C présents dans le document, B absent du document"
B2_001436,img20250709_16531341_trace_sepsis_V1.6-V6.5-SELECTIVE_PRECISION.json,MEDIUM,TRAITEMENT,antibiotique_inadequat_pour,MICRO_ORGANISME,micro_organisme_isole_dans,FOYER_INFECTIEUX,P1_E014,duphalac,1,P4_E064,sinusite sphénoïdale droite,4,"A et C présents dans le document, B absent du document"
B2_001437,img20250709_16531341_trace_sepsis_V1.6-V6.5-SELECTIVE_PRECISION.json,MEDIUM,TRAITEMENT,antibiotique_inadequat_pour,MICRO_ORGANISME,micro_organisme_isole_dans,FOYER_INFECTIEUX,P1_E014,duphalac,1,P4_V66_E002,sinusite sphénoïdale (PL,4,"A et C présents dans le document, B absent du document"
B2_001438,img20250709_16531341_trace_sepsis_V1.6-V6.5-SELECTIVE_PRECISION.json,MEDIUM,TRAITEMENT,antibiotique_inadequat_pour,MICRO_ORGANISME,micro_organisme_isole_dans,FOYER_INFECTIEUX,P1_E016,acupan,1,P2_V66_E002,sinusite sphénoïdale du côté droit,2,"A et C présents dans le document, B absent du document"
B2_001439,img20250709_16531341_trace_sepsis_V1.6-V6.5-SELECTIVE_PRECISION.json,MEDIUM,TRAITEMENT,antibiotique_inadequat_pour,MICRO_ORGANISME,micro_organisme_isole_dans,FOYER_INFECTIEUX,P1_E016,acupan,1,P4_E008,Infection d'ascite,4,"A et C présents dans le document, B absent du document"
B2_001440,img20250709_16531341_trace_sepsis_V1.6-V6.5-SELECTIVE_PRECISION.json,MEDIUM,TRAITEMENT,antibiotique_inadequat_pour,MICRO_ORGANISME,micro_organisme_isole_dans,FOYER_INFECTIEUX,P1_E016,acupan,1,P4_E064,sinusite sphénoïdale droite,4,"A et C présents dans le document, B absent du document"
B2_001441,img20250709_16531341_trace_sepsis_V1.6-V6.5-SELECTIVE_PRECISION.json,MEDIUM,TRAITEMENT,antibiotique_inadequat_pour,MICRO_ORGANISME,micro_organisme_isole_dans,FOYER_INFECTIEUX,P1_E016,acupan,1,P4_V66_E002,sinusite sphénoïdale (PL,4,"A et C présents dans le document, B absent du document"
B2_001442,img20250709_16531341_trace_sepsis_V1.6-V6.5-SELECTIVE_PRECISION.json,MEDIUM,TRAITEMENT,antibiotique_inadequat_pour,MICRO_ORGANISME,micro_organisme_isole_dans,FOYER_INFECTIEUX,P1_E018,Uvedose,1,P2_V66_E002,sinusite sphénoïdale du côté droit,2,"A et C présents dans le document, B absent du document"
B2_001443,img20250709_16531341_trace_sepsis_V1.6-V6.5-SELECTIVE_PRECISION.json,MEDIUM,TRAITEMENT,antibiotique_inadequat_pour,MICRO_ORGANISME,micro_organisme_isole_dans,FOYER_INFECTIEUX,P1_E018,Uvedose,1,P4_E008,Infection d'ascite,4,"A et C présents dans le document, B absent du document"
B2_001444,img20250709_16531341_trace_sepsis_V1.6-V6.5-SELECTIVE_PRECISION.json,MEDIUM,TRAITEMENT,antibiotique_inadequat_pour,MICRO_ORGANISME,micro_organisme_isole_dans,FOYER_INFECTIEUX,P1_E018,Uvedose,1,P4_E064,sinusite sphénoïdale droite,4,"A et C présents dans le document, B absent du document"
B2_001445,img20250709_16531341_trace_sepsis_V1.6-V6.5-SELECTIVE_PRECISION.json,MEDIUM,TRAITEMENT,antibiotique_inadequat_pour,MICRO_ORGANISME,micro_organisme_isole_dans,FOYER_INFECTIEUX,P1_E018,Uvedose,1,P4_V66_E002,sinusite sphénoïdale (PL,4,"A et C présents dans le document, B absent du document"
B2_001446,img20250709_16531341_trace_sepsis_V1.6-V6.5-SELECTIVE_PRECISION.json,MEDIUM,TRAITEMENT,antibiotique_inadequat_pour,MICRO_ORGANISME,micro_organisme_isole_dans,FOYER_INFECTIEUX,P1_E019,fortimel,1,P2_V66_E002,sinusite sphénoïdale du côté droit,2,"A et C présents dans le document, B absent du document"
B2_001447,img20250709_16531341_trace_sepsis_V1.6-V6.5-SELECTIVE_PRECISION.json,MEDIUM,TRAITEMENT,antibiotique_inadequat_pour,MICRO_ORGANISME,micro_organisme_isole_dans,FOYER_INFECTIEUX,P1_E019,fortimel,1,P4_E008,Infection d'ascite,4,"A et C présents dans le document, B absent du document"
B2_001448,img20250709_16531341_trace_sepsis_V1.6-V6.5-SELECTIVE_PRECISION.json,MEDIUM,TRAITEMENT,antibiotique_inadequat_pour,MICRO_ORGANISME,micro_organisme_isole_dans,FOYER_INFECTIEUX,P1_E019,fortimel,1,P4_E064,sinusite sphénoïdale droite,4,"A et C présents dans le document, B absent du document"
B2_001449,img20250709_16531341_trace_sepsis_V1.6-V6.5-SELECTIVE_PRECISION.json,MEDIUM,TRAITEMENT,antibiotique_inadequat_pour,MICRO_ORGANISME,micro_organisme_isole_dans,FOYER_INFECTIEUX,P1_E019,fortimel,1,P4_V66_E002,sinusite sphénoïdale (PL,4,"A et C présents dans le document, B absent du document"
B2_001450,img20250709_16531341_trace_sepsis_V1.6-V6.5-SELECTIVE_PRECISION.json,MEDIUM,TRAITEMENT,antibiotique_inadequat_pour,MICRO_ORGANISME,micro_organisme_isole_dans,FOYER_INFECTIEUX,P1_E021,protilar,1,P2_V66_E002,sinusite sphénoïdale du côté droit,2,"A et C présents dans le document, B absent du document"
B2_001451,img20250709_16531341_trace_sepsis_V1.6-V6.5-SELECTIVE_PRECISION.json,MEDIUM,TRAITEMENT,antibiotique_inadequat_pour,MICRO_ORGANISME,micro_organisme_isole_dans,FOYER_INFECTIEUX,P1_E021,protilar,1,P4_E008,Infection d'ascite,4,"A et C présents dans le document, B absent du document"
B2_001452,img20250709_16531341_trace_sepsis_V1.6-V6.5-SELECTIVE_PRECISION.json,MEDIUM,TRAITEMENT,antibiotique_inadequat_pour,MICRO_ORGANISME,micro_organisme_isole_dans,FOYER_INFECTIEUX,P1_E021,protilar,1,P4_E064,sinusite sphénoïdale droite,4,"A et C présents dans le document, B absent du document"
B2_001453,img20250709_16531341_trace_sepsis_V1.6-V6.5-SELECTIVE_PRECISION.json,MEDIUM,TRAITEMENT,antibiotique_inadequat_pour,MICRO_ORGANISME,micro_organisme_isole_dans,FOYER_INFECTIEUX,P1_E021,protilar,1,P4_V66_E002,sinusite sphénoïdale (PL,4,"A et C présents dans le document, B absent du document"
B2_001454,img20250709_16531341_trace_sepsis_V1.6-V6.5-SELECTIVE_PRECISION.json,MEDIUM,TRAITEMENT,antibiotique_inadequat_pour,MICRO_ORGANISME,micro_organisme_isole_dans,FOYER_INFECTIEUX,P1_E023,motilium,1,P2_V66_E002,sinusite sphénoïdale du côté droit,2,"A et C présents dans le document, B absent du document"
B2_001455,img20250709_16531341_trace_sepsis_V1.6-V6.5-SELECTIVE_PRECISION.json,MEDIUM,TRAITEMENT,antibiotique_inadequat_pour,MICRO_ORGANISME,micro_organisme_isole_dans,FOYER_INFECTIEUX,P1_E023,motilium,1,P4_E008,Infection d'ascite,4,"A et C présents dans le document, B absent du document"
B2_001456,img20250709_16531341_trace_sepsis_V1.6-V6.5-SELECTIVE_PRECISION.json,MEDIUM,TRAITEMENT,antibiotique_inadequat_pour,MICRO_ORGANISME,micro_organisme_isole_dans,FOYER_INFECTIEUX,P1_E023,motilium,1,P4_E064,sinusite sphénoïdale droite,4,"A et C présents dans le document, B absent du document"
B2_001457,img20250709_16531341_trace_sepsis_V1.6-V6.5-SELECTIVE_PRECISION.json,MEDIUM,TRAITEMENT,antibiotique_inadequat_pour,MICRO_ORGANISME,micro_organisme_isole_dans,FOYER_INFECTIEUX,P1_E023,motilium,1,P4_V66_E002,sinusite sphénoïdale (PL,4,"A et C présents dans le document, B absent du document"
B2_001458,img20250709_16531341_trace_sepsis_V1.6-V6.5-SELECTIVE_PRECISION.json,MEDIUM,TRAITEMENT,antibiotique_inadequat_pour,MICRO_ORGANISME,micro_organisme_isole_dans,FOYER_INFECTIEUX,P1_E024,Protolog suppositoire,1,P2_V66_E002,sinusite sphénoïdale du côté droit,2,"A et C présents dans le document, B absent du document"
B2_001459,img20250709_16531341_trace_sepsis_V1.6-V6.5-SELECTIVE_PRECISION.json,MEDIUM,TRAITEMENT,antibiotique_inadequat_pour,MICRO_ORGANISME,micro_organisme_isole_dans,FOYER_INFECTIEUX,P1_E024,Protolog suppositoire,1,P4_E008,Infection d'ascite,4,"A et C présents dans le document, B absent du document"
B2_001460,img20250709_16531341_trace_sepsis_V1.6-V6.5-SELECTIVE_PRECISION.json,MEDIUM,TRAITEMENT,antibiotique_inadequat_pour,MICRO_ORGANISME,micro_organisme_isole_dans,FOYER_INFECTIEUX,P1_E024,Protolog suppositoire,1,P4_E064,sinusite sphénoïdale droite,4,"A et C présents dans le document, B absent du document"
B2_001461,img20250709_16531341_trace_sepsis_V1.6-V6.5-SELECTIVE_PRECISION.json,MEDIUM,TRAITEMENT,antibiotique_inadequat_pour,MICRO_ORGANISME,micro_organisme_isole_dans,FOYER_INFECTIEUX,P1_E024,Protolog suppositoire,1,P4_V66_E002,sinusite sphénoïdale (PL,4,"A et C présents dans le document, B absent du document"
B2_001462,img20250709_16531341_trace_sepsis_V1.6-V6.5-SELECTIVE_PRECISION.json,STRONG,TRAITEMENT,antibiotique_inadequat_pour,MICRO_ORGANISME,micro_organisme_isole_dans,FOYER_INFECTIEUX,P2_E021,noradrénaline,2,P2_V66_E002,sinusite sphénoïdale du côté droit,2,"A et C présents sur la même page, B absent du document"
B2_001463,img20250709_16531341_trace_sepsis_V1.6-V6.5-SELECTIVE_PRECISION.json,MEDIUM,TRAITEMENT,antibiotique_inadequat_pour,MICRO_ORGANISME,micro_organisme_isole_dans,FOYER_INFECTIEUX,P2_E021,noradrénaline,2,P4_E008,Infection d'ascite,4,"A et C présents dans le document, B absent du document"
B2_001464,img20250709_16531341_trace_sepsis_V1.6-V6.5-SELECTIVE_PRECISION.json,MEDIUM,TRAITEMENT,antibiotique_inadequat_pour,MICRO_ORGANISME,micro_organisme_isole_dans,FOYER_INFECTIEUX,P2_E021,noradrénaline,2,P4_E064,sinusite sphénoïdale droite,4,"A et C présents dans le document, B absent du document"
B2_001465,img20250709_16531341_trace_sepsis_V1.6-V6.5-SELECTIVE_PRECISION.json,MEDIUM,TRAITEMENT,antibiotique_inadequat_pour,MICRO_ORGANISME,micro_organisme_isole_dans,FOYER_INFECTIEUX,P2_E021,noradrénaline,2,P4_V66_E002,sinusite sphénoïdale (PL,4,"A et C présents dans le document, B absent du document"
B2_001466,img20250709_16531341_trace_sepsis_V1.6-V6.5-SELECTIVE_PRECISION.json,STRONG,TRAITEMENT,antibiotique_inadequat_pour,MICRO_ORGANISME,micro_organisme_isole_dans,FOYER_INFECTIEUX,P2_E023,SUFENTANYL,2,P2_V66_E002,sinusite sphénoïdale du côté droit,2,"A et C présents sur la même page, B absent du document"
B2_001467,img20250709_16531341_trace_sepsis_V1.6-V6.5-SELECTIVE_PRECISION.json,MEDIUM,TRAITEMENT,antibiotique_inadequat_pour,MICRO_ORGANISME,micro_organisme_isole_dans,FOYER_INFECTIEUX,P2_E023,SUFENTANYL,2,P4_E008,Infection d'ascite,4,"A et C présents dans le document, B absent du document"
B2_001468,img20250709_16531341_trace_sepsis_V1.6-V6.5-SELECTIVE_PRECISION.json,MEDIUM,TRAITEMENT,antibiotique_inadequat_pour,MICRO_ORGANISME,micro_organisme_isole_dans,FOYER_INFECTIEUX,P2_E023,SUFENTANYL,2,P4_E064,sinusite sphénoïdale droite,4,"A et C présents dans le document, B absent du document"
B2_001469,img20250709_16531341_trace_sepsis_V1.6-V6.5-SELECTIVE_PRECISION.json,MEDIUM,TRAITEMENT,antibiotique_inadequat_pour,MICRO_ORGANISME,micro_organisme_isole_dans,FOYER_INFECTIEUX,P2_E023,SUFENTANYL,2,P4_V66_E002,sinusite sphénoïdale (PL,4,"A et C présents dans le document, B absent du document"
B2_001470,img20250709_16531341_trace_sepsis_V1.6-V6.5-SELECTIVE_PRECISION.json,STRONG,TRAITEMENT,antibiotique_inadequat_pour,MICRO_ORGANISME,micro_organisme_isole_dans,FOYER_INFECTIEUX,P2_E025,Intubation,2,P2_V66_E002,sinusite sphénoïdale du côté droit,2,"A et C présents sur la même page, B absent du document"
B2_001471,img20250709_16531341_trace_sepsis_V1.6-V6.5-SELECTIVE_PRECISION.json,MEDIUM,TRAITEMENT,antibiotique_inadequat_pour,MICRO_ORGANISME,micro_organisme_isole_dans,FOYER_INFECTIEUX,P2_E025,Intubation,2,P4_E008,Infection d'ascite,4,"A et C présents dans le document, B absent du document"
B2_001472,img20250709_16531341_trace_sepsis_V1.6-V6.5-SELECTIVE_PRECISION.json,MEDIUM,TRAITEMENT,antibiotique_inadequat_pour,MICRO_ORGANISME,micro_organisme_isole_dans,FOYER_INFECTIEUX,P2_E025,Intubation,2,P4_E064,sinusite sphénoïdale droite,4,"A et C présents dans le document, B absent du document"
B2_001473,img20250709_16531341_trace_sepsis_V1.6-V6.5-SELECTIVE_PRECISION.json,MEDIUM,TRAITEMENT,antibiotique_inadequat_pour,MICRO_ORGANISME,micro_organisme_isole_dans,FOYER_INFECTIEUX,P2_E025,Intubation,2,P4_V66_E002,sinusite sphénoïdale (PL,4,"A et C présents dans le document, B absent du document"
B2_001474,img20250709_16531341_trace_sepsis_V1.6-V6.5-SELECTIVE_PRECISION.json,STRONG,TRAITEMENT,antibiotique_inadequat_pour,MICRO_ORGANISME,micro_organisme_isole_dans,FOYER_INFECTIEUX,P2_E026,ETO/CELO,2,P2_V66_E002,sinusite sphénoïdale du côté droit,2,"A et C présents sur la même page, B absent du document"
B2_001475,img20250709_16531341_trace_sepsis_V1.6-V6.5-SELECTIVE_PRECISION.json,MEDIUM,TRAITEMENT,antibiotique_inadequat_pour,MICRO_ORGANISME,micro_organisme_isole_dans,FOYER_INFECTIEUX,P2_E026,ETO/CELO,2,P4_E008,Infection d'ascite,4,"A et C présents dans le document, B absent du document"
B2_001476,img20250709_16531341_trace_sepsis_V1.6-V6.5-SELECTIVE_PRECISION.json,MEDIUM,TRAITEMENT,antibiotique_inadequat_pour,MICRO_ORGANISME,micro_organisme_isole_dans,FOYER_INFECTIEUX,P2_E026,ETO/CELO,2,P4_E064,sinusite sphénoïdale droite,4,"A et C présents dans le document, B absent du document"
B2_001477,img20250709_16531341_trace_sepsis_V1.6-V6.5-SELECTIVE_PRECISION.json,MEDIUM,TRAITEMENT,antibiotique_inadequat_pour,MICRO_ORGANISME,micro_organisme_isole_dans,FOYER_INFECTIEUX,P2_E026,ETO/CELO,2,P4_V66_E002,sinusite sphénoïdale (PL,4,"A et C présents dans le document, B absent du document"
B2_001478,img20250709_16531341_trace_sepsis_V1.6-V6.5-SELECTIVE_PRECISION.json,STRONG,TRAITEMENT,antibiotique_inadequat_pour,MICRO_ORGANISME,micro_organisme_isole_dans,FOYER_INFECTIEUX,P2_E027,Atropine,2,P2_V66_E002,sinusite sphénoïdale du côté droit,2,"A et C présents sur la même page, B absent du document"
B2_001479,img20250709_16531341_trace_sepsis_V1.6-V6.5-SELECTIVE_PRECISION.json,MEDIUM,TRAITEMENT,antibiotique_inadequat_pour,MICRO_ORGANISME,micro_organisme_isole_dans,FOYER_INFECTIEUX,P2_E027,Atropine,2,P4_E008,Infection d'ascite,4,"A et C présents dans le document, B absent du document"
B2_001480,img20250709_16531341_trace_sepsis_V1.6-V6.5-SELECTIVE_PRECISION.json,MEDIUM,TRAITEMENT,antibiotique_inadequat_pour,MICRO_ORGANISME,micro_organisme_isole_dans,FOYER_INFECTIEUX,P2_E027,Atropine,2,P4_E064,sinusite sphénoïdale droite,4,"A et C présents dans le document, B absent du document"
B2_001481,img20250709_16531341_trace_sepsis_V1.6-V6.5-SELECTIVE_PRECISION.json,MEDIUM,TRAITEMENT,antibiotique_inadequat_pour,MICRO_ORGANISME,micro_organisme_isole_dans,FOYER_INFECTIEUX,P2_E027,Atropine,2,P4_V66_E002,sinusite sphénoïdale (PL,4,"A et C présents dans le document, B absent du document"
B2_001482,img20250709_16531341_trace_sepsis_V1.6-V6.5-SELECTIVE_PRECISION.json,STRONG,TRAITEMENT,antibiotique_inadequat_pour,MICRO_ORGANISME,micro_organisme_isole_dans,FOYER_INFECTIEUX,P2_E028,Ventilation VAC,2,P2_V66_E002,sinusite sphénoïdale du côté droit,2,"A et C présents sur la même page, B absent du document"
B2_001483,img20250709_16531341_trace_sepsis_V1.6-V6.5-SELECTIVE_PRECISION.json,MEDIUM,TRAITEMENT,antibiotique_inadequat_pour,MICRO_ORGANISME,micro_organisme_isole_dans,FOYER_INFECTIEUX,P2_E028,Ventilation VAC,2,P4_E008,Infection d'ascite,4,"A et C présents dans le document, B absent du document"
B2_001484,img20250709_16531341_trace_sepsis_V1.6-V6.5-SELECTIVE_PRECISION.json,MEDIUM,TRAITEMENT,antibiotique_inadequat_pour,MICRO_ORGANISME,micro_organisme_isole_dans,FOYER_INFECTIEUX,P2_E028,Ventilation VAC,2,P4_E064,sinusite sphénoïdale droite,4,"A et C présents dans le document, B absent du document"
B2_001485,img20250709_16531341_trace_sepsis_V1.6-V6.5-SELECTIVE_PRECISION.json,MEDIUM,TRAITEMENT,antibiotique_inadequat_pour,MICRO_ORGANISME,micro_organisme_isole_dans,FOYER_INFECTIEUX,P2_E028,Ventilation VAC,2,P4_V66_E002,sinusite sphénoïdale (PL,4,"A et C présents dans le document, B absent du document"
B2_001486,img20250709_16531341_trace_sepsis_V1.6-V6.5-SELECTIVE_PRECISION.json,STRONG,TRAITEMENT,antibiotique_inadequat_pour,MICRO_ORGANISME,micro_organisme_isole_dans,FOYER_INFECTIEUX,P2_E032,NaCl 0.9%,2,P2_V66_E002,sinusite sphénoïdale du côté droit,2,"A et C présents sur la même page, B absent du document"
B2_001487,img20250709_16531341_trace_sepsis_V1.6-V6.5-SELECTIVE_PRECISION.json,MEDIUM,TRAITEMENT,antibiotique_inadequat_pour,MICRO_ORGANISME,micro_organisme_isole_dans,FOYER_INFECTIEUX,P2_E032,NaCl 0.9%,2,P4_E008,Infection d'ascite,4,"A et C présents dans le document, B absent du document"
B2_001488,img20250709_16531341_trace_sepsis_V1.6-V6.5-SELECTIVE_PRECISION.json,MEDIUM,TRAITEMENT,antibiotique_inadequat_pour,MICRO_ORGANISME,micro_organisme_isole_dans,FOYER_INFECTIEUX,P2_E032,NaCl 0.9%,2,P4_E064,sinusite sphénoïdale droite,4,"A et C présents dans le document, B absent du document"
B2_001489,img20250709_16531341_trace_sepsis_V1.6-V6.5-SELECTIVE_PRECISION.json,MEDIUM,TRAITEMENT,antibiotique_inadequat_pour,MICRO_ORGANISME,micro_organisme_isole_dans,FOYER_INFECTIEUX,P2_E032,NaCl 0.9%,2,P4_V66_E002,sinusite sphénoïdale (PL,4,"A et C présents dans le document, B absent du document"
B2_001490,img20250709_16531341_trace_sepsis_V1.6-V6.5-SELECTIVE_PRECISION.json,STRONG,TRAITEMENT,antibiotique_inadequat_pour,MICRO_ORGANISME,micro_organisme_isole_dans,FOYER_INFECTIEUX,P2_E033,G10%,2,P2_V66_E002,sinusite sphénoïdale du côté droit,2,"A et C présents sur la même page, B absent du document"
B2_001491,img20250709_16531341_trace_sepsis_V1.6-V6.5-SELECTIVE_PRECISION.json,MEDIUM,TRAITEMENT,antibiotique_inadequat_pour,MICRO_ORGANISME,micro_organisme_isole_dans,FOYER_INFECTIEUX,P2_E033,G10%,2,P4_E008,Infection d'ascite,4,"A et C présents dans le document, B absent du document"
B2_001492,img20250709_16531341_trace_sepsis_V1.6-V6.5-SELECTIVE_PRECISION.json,MEDIUM,TRAITEMENT,antibiotique_inadequat_pour,MICRO_ORGANISME,micro_organisme_isole_dans,FOYER_INFECTIEUX,P2_E033,G10%,2,P4_E064,sinusite sphénoïdale droite,4,"A et C présents dans le document, B absent du document"
B2_001493,img20250709_16531341_trace_sepsis_V1.6-V6.5-SELECTIVE_PRECISION.json,MEDIUM,TRAITEMENT,antibiotique_inadequat_pour,MICRO_ORGANISME,micro_organisme_isole_dans,FOYER_INFECTIEUX,P2_E033,G10%,2,P4_V66_E002,sinusite sphénoïdale (PL,4,"A et C présents dans le document, B absent du document"
B2_001494,img20250709_16531341_trace_sepsis_V1.6-V6.5-SELECTIVE_PRECISION.json,STRONG,TRAITEMENT,antibiotique_inadequat_pour,MICRO_ORGANISME,micro_organisme_isole_dans,FOYER_INFECTIEUX,P2_E034,Voluven,2,P2_V66_E002,sinusite sphénoïdale du côté droit,2,"A et C présents sur la même page, B absent du document"
B2_001495,img20250709_16531341_trace_sepsis_V1.6-V6.5-SELECTIVE_PRECISION.json,MEDIUM,TRAITEMENT,antibiotique_inadequat_pour,MICRO_ORGANISME,micro_organisme_isole_dans,FOYER_INFECTIEUX,P2_E034,Voluven,2,P4_E008,Infection d'ascite,4,"A et C présents dans le document, B absent du document"
B2_001496,img20250709_16531341_trace_sepsis_V1.6-V6.5-SELECTIVE_PRECISION.json,MEDIUM,TRAITEMENT,antibiotique_inadequat_pour,MICRO_ORGANISME,micro_organisme_isole_dans,FOYER_INFECTIEUX,P2_E034,Voluven,2,P4_E064,sinusite sphénoïdale droite,4,"A et C présents dans le document, B absent du document"
B2_001497,img20250709_16531341_trace_sepsis_V1.6-V6.5-SELECTIVE_PRECISION.json,MEDIUM,TRAITEMENT,antibiotique_inadequat_pour,MICRO_ORGANISME,micro_organisme_isole_dans,FOYER_INFECTIEUX,P2_E034,Voluven,2,P4_V66_E002,sinusite sphénoïdale (PL,4,"A et C présents dans le document, B absent du document"
B2_001498,img20250709_16531341_trace_sepsis_V1.6-V6.5-SELECTIVE_PRECISION.json,STRONG,TRAITEMENT,antibiotique_inadequat_pour,MICRO_ORGANISME,micro_organisme_isole_dans,FOYER_INFECTIEUX,P2_E035,NaCl iv,2,P2_V66_E002,sinusite sphénoïdale du côté droit,2,"A et C présents sur la même page, B absent du document"
B2_001499,img20250709_16531341_trace_sepsis_V1.6-V6.5-SELECTIVE_PRECISION.json,MEDIUM,TRAITEMENT,antibiotique_inadequat_pour,MICRO_ORGANISME,micro_organisme_isole_dans,FOYER_INFECTIEUX,P2_E035,NaCl iv,2,P4_E008,Infection d'ascite,4,"A et C présents dans le document, B absent du document"
B2_001500,img20250709_16531341_trace_sepsis_V1.6-V6.5-SELECTIVE_PRECISION.json,MEDIUM,TRAITEMENT,antibiotique_inadequat_pour,MICRO_ORGANISME,micro_organisme_isole_dans,FOYER_INFECTIEUX,P2_E035,NaCl iv,2,P4_E064,sinusite sphénoïdale droite,4,"A et C présents dans le document, B absent du document"
B2_001501,img20250709_16531341_trace_sepsis_V1.6-V6.5-SELECTIVE_PRECISION.json,MEDIUM,TRAITEMENT,antibiotique_inadequat_pour,MICRO_ORGANISME,micro_organisme_isole_dans,FOYER_INFECTIEUX,P2_E035,NaCl iv,2,P4_V66_E002,sinusite sphénoïdale (PL,4,"A et C présents dans le document, B absent du document"
B2_001502,img20250709_16531341_trace_sepsis_V1.6-V6.5-SELECTIVE_PRECISION.json,STRONG,TRAITEMENT,antibiotique_inadequat_pour,MICRO_ORGANISME,micro_organisme_isole_dans,FOYER_INFECTIEUX,P2_E038,IOT ventilation en VAC,2,P2_V66_E002,sinusite sphénoïdale du côté droit,2,"A et C présents sur la même page, B absent du document"
B2_001503,img20250709_16531341_trace_sepsis_V1.6-V6.5-SELECTIVE_PRECISION.json,MEDIUM,TRAITEMENT,antibiotique_inadequat_pour,MICRO_ORGANISME,micro_organisme_isole_dans,FOYER_INFECTIEUX,P2_E038,IOT ventilation en VAC,2,P4_E008,Infection d'ascite,4,"A et C présents dans le document, B absent du document"
B2_001504,img20250709_16531341_trace_sepsis_V1.6-V6.5-SELECTIVE_PRECISION.json,MEDIUM,TRAITEMENT,antibiotique_inadequat_pour,MICRO_ORGANISME,micro_organisme_isole_dans,FOYER_INFECTIEUX,P2_E038,IOT ventilation en VAC,2,P4_E064,sinusite sphénoïdale droite,4,"A et C présents dans le document, B absent du document"
B2_001505,img20250709_16531341_trace_sepsis_V1.6-V6.5-SELECTIVE_PRECISION.json,MEDIUM,TRAITEMENT,antibiotique_inadequat_pour,MICRO_ORGANISME,micro_organisme_isole_dans,FOYER_INFECTIEUX,P2_E038,IOT ventilation en VAC,2,P4_V66_E002,sinusite sphénoïdale (PL,4,"A et C présents dans le document, B absent du document"
B2_001506,img20250709_16531341_trace_sepsis_V1.6-V6.5-SELECTIVE_PRECISION.json,STRONG,TRAITEMENT,antibiotique_inadequat_pour,MICRO_ORGANISME,micro_organisme_isole_dans,FOYER_INFECTIEUX,P2_E041,KAYEXALATE,2,P2_V66_E002,sinusite sphénoïdale du côté droit,2,"A et C présents sur la même page, B absent du document"
B2_001507,img20250709_16531341_trace_sepsis_V1.6-V6.5-SELECTIVE_PRECISION.json,MEDIUM,TRAITEMENT,antibiotique_inadequat_pour,MICRO_ORGANISME,micro_organisme_isole_dans,FOYER_INFECTIEUX,P2_E041,KAYEXALATE,2,P4_E008,Infection d'ascite,4,"A et C présents dans le document, B absent du document"
B2_001508,img20250709_16531341_trace_sepsis_V1.6-V6.5-SELECTIVE_PRECISION.json,MEDIUM,TRAITEMENT,antibiotique_inadequat_pour,MICRO_ORGANISME,micro_organisme_isole_dans,FOYER_INFECTIEUX,P2_E041,KAYEXALATE,2,P4_E064,sinusite sphénoïdale droite,4,"A et C présents dans le document, B absent du document"
B2_001509,img20250709_16531341_trace_sepsis_V1.6-V6.5-SELECTIVE_PRECISION.json,MEDIUM,TRAITEMENT,antibiotique_inadequat_pour,MICRO_ORGANISME,micro_organisme_isole_dans,FOYER_INFECTIEUX,P2_E041,KAYEXALATE,2,P4_V66_E002,sinusite sphénoïdale (PL,4,"A et C présents dans le document, B absent du document"
B2_001510,img20250709_16531341_trace_sepsis_V1.6-V6.5-SELECTIVE_PRECISION.json,STRONG,TRAITEMENT,antibiotique_inadequat_pour,MICRO_ORGANISME,micro_organisme_isole_dans,FOYER_INFECTIEUX,P2_E043,ponction évacuatrice hebdomadaire,2,P2_V66_E002,sinusite sphénoïdale du côté droit,2,"A et C présents sur la même page, B absent du document"
B2_001511,img20250709_16531341_trace_sepsis_V1.6-V6.5-SELECTIVE_PRECISION.json,MEDIUM,TRAITEMENT,antibiotique_inadequat_pour,MICRO_ORGANISME,micro_organisme_isole_dans,FOYER_INFECTIEUX,P2_E043,ponction évacuatrice hebdomadaire,2,P4_E008,Infection d'ascite,4,"A et C présents dans le document, B absent du document"
B2_001512,img20250709_16531341_trace_sepsis_V1.6-V6.5-SELECTIVE_PRECISION.json,MEDIUM,TRAITEMENT,antibiotique_inadequat_pour,MICRO_ORGANISME,micro_organisme_isole_dans,FOYER_INFECTIEUX,P2_E043,ponction évacuatrice hebdomadaire,2,P4_E064,sinusite sphénoïdale droite,4,"A et C présents dans le document, B absent du document"
B2_001513,img20250709_16531341_trace_sepsis_V1.6-V6.5-SELECTIVE_PRECISION.json,MEDIUM,TRAITEMENT,antibiotique_inadequat_pour,MICRO_ORGANISME,micro_organisme_isole_dans,FOYER_INFECTIEUX,P2_E043,ponction évacuatrice hebdomadaire,2,P4_V66_E002,sinusite sphénoïdale (PL,4,"A et C présents dans le document, B absent du document"
B2_001514,img20250709_16531341_trace_sepsis_V1.6-V6.5-SELECTIVE_PRECISION.json,STRONG,TRAITEMENT,antibiotique_inadequat_pour,MICRO_ORGANISME,micro_organisme_isole_dans,FOYER_INFECTIEUX,P2_E065,O2,2,P2_V66_E002,sinusite sphénoïdale du côté droit,2,"A et C présents sur la même page, B absent du document"
B2_001515,img20250709_16531341_trace_sepsis_V1.6-V6.5-SELECTIVE_PRECISION.json,MEDIUM,TRAITEMENT,antibiotique_inadequat_pour,MICRO_ORGANISME,micro_organisme_isole_dans,FOYER_INFECTIEUX,P2_E065,O2,2,P4_E008,Infection d'ascite,4,"A et C présents dans le document, B absent du document"
B2_001516,img20250709_16531341_trace_sepsis_V1.6-V6.5-SELECTIVE_PRECISION.json,MEDIUM,TRAITEMENT,antibiotique_inadequat_pour,MICRO_ORGANISME,micro_organisme_isole_dans,FOYER_INFECTIEUX,P2_E065,O2,2,P4_E064,sinusite sphénoïdale droite,4,"A et C présents dans le document, B absent du document"
B2_001517,img20250709_16531341_trace_sepsis_V1.6-V6.5-SELECTIVE_PRECISION.json,MEDIUM,TRAITEMENT,antibiotique_inadequat_pour,MICRO_ORGANISME,micro_organisme_isole_dans,FOYER_INFECTIEUX,P2_E065,O2,2,P4_V66_E002,sinusite sphénoïdale (PL,4,"A et C présents dans le document, B absent du document"
B2_001518,img20250709_16531341_trace_sepsis_V1.6-V6.5-SELECTIVE_PRECISION.json,STRONG,TRAITEMENT,antibiotique_inadequat_pour,MICRO_ORGANISME,micro_organisme_isole_dans,FOYER_INFECTIEUX,P2_V66_E001,IOT,2,P2_V66_E002,sinusite sphénoïdale du côté droit,2,"A et C présents sur la même page, B absent du document"
B2_001519,img20250709_16531341_trace_sepsis_V1.6-V6.5-SELECTIVE_PRECISION.json,MEDIUM,TRAITEMENT,antibiotique_inadequat_pour,MICRO_ORGANISME,micro_organisme_isole_dans,FOYER_INFECTIEUX,P2_V66_E001,IOT,2,P4_E008,Infection d'ascite,4,"A et C présents dans le document, B absent du document"
B2_001520,img20250709_16531341_trace_sepsis_V1.6-V6.5-SELECTIVE_PRECISION.json,MEDIUM,TRAITEMENT,antibiotique_inadequat_pour,MICRO_ORGANISME,micro_organisme_isole_dans,FOYER_INFECTIEUX,P2_V66_E001,IOT,2,P4_E064,sinusite sphénoïdale droite,4,"A et C présents dans le document, B absent du document"
B2_001521,img20250709_16531341_trace_sepsis_V1.6-V6.5-SELECTIVE_PRECISION.json,MEDIUM,TRAITEMENT,antibiotique_inadequat_pour,MICRO_ORGANISME,micro_organisme_isole_dans,FOYER_INFECTIEUX,P2_V66_E001,IOT,2,P4_V66_E002,sinusite sphénoïdale (PL,4,"A et C présents dans le document, B absent du document"
B2_001522,img20250709_16531341_trace_sepsis_V1.6-V6.5-SELECTIVE_PRECISION.json,MEDIUM,TRAITEMENT,antibiotique_inadequat_pour,MICRO_ORGANISME,micro_organisme_isole_dans,FOYER_INFECTIEUX,P3_E003,Ventilée en VAC,3,P2_V66_E002,sinusite sphénoïdale du côté droit,2,"A et C présents dans le document, B absent du document"
B2_001523,img20250709_16531341_trace_sepsis_V1.6-V6.5-SELECTIVE_PRECISION.json,MEDIUM,TRAITEMENT,antibiotique_inadequat_pour,MICRO_ORGANISME,micro_organisme_isole_dans,FOYER_INFECTIEUX,P3_E003,Ventilée en VAC,3,P4_E008,Infection d'ascite,4,"A et C présents dans le document, B absent du document"
B2_001524,img20250709_16531341_trace_sepsis_V1.6-V6.5-SELECTIVE_PRECISION.json,MEDIUM,TRAITEMENT,antibiotique_inadequat_pour,MICRO_ORGANISME,micro_organisme_isole_dans,FOYER_INFECTIEUX,P3_E003,Ventilée en VAC,3,P4_E064,sinusite sphénoïdale droite,4,"A et C présents dans le document, B absent du document"
B2_001525,img20250709_16531341_trace_sepsis_V1.6-V6.5-SELECTIVE_PRECISION.json,MEDIUM,TRAITEMENT,antibiotique_inadequat_pour,MICRO_ORGANISME,micro_organisme_isole_dans,FOYER_INFECTIEUX,P3_E003,Ventilée en VAC,3,P4_V66_E002,sinusite sphénoïdale (PL,4,"A et C présents dans le document, B absent du document"
B2_001526,img20250709_16531341_trace_sepsis_V1.6-V6.5-SELECTIVE_PRECISION.json,MEDIUM,TRAITEMENT,antibiotique_inadequat_pour,MICRO_ORGANISME,micro_organisme_isole_dans,FOYER_INFECTIEUX,P4_E004,Sonde IOT,4,P2_V66_E002,sinusite sphénoïdale du côté droit,2,"A et C présents dans le document, B absent du document"
B2_001527,img20250709_16531341_trace_sepsis_V1.6-V6.5-SELECTIVE_PRECISION.json,STRONG,TRAITEMENT,antibiotique_inadequat_pour,MICRO_ORGANISME,micro_organisme_isole_dans,FOYER_INFECTIEUX,P4_E004,Sonde IOT,4,P4_E008,Infection d'ascite,4,"A et C présents sur la même page, B absent du document"
B2_001528,img20250709_16531341_trace_sepsis_V1.6-V6.5-SELECTIVE_PRECISION.json,STRONG,TRAITEMENT,antibiotique_inadequat_pour,MICRO_ORGANISME,micro_organisme_isole_dans,FOYER_INFECTIEUX,P4_E004,Sonde IOT,4,P4_E064,sinusite sphénoïdale droite,4,"A et C présents sur la même page, B absent du document"
B2_001529,img20250709_16531341_trace_sepsis_V1.6-V6.5-SELECTIVE_PRECISION.json,STRONG,TRAITEMENT,antibiotique_inadequat_pour,MICRO_ORGANISME,micro_organisme_isole_dans,FOYER_INFECTIEUX,P4_E004,Sonde IOT,4,P4_V66_E002,sinusite sphénoïdale (PL,4,"A et C présents sur la même page, B absent du document"
B2_001530,img20250709_16531341_trace_sepsis_V1.6-V6.5-SELECTIVE_PRECISION.json,MEDIUM,TRAITEMENT,antibiotique_inadequat_pour,MICRO_ORGANISME,micro_organisme_isole_dans,FOYER_INFECTIEUX,P4_E005,SNG,4,P2_V66_E002,sinusite sphénoïdale du côté droit,2,"A et C présents dans le document, B absent du document"
B2_001531,img20250709_16531341_trace_sepsis_V1.6-V6.5-SELECTIVE_PRECISION.json,STRONG,TRAITEMENT,antibiotique_inadequat_pour,MICRO_ORGANISME,micro_organisme_isole_dans,FOYER_INFECTIEUX,P4_E005,SNG,4,P4_E008,Infection d'ascite,4,"A et C présents sur la même page, B absent du document"
B2_001532,img20250709_16531341_trace_sepsis_V1.6-V6.5-SELECTIVE_PRECISION.json,STRONG,TRAITEMENT,antibiotique_inadequat_pour,MICRO_ORGANISME,micro_organisme_isole_dans,FOYER_INFECTIEUX,P4_E005,SNG,4,P4_E064,sinusite sphénoïdale droite,4,"A et C présents sur la même page, B absent du document"
B2_001533,img20250709_16531341_trace_sepsis_V1.6-V6.5-SELECTIVE_PRECISION.json,STRONG,TRAITEMENT,antibiotique_inadequat_pour,MICRO_ORGANISME,micro_organisme_isole_dans,FOYER_INFECTIEUX,P4_E005,SNG,4,P4_V66_E002,sinusite sphénoïdale (PL,4,"A et C présents sur la même page, B absent du document"
B2_001534,img20250709_16531341_trace_sepsis_V1.6-V6.5-SELECTIVE_PRECISION.json,MEDIUM,TRAITEMENT,antibiotique_inadequat_pour,MICRO_ORGANISME,micro_organisme_isole_dans,FOYER_INFECTIEUX,P4_E009,Antibiothérapie,4,P2_V66_E002,sinusite sphénoïdale du côté droit,2,"A et C présents dans le document, B absent du document"
B2_001535,img20250709_16531341_trace_sepsis_V1.6-V6.5-SELECTIVE_PRECISION.json,STRONG,TRAITEMENT,antibiotique_inadequat_pour,MICRO_ORGANISME,micro_organisme_isole_dans,FOYER_INFECTIEUX,P4_E009,Antibiothérapie,4,P4_E008,Infection d'ascite,4,"A et C présents sur la même page, B absent du document"
B2_001536,img20250709_16531341_trace_sepsis_V1.6-V6.5-SELECTIVE_PRECISION.json,STRONG,TRAITEMENT,antibiotique_inadequat_pour,MICRO_ORGANISME,micro_organisme_isole_dans,FOYER_INFECTIEUX,P4_E009,Antibiothérapie,4,P4_E064,sinusite sphénoïdale droite,4,"A et C présents sur la même page, B absent du document"
B2_001537,img20250709_16531341_trace_sepsis_V1.6-V6.5-SELECTIVE_PRECISION.json,STRONG,TRAITEMENT,antibiotique_inadequat_pour,MICRO_ORGANISME,micro_organisme_isole_dans,FOYER_INFECTIEUX,P4_E009,Antibiothérapie,4,P4_V66_E002,sinusite sphénoïdale (PL,4,"A et C présents sur la même page, B absent du document"
B2_001538,img20250709_16531341_trace_sepsis_V1.6-V6.5-SELECTIVE_PRECISION.json,MEDIUM,TRAITEMENT,antibiotique_inadequat_pour,MICRO_ORGANISME,micro_organisme_isole_dans,FOYER_INFECTIEUX,P4_E010,Poursuite Catécholamine,4,P2_V66_E002,sinusite sphénoïdale du côté droit,2,"A et C présents dans le document, B absent du document"
B2_001539,img20250709_16531341_trace_sepsis_V1.6-V6.5-SELECTIVE_PRECISION.json,STRONG,TRAITEMENT,antibiotique_inadequat_pour,MICRO_ORGANISME,micro_organisme_isole_dans,FOYER_INFECTIEUX,P4_E010,Poursuite Catécholamine,4,P4_E008,Infection d'ascite,4,"A et C présents sur la même page, B absent du document"
B2_001540,img20250709_16531341_trace_sepsis_V1.6-V6.5-SELECTIVE_PRECISION.json,STRONG,TRAITEMENT,antibiotique_inadequat_pour,MICRO_ORGANISME,micro_organisme_isole_dans,FOYER_INFECTIEUX,P4_E010,Poursuite Catécholamine,4,P4_E064,sinusite sphénoïdale droite,4,"A et C présents sur la même page, B absent du document"
B2_001541,img20250709_16531341_trace_sepsis_V1.6-V6.5-SELECTIVE_PRECISION.json,STRONG,TRAITEMENT,antibiotique_inadequat_pour,MICRO_ORGANISME,micro_organisme_isole_dans,FOYER_INFECTIEUX,P4_E010,Poursuite Catécholamine,4,P4_V66_E002,sinusite sphénoïdale (PL,4,"A et C présents sur la même page, B absent du document"
B2_001542,img20250709_16531341_trace_sepsis_V1.6-V6.5-SELECTIVE_PRECISION.json,MEDIUM,TRAITEMENT,antibiotique_inadequat_pour,MICRO_ORGANISME,micro_organisme_isole_dans,FOYER_INFECTIEUX,P4_E011,Remplissage vasculaire,4,P2_V66_E002,sinusite sphénoïdale du côté droit,2,"A et C présents dans le document, B absent du document"
B2_001543,img20250709_16531341_trace_sepsis_V1.6-V6.5-SELECTIVE_PRECISION.json,STRONG,TRAITEMENT,antibiotique_inadequat_pour,MICRO_ORGANISME,micro_organisme_isole_dans,FOYER_INFECTIEUX,P4_E011,Remplissage vasculaire,4,P4_E008,Infection d'ascite,4,"A et C présents sur la même page, B absent du document"
B2_001544,img20250709_16531341_trace_sepsis_V1.6-V6.5-SELECTIVE_PRECISION.json,STRONG,TRAITEMENT,antibiotique_inadequat_pour,MICRO_ORGANISME,micro_organisme_isole_dans,FOYER_INFECTIEUX,P4_E011,Remplissage vasculaire,4,P4_E064,sinusite sphénoïdale droite,4,"A et C présents sur la même page, B absent du document"
B2_001545,img20250709_16531341_trace_sepsis_V1.6-V6.5-SELECTIVE_PRECISION.json,STRONG,TRAITEMENT,antibiotique_inadequat_pour,MICRO_ORGANISME,micro_organisme_isole_dans,FOYER_INFECTIEUX,P4_E011,Remplissage vasculaire,4,P4_V66_E002,sinusite sphénoïdale (PL,4,"A et C présents sur la même page, B absent du document"
B2_001546,img20250709_16531341_trace_sepsis_V1.6-V6.5-SELECTIVE_PRECISION.json,MEDIUM,TRAITEMENT,antibiotique_inadequat_pour,MICRO_ORGANISME,micro_organisme_isole_dans,FOYER_INFECTIEUX,P4_E012,Ponction exploratrice de liquide d'ascite,4,P2_V66_E002,sinusite sphénoïdale du côté droit,2,"A et C présents dans le document, B absent du document"
B2_001547,img20250709_16531341_trace_sepsis_V1.6-V6.5-SELECTIVE_PRECISION.json,STRONG,TRAITEMENT,antibiotique_inadequat_pour,MICRO_ORGANISME,micro_organisme_isole_dans,FOYER_INFECTIEUX,P4_E012,Ponction exploratrice de liquide d'ascite,4,P4_E008,Infection d'ascite,4,"A et C présents sur la même page, B absent du document"
B2_001548,img20250709_16531341_trace_sepsis_V1.6-V6.5-SELECTIVE_PRECISION.json,STRONG,TRAITEMENT,antibiotique_inadequat_pour,MICRO_ORGANISME,micro_organisme_isole_dans,FOYER_INFECTIEUX,P4_E012,Ponction exploratrice de liquide d'ascite,4,P4_E064,sinusite sphénoïdale droite,4,"A et C présents sur la même page, B absent du document"
B2_001549,img20250709_16531341_trace_sepsis_V1.6-V6.5-SELECTIVE_PRECISION.json,STRONG,TRAITEMENT,antibiotique_inadequat_pour,MICRO_ORGANISME,micro_organisme_isole_dans,FOYER_INFECTIEUX,P4_E012,Ponction exploratrice de liquide d'ascite,4,P4_V66_E002,sinusite sphénoïdale (PL,4,"A et C présents sur la même page, B absent du document"
B2_001550,img20250709_16531341_trace_sepsis_V1.6-V6.5-SELECTIVE_PRECISION.json,MEDIUM,TRAITEMENT,antibiotique_inadequat_pour,MICRO_ORGANISME,micro_organisme_isole_dans,FOYER_INFECTIEUX,P4_E014,albumine 5%,4,P2_V66_E002,sinusite sphénoïdale du côté droit,2,"A et C présents dans le document, B absent du document"
B2_001551,img20250709_16531341_trace_sepsis_V1.6-V6.5-SELECTIVE_PRECISION.json,STRONG,TRAITEMENT,antibiotique_inadequat_pour,MICRO_ORGANISME,micro_organisme_isole_dans,FOYER_INFECTIEUX,P4_E014,albumine 5%,4,P4_E008,Infection d'ascite,4,"A et C présents sur la même page, B absent du document"
B2_001552,img20250709_16531341_trace_sepsis_V1.6-V6.5-SELECTIVE_PRECISION.json,STRONG,TRAITEMENT,antibiotique_inadequat_pour,MICRO_ORGANISME,micro_organisme_isole_dans,FOYER_INFECTIEUX,P4_E014,albumine 5%,4,P4_E064,sinusite sphénoïdale droite,4,"A et C présents sur la même page, B absent du document"
B2_001553,img20250709_16531341_trace_sepsis_V1.6-V6.5-SELECTIVE_PRECISION.json,STRONG,TRAITEMENT,antibiotique_inadequat_pour,MICRO_ORGANISME,micro_organisme_isole_dans,FOYER_INFECTIEUX,P4_E014,albumine 5%,4,P4_V66_E002,sinusite sphénoïdale (PL,4,"A et C présents sur la même page, B absent du document"
B2_001554,img20250709_16531341_trace_sepsis_V1.6-V6.5-SELECTIVE_PRECISION.json,MEDIUM,TRAITEMENT,antibiotique_inadequat_pour,MICRO_ORGANISME,micro_organisme_isole_dans,FOYER_INFECTIEUX,P4_E016,Pentothal,4,P2_V66_E002,sinusite sphénoïdale du côté droit,2,"A et C présents dans le document, B absent du document"
B2_001555,img20250709_16531341_trace_sepsis_V1.6-V6.5-SELECTIVE_PRECISION.json,STRONG,TRAITEMENT,antibiotique_inadequat_pour,MICRO_ORGANISME,micro_organisme_isole_dans,FOYER_INFECTIEUX,P4_E016,Pentothal,4,P4_E008,Infection d'ascite,4,"A et C présents sur la même page, B absent du document"
B2_001556,img20250709_16531341_trace_sepsis_V1.6-V6.5-SELECTIVE_PRECISION.json,STRONG,TRAITEMENT,antibiotique_inadequat_pour,MICRO_ORGANISME,micro_organisme_isole_dans,FOYER_INFECTIEUX,P4_E016,Pentothal,4,P4_E064,sinusite sphénoïdale droite,4,"A et C présents sur la même page, B absent du document"
B2_001557,img20250709_16531341_trace_sepsis_V1.6-V6.5-SELECTIVE_PRECISION.json,STRONG,TRAITEMENT,antibiotique_inadequat_pour,MICRO_ORGANISME,micro_organisme_isole_dans,FOYER_INFECTIEUX,P4_E016,Pentothal,4,P4_V66_E002,sinusite sphénoïdale (PL,4,"A et C présents sur la même page, B absent du document"
B2_001558,img20250709_16531341_trace_sepsis_V1.6-V6.5-SELECTIVE_PRECISION.json,MEDIUM,TRAITEMENT,antibiotique_inadequat_pour,MICRO_ORGANISME,micro_organisme_isole_dans,FOYER_INFECTIEUX,P4_E017,Hypnovel,4,P2_V66_E002,sinusite sphénoïdale du côté droit,2,"A et C présents dans le document, B absent du document"
B2_001559,img20250709_16531341_trace_sepsis_V1.6-V6.5-SELECTIVE_PRECISION.json,STRONG,TRAITEMENT,antibiotique_inadequat_pour,MICRO_ORGANISME,micro_organisme_isole_dans,FOYER_INFECTIEUX,P4_E017,Hypnovel,4,P4_E008,Infection d'ascite,4,"A et C présents sur la même page, B absent du document"
B2_001560,img20250709_16531341_trace_sepsis_V1.6-V6.5-SELECTIVE_PRECISION.json,STRONG,TRAITEMENT,antibiotique_inadequat_pour,MICRO_ORGANISME,micro_organisme_isole_dans,FOYER_INFECTIEUX,P4_E017,Hypnovel,4,P4_E064,sinusite sphénoïdale droite,4,"A et C présents sur la même page, B absent du document"
B2_001561,img20250709_16531341_trace_sepsis_V1.6-V6.5-SELECTIVE_PRECISION.json,STRONG,TRAITEMENT,antibiotique_inadequat_pour,MICRO_ORGANISME,micro_organisme_isole_dans,FOYER_INFECTIEUX,P4_E017,Hypnovel,4,P4_V66_E002,sinusite sphénoïdale (PL,4,"A et C présents sur la même page, B absent du document"
B2_001562,img20250709_16531341_trace_sepsis_V1.6-V6.5-SELECTIVE_PRECISION.json,MEDIUM,TRAITEMENT,antibiotique_inadequat_pour,MICRO_ORGANISME,micro_organisme_isole_dans,FOYER_INFECTIEUX,P4_E018,diprivan,4,P2_V66_E002,sinusite sphénoïdale du côté droit,2,"A et C présents dans le document, B absent du document"
B2_001563,img20250709_16531341_trace_sepsis_V1.6-V6.5-SELECTIVE_PRECISION.json,STRONG,TRAITEMENT,antibiotique_inadequat_pour,MICRO_ORGANISME,micro_organisme_isole_dans,FOYER_INFECTIEUX,P4_E018,diprivan,4,P4_E008,Infection d'ascite,4,"A et C présents sur la même page, B absent du document"
B2_001564,img20250709_16531341_trace_sepsis_V1.6-V6.5-SELECTIVE_PRECISION.json,STRONG,TRAITEMENT,antibiotique_inadequat_pour,MICRO_ORGANISME,micro_organisme_isole_dans,FOYER_INFECTIEUX,P4_E018,diprivan,4,P4_E064,sinusite sphénoïdale droite,4,"A et C présents sur la même page, B absent du document"
B2_001565,img20250709_16531341_trace_sepsis_V1.6-V6.5-SELECTIVE_PRECISION.json,STRONG,TRAITEMENT,antibiotique_inadequat_pour,MICRO_ORGANISME,micro_organisme_isole_dans,FOYER_INFECTIEUX,P4_E018,diprivan,4,P4_V66_E002,sinusite sphénoïdale (PL,4,"A et C présents sur la même page, B absent du document"
B2_001566,img20250709_16531341_trace_sepsis_V1.6-V6.5-SELECTIVE_PRECISION.json,MEDIUM,TRAITEMENT,antibiotique_inadequat_pour,MICRO_ORGANISME,micro_organisme_isole_dans,FOYER_INFECTIEUX,P4_E019,rivotril,4,P2_V66_E002,sinusite sphénoïdale du côté droit,2,"A et C présents dans le document, B absent du document"
B2_001567,img20250709_16531341_trace_sepsis_V1.6-V6.5-SELECTIVE_PRECISION.json,STRONG,TRAITEMENT,antibiotique_inadequat_pour,MICRO_ORGANISME,micro_organisme_isole_dans,FOYER_INFECTIEUX,P4_E019,rivotril,4,P4_E008,Infection d'ascite,4,"A et C présents sur la même page, B absent du document"
B2_001568,img20250709_16531341_trace_sepsis_V1.6-V6.5-SELECTIVE_PRECISION.json,STRONG,TRAITEMENT,antibiotique_inadequat_pour,MICRO_ORGANISME,micro_organisme_isole_dans,FOYER_INFECTIEUX,P4_E019,rivotril,4,P4_E064,sinusite sphénoïdale droite,4,"A et C présents sur la même page, B absent du document"
B2_001569,img20250709_16531341_trace_sepsis_V1.6-V6.5-SELECTIVE_PRECISION.json,STRONG,TRAITEMENT,antibiotique_inadequat_pour,MICRO_ORGANISME,micro_organisme_isole_dans,FOYER_INFECTIEUX,P4_E019,rivotril,4,P4_V66_E002,sinusite sphénoïdale (PL,4,"A et C présents sur la même page, B absent du document"
B2_001570,img20250709_16531341_trace_sepsis_V1.6-V6.5-SELECTIVE_PRECISION.json,MEDIUM,TRAITEMENT,antibiotique_inadequat_pour,MICRO_ORGANISME,micro_organisme_isole_dans,FOYER_INFECTIEUX,P4_E020,dilantin,4,P2_V66_E002,sinusite sphénoïdale du côté droit,2,"A et C présents dans le document, B absent du document"
B2_001571,img20250709_16531341_trace_sepsis_V1.6-V6.5-SELECTIVE_PRECISION.json,STRONG,TRAITEMENT,antibiotique_inadequat_pour,MICRO_ORGANISME,micro_organisme_isole_dans,FOYER_INFECTIEUX,P4_E020,dilantin,4,P4_E008,Infection d'ascite,4,"A et C présents sur la même page, B absent du document"
B2_001572,img20250709_16531341_trace_sepsis_V1.6-V6.5-SELECTIVE_PRECISION.json,STRONG,TRAITEMENT,antibiotique_inadequat_pour,MICRO_ORGANISME,micro_organisme_isole_dans,FOYER_INFECTIEUX,P4_E020,dilantin,4,P4_E064,sinusite sphénoïdale droite,4,"A et C présents sur la même page, B absent du document"
B2_001573,img20250709_16531341_trace_sepsis_V1.6-V6.5-SELECTIVE_PRECISION.json,STRONG,TRAITEMENT,antibiotique_inadequat_pour,MICRO_ORGANISME,micro_organisme_isole_dans,FOYER_INFECTIEUX,P4_E020,dilantin,4,P4_V66_E002,sinusite sphénoïdale (PL,4,"A et C présents sur la même page, B absent du document"
B2_001574,img20250709_16531341_trace_sepsis_V1.6-V6.5-SELECTIVE_PRECISION.json,MEDIUM,TRAITEMENT,antibiotique_inadequat_pour,MICRO_ORGANISME,micro_organisme_isole_dans,FOYER_INFECTIEUX,P4_E021,gardenal,4,P2_V66_E002,sinusite sphénoïdale du côté droit,2,"A et C présents dans le document, B absent du document"
B2_001575,img20250709_16531341_trace_sepsis_V1.6-V6.5-SELECTIVE_PRECISION.json,STRONG,TRAITEMENT,antibiotique_inadequat_pour,MICRO_ORGANISME,micro_organisme_isole_dans,FOYER_INFECTIEUX,P4_E021,gardenal,4,P4_E008,Infection d'ascite,4,"A et C présents sur la même page, B absent du document"
B2_001576,img20250709_16531341_trace_sepsis_V1.6-V6.5-SELECTIVE_PRECISION.json,STRONG,TRAITEMENT,antibiotique_inadequat_pour,MICRO_ORGANISME,micro_organisme_isole_dans,FOYER_INFECTIEUX,P4_E021,gardenal,4,P4_E064,sinusite sphénoïdale droite,4,"A et C présents sur la même page, B absent du document"
B2_001577,img20250709_16531341_trace_sepsis_V1.6-V6.5-SELECTIVE_PRECISION.json,STRONG,TRAITEMENT,antibiotique_inadequat_pour,MICRO_ORGANISME,micro_organisme_isole_dans,FOYER_INFECTIEUX,P4_E021,gardenal,4,P4_V66_E002,sinusite sphénoïdale (PL,4,"A et C présents sur la même page, B absent du document"
B2_001578,img20250709_16531341_trace_sepsis_V1.6-V6.5-SELECTIVE_PRECISION.json,MEDIUM,TRAITEMENT,antibiotique_inadequat_pour,MICRO_ORGANISME,micro_organisme_isole_dans,FOYER_INFECTIEUX,P4_E054,Transfusion,4,P2_V66_E002,sinusite sphénoïdale du côté droit,2,"A et C présents dans le document, B absent du document"
B2_001579,img20250709_16531341_trace_sepsis_V1.6-V6.5-SELECTIVE_PRECISION.json,STRONG,TRAITEMENT,antibiotique_inadequat_pour,MICRO_ORGANISME,micro_organisme_isole_dans,FOYER_INFECTIEUX,P4_E054,Transfusion,4,P4_E008,Infection d'ascite,4,"A et C présents sur la même page, B absent du document"
B2_001580,img20250709_16531341_trace_sepsis_V1.6-V6.5-SELECTIVE_PRECISION.json,STRONG,TRAITEMENT,antibiotique_inadequat_pour,MICRO_ORGANISME,micro_organisme_isole_dans,FOYER_INFECTIEUX,P4_E054,Transfusion,4,P4_E064,sinusite sphénoïdale droite,4,"A et C présents sur la même page, B absent du document"
B2_001581,img20250709_16531341_trace_sepsis_V1.6-V6.5-SELECTIVE_PRECISION.json,STRONG,TRAITEMENT,antibiotique_inadequat_pour,MICRO_ORGANISME,micro_organisme_isole_dans,FOYER_INFECTIEUX,P4_E054,Transfusion,4,P4_V66_E002,sinusite sphénoïdale (PL,4,"A et C présents sur la même page, B absent du document"
B2_001582,img20250709_16531341_trace_sepsis_V1.6-V6.5-SELECTIVE_PRECISION.json,MEDIUM,TRAITEMENT,antibiotique_inadequat_pour,MICRO_ORGANISME,micro_organisme_isole_dans,FOYER_INFECTIEUX,P4_E055,O2,4,P2_V66_E002,sinusite sphénoïdale du côté droit,2,"A et C présents dans le document, B absent du document"
B2_001583,img20250709_16531341_trace_sepsis_V1.6-V6.5-SELECTIVE_PRECISION.json,STRONG,TRAITEMENT,antibiotique_inadequat_pour,MICRO_ORGANISME,micro_organisme_isole_dans,FOYER_INFECTIEUX,P4_E055,O2,4,P4_E008,Infection d'ascite,4,"A et C présents sur la même page, B absent du document"
B2_001584,img20250709_16531341_trace_sepsis_V1.6-V6.5-SELECTIVE_PRECISION.json,STRONG,TRAITEMENT,antibiotique_inadequat_pour,MICRO_ORGANISME,micro_organisme_isole_dans,FOYER_INFECTIEUX,P4_E055,O2,4,P4_E064,sinusite sphénoïdale droite,4,"A et C présents sur la même page, B absent du document"
B2_001585,img20250709_16531341_trace_sepsis_V1.6-V6.5-SELECTIVE_PRECISION.json,STRONG,TRAITEMENT,antibiotique_inadequat_pour,MICRO_ORGANISME,micro_organisme_isole_dans,FOYER_INFECTIEUX,P4_E055,O2,4,P4_V66_E002,sinusite sphénoïdale (PL,4,"A et C présents sur la même page, B absent du document"
B2_001586,img20250709_16531341_trace_sepsis_V1.6-V6.5-SELECTIVE_PRECISION.json,MEDIUM,TRAITEMENT,antibiotique_inadequat_pour,MICRO_ORGANISME,micro_organisme_isole_dans,FOYER_INFECTIEUX,P4_V65_002,AUGMENTIN,4,P2_V66_E002,sinusite sphénoïdale du côté droit,2,"A et C présents dans le document, B absent du document"
B2_001587,img20250709_16531341_trace_sepsis_V1.6-V6.5-SELECTIVE_PRECISION.json,STRONG,TRAITEMENT,antibiotique_inadequat_pour,MICRO_ORGANISME,micro_organisme_isole_dans,FOYER_INFECTIEUX,P4_V65_002,AUGMENTIN,4,P4_E008,Infection d'ascite,4,"A et C présents sur la même page, B absent du document"
B2_001588,img20250709_16531341_trace_sepsis_V1.6-V6.5-SELECTIVE_PRECISION.json,STRONG,TRAITEMENT,antibiotique_inadequat_pour,MICRO_ORGANISME,micro_organisme_isole_dans,FOYER_INFECTIEUX,P4_V65_002,AUGMENTIN,4,P4_E064,sinusite sphénoïdale droite,4,"A et C présents sur la même page, B absent du document"
B2_001589,img20250709_16531341_trace_sepsis_V1.6-V6.5-SELECTIVE_PRECISION.json,STRONG,TRAITEMENT,antibiotique_inadequat_pour,MICRO_ORGANISME,micro_organisme_isole_dans,FOYER_INFECTIEUX,P4_V65_002,AUGMENTIN,4,P4_V66_E002,sinusite sphénoïdale (PL,4,"A et C présents sur la même page, B absent du document"
B2_001590,img20250709_16531341_trace_sepsis_V1.6-V6.5-SELECTIVE_PRECISION.json,MEDIUM,TRAITEMENT,antibiotique_inadequat_pour,MICRO_ORGANISME,micro_organisme_isole_dans,FOYER_INFECTIEUX,P4_V66_E001,IOT,4,P2_V66_E002,sinusite sphénoïdale du côté droit,2,"A et C présents dans le document, B absent du document"
B2_001591,img20250709_16531341_trace_sepsis_V1.6-V6.5-SELECTIVE_PRECISION.json,STRONG,TRAITEMENT,antibiotique_inadequat_pour,MICRO_ORGANISME,micro_organisme_isole_dans,FOYER_INFECTIEUX,P4_V66_E001,IOT,4,P4_E008,Infection d'ascite,4,"A et C présents sur la même page, B absent du document"
B2_001592,img20250709_16531341_trace_sepsis_V1.6-V6.5-SELECTIVE_PRECISION.json,STRONG,TRAITEMENT,antibiotique_inadequat_pour,MICRO_ORGANISME,micro_organisme_isole_dans,FOYER_INFECTIEUX,P4_V66_E001,IOT,4,P4_E064,sinusite sphénoïdale droite,4,"A et C présents sur la même page, B absent du document"
B2_001593,img20250709_16531341_trace_sepsis_V1.6-V6.5-SELECTIVE_PRECISION.json,STRONG,TRAITEMENT,antibiotique_inadequat_pour,MICRO_ORGANISME,micro_organisme_isole_dans,FOYER_INFECTIEUX,P4_V66_E001,IOT,4,P4_V66_E002,sinusite sphénoïdale (PL,4,"A et C présents sur la même page, B absent du document"
B2_001594,img20250709_16531341_trace_sepsis_V1.6-V6.5-SELECTIVE_PRECISION.json,MEDIUM,TRAITEMENT,antibiotique_inadequat_pour,MICRO_ORGANISME,micro_organisme_isole_dans,FOYER_INFECTIEUX,P5_E001,ROCEPHINE,5,P2_V66_E002,sinusite sphénoïdale du côté droit,2,"A et C présents dans le document, B absent du document"
B2_001595,img20250709_16531341_trace_sepsis_V1.6-V6.5-SELECTIVE_PRECISION.json,MEDIUM,TRAITEMENT,antibiotique_inadequat_pour,MICRO_ORGANISME,micro_organisme_isole_dans,FOYER_INFECTIEUX,P5_E001,ROCEPHINE,5,P4_E008,Infection d'ascite,4,"A et C présents dans le document, B absent du document"
B2_001596,img20250709_16531341_trace_sepsis_V1.6-V6.5-SELECTIVE_PRECISION.json,MEDIUM,TRAITEMENT,antibiotique_inadequat_pour,MICRO_ORGANISME,micro_organisme_isole_dans,FOYER_INFECTIEUX,P5_E001,ROCEPHINE,5,P4_E064,sinusite sphénoïdale droite,4,"A et C présents dans le document, B absent du document"
B2_001597,img20250709_16531341_trace_sepsis_V1.6-V6.5-SELECTIVE_PRECISION.json,MEDIUM,TRAITEMENT,antibiotique_inadequat_pour,MICRO_ORGANISME,micro_organisme_isole_dans,FOYER_INFECTIEUX,P5_E001,ROCEPHINE,5,P4_V66_E002,sinusite sphénoïdale (PL,4,"A et C présents dans le document, B absent du document"
B2_001598,img20250709_16531341_trace_sepsis_V1.6-V6.5-SELECTIVE_PRECISION.json,MEDIUM,TRAITEMENT,antibiotique_inadequat_pour,MICRO_ORGANISME,micro_organisme_isole_dans,FOYER_INFECTIEUX,P5_E002,tienam,5,P2_V66_E002,sinusite sphénoïdale du côté droit,2,"A et C présents dans le document, B absent du document"
B2_001599,img20250709_16531341_trace_sepsis_V1.6-V6.5-SELECTIVE_PRECISION.json,MEDIUM,TRAITEMENT,antibiotique_inadequat_pour,MICRO_ORGANISME,micro_organisme_isole_dans,FOYER_INFECTIEUX,P5_E002,tienam,5,P4_E008,Infection d'ascite,4,"A et C présents dans le document, B absent du document"
B2_001600,img20250709_16531341_trace_sepsis_V1.6-V6.5-SELECTIVE_PRECISION.json,MEDIUM,TRAITEMENT,antibiotique_inadequat_pour,MICRO_ORGANISME,micro_organisme_isole_dans,FOYER_INFECTIEUX,P5_E002,tienam,5,P4_E064,sinusite sphénoïdale droite,4,"A et C présents dans le document, B absent du document"
B2_001601,img20250709_16531341_trace_sepsis_V1.6-V6.5-SELECTIVE_PRECISION.json,MEDIUM,TRAITEMENT,antibiotique_inadequat_pour,MICRO_ORGANISME,micro_organisme_isole_dans,FOYER_INFECTIEUX,P5_E002,tienam,5,P4_V66_E002,sinusite sphénoïdale (PL,4,"A et C présents dans le document, B absent du document"
B2_001602,img20250709_16531341_trace_sepsis_V1.6-V6.5-SELECTIVE_PRECISION.json,MEDIUM,TRAITEMENT,antibiotique_inadequat_pour,MICRO_ORGANISME,micro_organisme_isole_dans,FOYER_INFECTIEUX,P5_E003,amiklin,5,P2_V66_E002,sinusite sphénoïdale du côté droit,2,"A et C présents dans le document, B absent du document"
B2_001603,img20250709_16531341_trace_sepsis_V1.6-V6.5-SELECTIVE_PRECISION.json,MEDIUM,TRAITEMENT,antibiotique_inadequat_pour,MICRO_ORGANISME,micro_organisme_isole_dans,FOYER_INFECTIEUX,P5_E003,amiklin,5,P4_E008,Infection d'ascite,4,"A et C présents dans le document, B absent du document"
B2_001604,img20250709_16531341_trace_sepsis_V1.6-V6.5-SELECTIVE_PRECISION.json,MEDIUM,TRAITEMENT,antibiotique_inadequat_pour,MICRO_ORGANISME,micro_organisme_isole_dans,FOYER_INFECTIEUX,P5_E003,amiklin,5,P4_E064,sinusite sphénoïdale droite,4,"A et C présents dans le document, B absent du document"
B2_001605,img20250709_16531341_trace_sepsis_V1.6-V6.5-SELECTIVE_PRECISION.json,MEDIUM,TRAITEMENT,antibiotique_inadequat_pour,MICRO_ORGANISME,micro_organisme_isole_dans,FOYER_INFECTIEUX,P5_E003,amiklin,5,P4_V66_E002,sinusite sphénoïdale (PL,4,"A et C présents dans le document, B absent du document"
B2_001606,img20250709_16531341_trace_sepsis_V1.6-V6.5-SELECTIVE_PRECISION.json,MEDIUM,TRAITEMENT,antibiotique_inadequat_pour,MICRO_ORGANISME,micro_organisme_isole_dans,FOYER_INFECTIEUX,P5_E004,sufenta,5,P2_V66_E002,sinusite sphénoïdale du côté droit,2,"A et C présents dans le document, B absent du document"
B2_001607,img20250709_16531341_trace_sepsis_V1.6-V6.5-SELECTIVE_PRECISION.json,MEDIUM,TRAITEMENT,antibiotique_inadequat_pour,MICRO_ORGANISME,micro_organisme_isole_dans,FOYER_INFECTIEUX,P5_E004,sufenta,5,P4_E008,Infection d'ascite,4,"A et C présents dans le document, B absent du document"
B2_001608,img20250709_16531341_trace_sepsis_V1.6-V6.5-SELECTIVE_PRECISION.json,MEDIUM,TRAITEMENT,antibiotique_inadequat_pour,MICRO_ORGANISME,micro_organisme_isole_dans,FOYER_INFECTIEUX,P5_E004,sufenta,5,P4_E064,sinusite sphénoïdale droite,4,"A et C présents dans le document, B absent du document"
B2_001609,img20250709_16531341_trace_sepsis_V1.6-V6.5-SELECTIVE_PRECISION.json,MEDIUM,TRAITEMENT,antibiotique_inadequat_pour,MICRO_ORGANISME,micro_organisme_isole_dans,FOYER_INFECTIEUX,P5_E004,sufenta,5,P4_V66_E002,sinusite sphénoïdale (PL,4,"A et C présents dans le document, B absent du document"
B2_001610,img20250709_16531341_trace_sepsis_V1.6-V6.5-SELECTIVE_PRECISION.json,MEDIUM,TRAITEMENT,antibiotique_inadequat_pour,MICRO_ORGANISME,micro_organisme_isole_dans,FOYER_INFECTIEUX,P5_E006,noradrénaline,5,P2_V66_E002,sinusite sphénoïdale du côté droit,2,"A et C présents dans le document, B absent du document"
B2_001611,img20250709_16531341_trace_sepsis_V1.6-V6.5-SELECTIVE_PRECISION.json,MEDIUM,TRAITEMENT,antibiotique_inadequat_pour,MICRO_ORGANISME,micro_organisme_isole_dans,FOYER_INFECTIEUX,P5_E006,noradrénaline,5,P4_E008,Infection d'ascite,4,"A et C présents dans le document, B absent du document"
B2_001612,img20250709_16531341_trace_sepsis_V1.6-V6.5-SELECTIVE_PRECISION.json,MEDIUM,TRAITEMENT,antibiotique_inadequat_pour,MICRO_ORGANISME,micro_organisme_isole_dans,FOYER_INFECTIEUX,P5_E006,noradrénaline,5,P4_E064,sinusite sphénoïdale droite,4,"A et C présents dans le document, B absent du document"
B2_001613,img20250709_16531341_trace_sepsis_V1.6-V6.5-SELECTIVE_PRECISION.json,MEDIUM,TRAITEMENT,antibiotique_inadequat_pour,MICRO_ORGANISME,micro_organisme_isole_dans,FOYER_INFECTIEUX,P5_E006,noradrénaline,5,P4_V66_E002,sinusite sphénoïdale (PL,4,"A et C présents dans le document, B absent du document"
B2_001614,img20250709_16531341_trace_sepsis_V1.6-V6.5-SELECTIVE_PRECISION.json,MEDIUM,TRAITEMENT,antibiotique_inadequat_pour,MICRO_ORGANISME,micro_organisme_isole_dans,FOYER_INFECTIEUX,P5_E008,dialyse,5,P2_V66_E002,sinusite sphénoïdale du côté droit,2,"A et C présents dans le document, B absent du document"
B2_001615,img20250709_16531341_trace_sepsis_V1.6-V6.5-SELECTIVE_PRECISION.json,MEDIUM,TRAITEMENT,antibiotique_inadequat_pour,MICRO_ORGANISME,micro_organisme_isole_dans,FOYER_INFECTIEUX,P5_E008,dialyse,5,P4_E008,Infection d'ascite,4,"A et C présents dans le document, B absent du document"
B2_001616,img20250709_16531341_trace_sepsis_V1.6-V6.5-SELECTIVE_PRECISION.json,MEDIUM,TRAITEMENT,antibiotique_inadequat_pour,MICRO_ORGANISME,micro_organisme_isole_dans,FOYER_INFECTIEUX,P5_E008,dialyse,5,P4_E064,sinusite sphénoïdale droite,4,"A et C présents dans le document, B absent du document"
B2_001617,img20250709_16531341_trace_sepsis_V1.6-V6.5-SELECTIVE_PRECISION.json,MEDIUM,TRAITEMENT,antibiotique_inadequat_pour,MICRO_ORGANISME,micro_organisme_isole_dans,FOYER_INFECTIEUX,P5_E008,dialyse,5,P4_V66_E002,sinusite sphénoïdale (PL,4,"A et C présents dans le document, B absent du document"
B2_001618,img20250709_16531341_trace_sepsis_V1.6-V6.5-SELECTIVE_PRECISION.json,MEDIUM,TRAITEMENT,antibiotique_inadequat_pour,MICRO_ORGANISME,micro_organisme_isole_dans,FOYER_INFECTIEUX,P5_E015,Transfusion,5,P2_V66_E002,sinusite sphénoïdale du côté droit,2,"A et C présents dans le document, B absent du document"
B2_001619,img20250709_16531341_trace_sepsis_V1.6-V6.5-SELECTIVE_PRECISION.json,MEDIUM,TRAITEMENT,antibiotique_inadequat_pour,MICRO_ORGANISME,micro_organisme_isole_dans,FOYER_INFECTIEUX,P5_E015,Transfusion,5,P4_E008,Infection d'ascite,4,"A et C présents dans le document, B absent du document"
B2_001620,img20250709_16531341_trace_sepsis_V1.6-V6.5-SELECTIVE_PRECISION.json,MEDIUM,TRAITEMENT,antibiotique_inadequat_pour,MICRO_ORGANISME,micro_organisme_isole_dans,FOYER_INFECTIEUX,P5_E015,Transfusion,5,P4_E064,sinusite sphénoïdale droite,4,"A et C présents dans le document, B absent du document"
B2_001621,img20250709_16531341_trace_sepsis_V1.6-V6.5-SELECTIVE_PRECISION.json,MEDIUM,TRAITEMENT,antibiotique_inadequat_pour,MICRO_ORGANISME,micro_organisme_isole_dans,FOYER_INFECTIEUX,P5_E015,Transfusion,5,P4_V66_E002,sinusite sphénoïdale (PL,4,"A et C présents dans le document, B absent du document"
B2_001622,img20250709_16553580_trace_sepsis_V1.6-V6.5-SELECTIVE_PRECISION.json,STRONG,COMORBIDITE_ANTECEDENT,a_pour_contexte_acquisition,CONTEXTE_ACQUISITION,contexte_acquisition_influence_risque_resistance,MICRO_ORGANISME,P1_E001,pemphigoïde bulleuse,1,P1_V66_E001,SAMS,1,"A et C présents sur la même page, B absent du document"
B2_001623,img20250709_16553580_trace_sepsis_V1.6-V6.5-SELECTIVE_PRECISION.json,STRONG,COMORBIDITE_ANTECEDENT,a_pour_contexte_acquisition,CONTEXTE_ACQUISITION,contexte_acquisition_influence_risque_resistance,MICRO_ORGANISME,P1_E002,HTA,1,P1_V66_E001,SAMS,1,"A et C présents sur la même page, B absent du document"
B2_001624,img20250709_16553580_trace_sepsis_V1.6-V6.5-SELECTIVE_PRECISION.json,STRONG,COMORBIDITE_ANTECEDENT,a_pour_contexte_acquisition,CONTEXTE_ACQUISITION,contexte_acquisition_influence_risque_resistance,MICRO_ORGANISME,P1_E003,gastrite,1,P1_V66_E001,SAMS,1,"A et C présents sur la même page, B absent du document"
B2_001625,img20250709_16553580_trace_sepsis_V1.6-V6.5-SELECTIVE_PRECISION.json,STRONG,COMORBIDITE_ANTECEDENT,a_pour_contexte_acquisition,CONTEXTE_ACQUISITION,contexte_acquisition_influence_risque_resistance,MICRO_ORGANISME,P1_E004,myasthénie auto immune,1,P1_V66_E001,SAMS,1,"A et C présents sur la même page, B absent du document"
B2_001626,img20250709_16553580_trace_sepsis_V1.6-V6.5-SELECTIVE_PRECISION.json,STRONG,COMORBIDITE_ANTECEDENT,a_pour_contexte_acquisition,CONTEXTE_ACQUISITION,contexte_acquisition_influence_risque_resistance,MICRO_ORGANISME,P1_E005,antiRAC positifs à 90 nM,1,P1_V66_E001,SAMS,1,"A et C présents sur la même page, B absent du document"
B2_001627,img20250709_16553580_trace_sepsis_V1.6-V6.5-SELECTIVE_PRECISION.json,STRONG,COMORBIDITE_ANTECEDENT,a_pour_contexte_acquisition,CONTEXTE_ACQUISITION,contexte_acquisition_influence_risque_resistance,MICRO_ORGANISME,P1_E006,crise myasthénique,1,P1_V66_E001,SAMS,1,"A et C présents sur la même page, B absent du document"
B2_001628,img20250709_16553580_trace_sepsis_V1.6-V6.5-SELECTIVE_PRECISION.json,STRONG,COMORBIDITE_ANTECEDENT,a_pour_contexte_acquisition,CONTEXTE_ACQUISITION,contexte_acquisition_influence_risque_resistance,MICRO_ORGANISME,P1_E024,DID corticoinduit,1,P1_V66_E001,SAMS,1,"A et C présents sur la même page, B absent du document"
B2_001629,img20250709_16553580_trace_sepsis_V1.6-V6.5-SELECTIVE_PRECISION.json,MEDIUM,COMORBIDITE_ANTECEDENT,a_pour_contexte_acquisition,CONTEXTE_ACQUISITION,contexte_acquisition_influence_risque_resistance,MICRO_ORGANISME,P3_E033,ostéoporose fracturaire corticoinduite,3,P1_V66_E001,SAMS,1,"A et C présents dans le document, B absent du document"
B2_001630,img20250709_16562087_trace_sepsis_V1.6-V6.5-SELECTIVE_PRECISION.json,MEDIUM,COMORBIDITE_ANTECEDENT,a_pour_contexte_acquisition,CONTEXTE_ACQUISITION,contexte_acquisition_influence_risque_resistance,MICRO_ORGANISME,P1_E001,HTA,1,P4_V66_E001,SAMS,4,"A et C présents dans le document, B absent du document"
B2_001631,img20250709_16562087_trace_sepsis_V1.6-V6.5-SELECTIVE_PRECISION.json,MEDIUM,COMORBIDITE_ANTECEDENT,a_pour_contexte_acquisition,CONTEXTE_ACQUISITION,contexte_acquisition_influence_risque_resistance,MICRO_ORGANISME,P1_E001,HTA,1,P4_V66_E002,E. coli,4,"A et C présents dans le document, B absent du document"
B2_001632,img20250709_16562087_trace_sepsis_V1.6-V6.5-SELECTIVE_PRECISION.json,MEDIUM,COMORBIDITE_ANTECEDENT,a_pour_contexte_acquisition,CONTEXTE_ACQUISITION,contexte_acquisition_influence_risque_resistance,MICRO_ORGANISME,P1_E002,Gastrite en 1992,1,P4_V66_E001,SAMS,4,"A et C présents dans le document, B absent du document"
B2_001633,img20250709_16562087_trace_sepsis_V1.6-V6.5-SELECTIVE_PRECISION.json,MEDIUM,COMORBIDITE_ANTECEDENT,a_pour_contexte_acquisition,CONTEXTE_ACQUISITION,contexte_acquisition_influence_risque_resistance,MICRO_ORGANISME,P1_E002,Gastrite en 1992,1,P4_V66_E002,E. coli,4,"A et C présents dans le document, B absent du document"
B2_001634,img20250709_16562087_trace_sepsis_V1.6-V6.5-SELECTIVE_PRECISION.json,MEDIUM,COMORBIDITE_ANTECEDENT,a_pour_contexte_acquisition,CONTEXTE_ACQUISITION,contexte_acquisition_influence_risque_resistance,MICRO_ORGANISME,P1_E003,Pemphigoide bulleuse,1,P4_V66_E001,SAMS,4,"A et C présents dans le document, B absent du document"
B2_001635,img20250709_16562087_trace_sepsis_V1.6-V6.5-SELECTIVE_PRECISION.json,MEDIUM,COMORBIDITE_ANTECEDENT,a_pour_contexte_acquisition,CONTEXTE_ACQUISITION,contexte_acquisition_influence_risque_resistance,MICRO_ORGANISME,P1_E003,Pemphigoide bulleuse,1,P4_V66_E002,E. coli,4,"A et C présents dans le document, B absent du document"
B2_001636,img20250709_16562087_trace_sepsis_V1.6-V6.5-SELECTIVE_PRECISION.json,MEDIUM,COMORBIDITE_ANTECEDENT,a_pour_contexte_acquisition,CONTEXTE_ACQUISITION,contexte_acquisition_influence_risque_resistance,MICRO_ORGANISME,P1_E004,Myasthénie diagnostiquée en mai 2013,1,P4_V66_E001,SAMS,4,"A et C présents dans le document, B absent du document"
B2_001637,img20250709_16562087_trace_sepsis_V1.6-V6.5-SELECTIVE_PRECISION.json,MEDIUM,COMORBIDITE_ANTECEDENT,a_pour_contexte_acquisition,CONTEXTE_ACQUISITION,contexte_acquisition_influence_risque_resistance,MICRO_ORGANISME,P1_E004,Myasthénie diagnostiquée en mai 2013,1,P4_V66_E002,E. coli,4,"A et C présents dans le document, B absent du document"
B2_001638,img20250709_16562087_trace_sepsis_V1.6-V6.5-SELECTIVE_PRECISION.json,MEDIUM,COMORBIDITE_ANTECEDENT,a_pour_contexte_acquisition,CONTEXTE_ACQUISITION,contexte_acquisition_influence_risque_resistance,MICRO_ORGANISME,P1_E005,Cholecystectomie en 1985,1,P4_V66_E001,SAMS,4,"A et C présents dans le document, B absent du document"
B2_001639,img20250709_16562087_trace_sepsis_V1.6-V6.5-SELECTIVE_PRECISION.json,MEDIUM,COMORBIDITE_ANTECEDENT,a_pour_contexte_acquisition,CONTEXTE_ACQUISITION,contexte_acquisition_influence_risque_resistance,MICRO_ORGANISME,P1_E005,Cholecystectomie en 1985,1,P4_V66_E002,E. coli,4,"A et C présents dans le document, B absent du document"
B2_001640,img20250709_16562087_trace_sepsis_V1.6-V6.5-SELECTIVE_PRECISION.json,STRONG,COMORBIDITE_ANTECEDENT,a_pour_contexte_acquisition,CONTEXTE_ACQUISITION,contexte_acquisition_influence_risque_resistance,MICRO_ORGANISME,P4_E027,myasthénie,4,P4_V66_E001,SAMS,4,"A et C présents sur la même page, B absent du document"
B2_001641,img20250709_16562087_trace_sepsis_V1.6-V6.5-SELECTIVE_PRECISION.json,STRONG,COMORBIDITE_ANTECEDENT,a_pour_contexte_acquisition,CONTEXTE_ACQUISITION,contexte_acquisition_influence_risque_resistance,MICRO_ORGANISME,P4_E027,myasthénie,4,P4_V66_E002,E. coli,4,"A et C présents sur la même page, B absent du document"
B2_001642,img20250709_16573733_trace_sepsis_V1.6-V6.5-SELECTIVE_PRECISION.json,MEDIUM,COMORBIDITE_ANTECEDENT,a_pour_contexte_acquisition,CONTEXTE_ACQUISITION,contexte_acquisition_influence_risque_resistance,MICRO_ORGANISME,P1_E021,adénocarcinome,1,P5_V66_E001,E. Coli,5,"A et C présents dans le document, B absent du document"
B2_001643,img20250709_16573733_trace_sepsis_V1.6-V6.5-SELECTIVE_PRECISION.json,STRONG,COMORBIDITE_ANTECEDENT,a_pour_contexte_acquisition,CONTEXTE_ACQUISITION,contexte_acquisition_influence_risque_resistance,MICRO_ORGANISME,P5_E029,Découverte d'une hypothyroidie pendant l'hospitalisation,5,P5_V66_E001,E. Coli,5,"A et C présents sur la même page, B absent du document"
B2_001644,img20250709_16573733_trace_sepsis_V1.6-V6.5-SELECTIVE_PRECISION.json,MEDIUM,COMORBIDITE_ANTECEDENT,a_pour_contexte_acquisition,CONTEXTE_ACQUISITION,contexte_acquisition_influence_risque_resistance,MICRO_ORGANISME,P6_E014,Dénutrition sévère,6,P5_V66_E001,E. Coli,5,"A et C présents dans le document, B absent du document"
B2_001645,img20250709_17005010_trace_sepsis_V1.6-V6.5-SELECTIVE_PRECISION.json,MEDIUM,COMORBIDITE_ANTECEDENT,a_pour_contexte_acquisition,CONTEXTE_ACQUISITION,contexte_acquisition_influence_risque_resistance,MICRO_ORGANISME,P1_E001,AVC hémorragique en 2011,1,P4_E028,positifs à BGN,4,"A et C présents dans le document, B absent du document"
B2_001646,img20250709_17005010_trace_sepsis_V1.6-V6.5-SELECTIVE_PRECISION.json,MEDIUM,COMORBIDITE_ANTECEDENT,a_pour_contexte_acquisition,CONTEXTE_ACQUISITION,contexte_acquisition_influence_risque_resistance,MICRO_ORGANISME,P1_E001,AVC hémorragique en 2011,1,P4_E029,à germes anaérobies,4,"A et C présents dans le document, B absent du document"
B2_001647,img20250709_17005010_trace_sepsis_V1.6-V6.5-SELECTIVE_PRECISION.json,MEDIUM,COMORBIDITE_ANTECEDENT,a_pour_contexte_acquisition,CONTEXTE_ACQUISITION,contexte_acquisition_influence_risque_resistance,MICRO_ORGANISME,P1_E002,hémiplégie droite et dysarthrie séquellaire,1,P4_E028,positifs à BGN,4,"A et C présents dans le document, B absent du document"
B2_001648,img20250709_17005010_trace_sepsis_V1.6-V6.5-SELECTIVE_PRECISION.json,MEDIUM,COMORBIDITE_ANTECEDENT,a_pour_contexte_acquisition,CONTEXTE_ACQUISITION,contexte_acquisition_influence_risque_resistance,MICRO_ORGANISME,P1_E002,hémiplégie droite et dysarthrie séquellaire,1,P4_E029,à germes anaérobies,4,"A et C présents dans le document, B absent du document"
B2_001649,img20250709_17005010_trace_sepsis_V1.6-V6.5-SELECTIVE_PRECISION.json,MEDIUM,COMORBIDITE_ANTECEDENT,a_pour_contexte_acquisition,CONTEXTE_ACQUISITION,contexte_acquisition_influence_risque_resistance,MICRO_ORGANISME,P1_E003,Syndrome dépressif,1,P4_E028,positifs à BGN,4,"A et C présents dans le document, B absent du document"
B2_001650,img20250709_17005010_trace_sepsis_V1.6-V6.5-SELECTIVE_PRECISION.json,MEDIUM,COMORBIDITE_ANTECEDENT,a_pour_contexte_acquisition,CONTEXTE_ACQUISITION,contexte_acquisition_influence_risque_resistance,MICRO_ORGANISME,P1_E003,Syndrome dépressif,1,P4_E029,à germes anaérobies,4,"A et C présents dans le document, B absent du document"
B2_001651,img20250709_17005010_trace_sepsis_V1.6-V6.5-SELECTIVE_PRECISION.json,MEDIUM,COMORBIDITE_ANTECEDENT,a_pour_contexte_acquisition,CONTEXTE_ACQUISITION,contexte_acquisition_influence_risque_resistance,MICRO_ORGANISME,P1_E004,Ethylisme chronique,1,P4_E028,positifs à BGN,4,"A et C présents dans le document, B absent du document"
B2_001652,img20250709_17005010_trace_sepsis_V1.6-V6.5-SELECTIVE_PRECISION.json,MEDIUM,COMORBIDITE_ANTECEDENT,a_pour_contexte_acquisition,CONTEXTE_ACQUISITION,contexte_acquisition_influence_risque_resistance,MICRO_ORGANISME,P1_E004,Ethylisme chronique,1,P4_E029,à germes anaérobies,4,"A et C présents dans le document, B absent du document"
B2_001653,img20250709_17005010_trace_sepsis_V1.6-V6.5-SELECTIVE_PRECISION.json,MEDIUM,COMORBIDITE_ANTECEDENT,a_pour_contexte_acquisition,CONTEXTE_ACQUISITION,contexte_acquisition_influence_risque_resistance,MICRO_ORGANISME,P1_E005,Vit en maison de retraite,1,P4_E028,positifs à BGN,4,"A et C présents dans le document, B absent du document"
B2_001654,img20250709_17005010_trace_sepsis_V1.6-V6.5-SELECTIVE_PRECISION.json,MEDIUM,COMORBIDITE_ANTECEDENT,a_pour_contexte_acquisition,CONTEXTE_ACQUISITION,contexte_acquisition_influence_risque_resistance,MICRO_ORGANISME,P1_E005,Vit en maison de retraite,1,P4_E029,à germes anaérobies,4,"A et C présents dans le document, B absent du document"
B2_001655,img20250709_17005010_trace_sepsis_V1.6-V6.5-SELECTIVE_PRECISION.json,MEDIUM,COMORBIDITE_ANTECEDENT,a_pour_contexte_acquisition,CONTEXTE_ACQUISITION,contexte_acquisition_influence_risque_resistance,MICRO_ORGANISME,P1_E006,Grabataire,1,P4_E028,positifs à BGN,4,"A et C présents dans le document, B absent du document"
B2_001656,img20250709_17005010_trace_sepsis_V1.6-V6.5-SELECTIVE_PRECISION.json,MEDIUM,COMORBIDITE_ANTECEDENT,a_pour_contexte_acquisition,CONTEXTE_ACQUISITION,contexte_acquisition_influence_risque_resistance,MICRO_ORGANISME,P1_E006,Grabataire,1,P4_E029,à germes anaérobies,4,"A et C présents dans le document, B absent du document"
B2_001657,img20250709_17005010_trace_sepsis_V1.6-V6.5-SELECTIVE_PRECISION.json,MEDIUM,COMORBIDITE_ANTECEDENT,a_pour_contexte_acquisition,CONTEXTE_ACQUISITION,contexte_acquisition_influence_risque_resistance,MICRO_ORGANISME,P5_E024,hématome,5,P4_E028,positifs à BGN,4,"A et C présents dans le document, B absent du document"
B2_001658,img20250709_17005010_trace_sepsis_V1.6-V6.5-SELECTIVE_PRECISION.json,MEDIUM,COMORBIDITE_ANTECEDENT,a_pour_contexte_acquisition,CONTEXTE_ACQUISITION,contexte_acquisition_influence_risque_resistance,MICRO_ORGANISME,P5_E024,hématome,5,P4_E029,à germes anaérobies,4,"A et C présents dans le document, B absent du document"
