candidate_id,document,strength,entity_id,entity_type,entity_text,entity_page,top_relation,domain_type,image_type,score,matched_tokens,domain_candidate_count,image_candidate_count
C_000001,img20250709_16142502_trace_sepsis_V1.6-V6.5-SELECTIVE_PRECISION.json,WEAK,P1_E006,TRAITEMENT,traitement par augmentin | augmentin | antibiotique,1,traitement_administre_a,TRAITEMENT,DONNEE_PATIENT,0.5,traitement,5,3
C_000002,img20250709_16142502_trace_sepsis_V1.6-V6.5-SELECTIVE_PRECISION.json,WEAK,P1_E031,POSOLOGIE,1cp par jour | posologie,1,traitement_a_pour_posologie,TRAITEMENT,POSOLOGIE,0.5,posologie,6,10
C_000003,img20250709_16142502_trace_sepsis_V1.6-V6.5-SELECTIVE_PRECISION.json,WEAK,P2_E001,TRAITEMENT,Pristinamycine | antibiotique,2,antibiotique_inadequat_pour,TRAITEMENT,MICRO_ORGANISME,0.5,antibiotique,10,1
C_000004,img20250709_16142502_trace_sepsis_V1.6-V6.5-SELECTIVE_PRECISION.json,WEAK,P2_E008,TRAITEMENT,augmentin | antibiotique,2,antibiotique_inadequat_pour,TRAITEMENT,MICRO_ORGANISME,0.5,antibiotique,10,1
C_000005,img20250709_16142502_trace_sepsis_V1.6-V6.5-SELECTIVE_PRECISION.json,WEAK,P2_E009,TRAITEMENT,Rovamycine | antibiotique,2,antibiotique_inadequat_pour,TRAITEMENT,MICRO_ORGANISME,0.5,antibiotique,10,1
C_000006,img20250709_16142502_trace_sepsis_V1.6-V6.5-SELECTIVE_PRECISION.json,WEAK,P2_E010,TRAITEMENT,Flagyl | antibiotique,2,antibiotique_inadequat_pour,TRAITEMENT,MICRO_ORGANISME,0.5,antibiotique,10,1
C_000007,img20250709_16142502_trace_sepsis_V1.6-V6.5-SELECTIVE_PRECISION.json,WEAK,P2_E012,TRAITEMENT,métronidazole IV | métronidazole | antibiotique,2,antibiotique_inadequat_pour,TRAITEMENT,MICRO_ORGANISME,0.5,antibiotique,10,1
C_000008,img20250709_16142502_trace_sepsis_V1.6-V6.5-SELECTIVE_PRECISION.json,WEAK,P2_E014,TRAITEMENT,Claforan | antibiotique,2,antibiotique_inadequat_pour,TRAITEMENT,MICRO_ORGANISME,0.5,antibiotique,10,1
C_000009,img20250709_16142502_trace_sepsis_V1.6-V6.5-SELECTIVE_PRECISION.json,WEAK,P2_E015,TRAITEMENT,Amiklin | antibiotique,2,antibiotique_inadequat_pour,TRAITEMENT,MICRO_ORGANISME,0.5,antibiotique,10,1
C_000010,img20250709_16142502_trace_sepsis_V1.6-V6.5-SELECTIVE_PRECISION.json,WEAK,P2_E016,POSOLOGIE,Amiklin pendant 5 jours | 5 jours | 5 | duree_traitement,2,traitement_administre_a,TRAITEMENT,DONNEE_PATIENT,0.5,traitement,10,1
C_000011,img20250709_16142502_trace_sepsis_V1.6-V6.5-SELECTIVE_PRECISION.json,WEAK,P2_E054,POSOLOGIE,50 ml | posologie,2,traitement_a_pour_posologie,TRAITEMENT,POSOLOGIE,0.5,posologie,10,6
C_000012,img20250709_16142502_trace_sepsis_V1.6-V6.5-SELECTIVE_PRECISION.json,WEAK,P3_E031,POSOLOGIE,82 g | posologie,3,traitement_a_pour_posologie,TRAITEMENT,POSOLOGIE,0.5,posologie,10,1
C_000013,img20250709_16142502_trace_sepsis_V1.6-V6.5-SELECTIVE_PRECISION.json,WEAK,P3_E032,POSOLOGIE,FiO2 3 % | posologie,3,traitement_a_pour_posologie,TRAITEMENT,POSOLOGIE,0.5,posologie,10,1
C_000014,img20250709_16142502_trace_sepsis_V1.6-V6.5-SELECTIVE_PRECISION.json,WEAK,P4_E040,POSOLOGIE,52 g | posologie,4,traitement_a_pour_posologie,TRAITEMENT,POSOLOGIE,0.5,posologie,10,1
C_000015,img20250709_16142502_trace_sepsis_V1.6-V6.5-SELECTIVE_PRECISION.json,WEAK,P4_E041,POSOLOGIE,0.36 g | posologie,4,traitement_a_pour_posologie,TRAITEMENT,POSOLOGIE,0.5,posologie,10,1
C_000016,img20250709_16142502_trace_sepsis_V1.6-V6.5-SELECTIVE_PRECISION.json,WEAK,P6_E004,TRAITEMENT,Amiklin | antibiotique,6,antibiotique_inadequat_pour,TRAITEMENT,MICRO_ORGANISME,0.5,antibiotique,9,1
C_000017,img20250709_16142502_trace_sepsis_V1.6-V6.5-SELECTIVE_PRECISION.json,WEAK,P6_E005,TRAITEMENT,Tiénam | antibiotique,6,antibiotique_inadequat_pour,TRAITEMENT,MICRO_ORGANISME,0.5,antibiotique,9,1
C_000018,img20250709_16142502_trace_sepsis_V1.6-V6.5-SELECTIVE_PRECISION.json,WEAK,P6_E006,TRAITEMENT,Vancomycine | antibiotique,6,antibiotique_inadequat_pour,TRAITEMENT,MICRO_ORGANISME,0.5,antibiotique,9,1
C_000019,img20250709_16142502_trace_sepsis_V1.6-V6.5-SELECTIVE_PRECISION.json,WEAK,P6_E028,TRAITEMENT,amykacine | antibiotique,6,antibiotique_inadequat_pour,TRAITEMENT,MICRO_ORGANISME,0.5,antibiotique,9,1
C_000020,img20250709_16142502_trace_sepsis_V1.6-V6.5-SELECTIVE_PRECISION.json,WEAK,P6_E047,POSOLOGIE,2 mg | posologie,6,traitement_a_pour_posologie,TRAITEMENT,POSOLOGIE,0.5,posologie,10,3
C_000021,img20250709_16142502_trace_sepsis_V1.6-V6.5-SELECTIVE_PRECISION.json,WEAK,P6_E050,POSOLOGIE,2 x 2 mg d’adrénaline | 2 mg | posologie,6,traitement_a_pour_posologie,TRAITEMENT,POSOLOGIE,0.5,posologie,10,3
C_000022,img20250709_16154161_trace_sepsis_V1.6-V6.5-SELECTIVE_PRECISION.json,WEAK,P1_E007,TRAITEMENT,Crestor 5mg | Crestor | traitement_habituel,1,traitement_administre_a,TRAITEMENT,DONNEE_PATIENT,0.5,traitement,3,2
C_000023,img20250709_16154161_trace_sepsis_V1.6-V6.5-SELECTIVE_PRECISION.json,WEAK,P2_E005,TRAITEMENT,traité par amoxicilline | amoxicilline | antibiotique,2,antibiotique_inadequat_pour,TRAITEMENT,MICRO_ORGANISME,0.5,antibiotique,10,2
C_000024,img20250709_16154161_trace_sepsis_V1.6-V6.5-SELECTIVE_PRECISION.json,WEAK,P2_E006,POSOLOGIE,traité par amoxicilline 10jours | 10jours | 10 | duree_traitement,2,traitement_administre_a,TRAITEMENT,DONNEE_PATIENT,0.5,traitement,10,1
C_000025,img20250709_16154161_trace_sepsis_V1.6-V6.5-SELECTIVE_PRECISION.json,WEAK,P2_E008,TRAITEMENT,traité par Tazocilline puis Claforan | Tazocilline | antibiotique,2,antibiotique_inadequat_pour,TRAITEMENT,MICRO_ORGANISME,0.5,antibiotique,10,2
C_000026,img20250709_16154161_trace_sepsis_V1.6-V6.5-SELECTIVE_PRECISION.json,WEAK,P2_E009,POSOLOGIE,traité par Tazocilline puis Claforan pendant 7jours | 7jours | 7 | duree_traitement,2,traitement_administre_a,TRAITEMENT,DONNEE_PATIENT,0.5,traitement,10,1
C_000027,img20250709_16154161_trace_sepsis_V1.6-V6.5-SELECTIVE_PRECISION.json,WEAK,P2_E010,TRAITEMENT,traitement par insuline rapide | insuline rapide | insuline,2,traitement_administre_a,TRAITEMENT,DONNEE_PATIENT,0.5,traitement,10,1
C_000028,img20250709_16154161_trace_sepsis_V1.6-V6.5-SELECTIVE_PRECISION.json,WEAK,P2_E011,TRAITEMENT,traitement par NPH | NPH | insuline,2,traitement_administre_a,TRAITEMENT,DONNEE_PATIENT,0.5,traitement,10,1
C_000029,img20250709_16154161_trace_sepsis_V1.6-V6.5-SELECTIVE_PRECISION.json,WEAK,P4_E047,POSOLOGIE,82 g | posologie,4,traitement_a_pour_posologie,TRAITEMENT,POSOLOGIE,0.5,posologie,2,3
C_000030,img20250709_16154161_trace_sepsis_V1.6-V6.5-SELECTIVE_PRECISION.json,WEAK,P4_E051,BIOMARQUEUR,pCO2/T° patient 10.40 | autre_biomarqueur,4,biomarqueur_obtenu_a,BIOMARQUEUR,EVENEMENT_TEMPOREL,0.5,biomarqueur,10,1
C_000031,img20250709_16154161_trace_sepsis_V1.6-V6.5-SELECTIVE_PRECISION.json,WEAK,P4_E052,BIOMARQUEUR,pO2/T° patient 11.00 | autre_biomarqueur,4,biomarqueur_obtenu_a,BIOMARQUEUR,EVENEMENT_TEMPOREL,0.5,biomarqueur,10,1
C_000032,img20250709_16154161_trace_sepsis_V1.6-V6.5-SELECTIVE_PRECISION.json,WEAK,P4_E053,BIOMARQUEUR,pCO2/T° patient 6.60 | autre_biomarqueur,4,biomarqueur_obtenu_a,BIOMARQUEUR,EVENEMENT_TEMPOREL,0.5,biomarqueur,10,1
C_000033,img20250709_16154161_trace_sepsis_V1.6-V6.5-SELECTIVE_PRECISION.json,WEAK,P4_E054,BIOMARQUEUR,pO2/T° patient 12.20 | autre_biomarqueur,4,biomarqueur_obtenu_a,BIOMARQUEUR,EVENEMENT_TEMPOREL,0.5,biomarqueur,10,1
C_000034,img20250709_16154161_trace_sepsis_V1.6-V6.5-SELECTIVE_PRECISION.json,WEAK,P6_E016,TRAITEMENT,tazocilline | antibiotique,6,antibiotique_inadequat_pour,TRAITEMENT,MICRO_ORGANISME,0.5,antibiotique,8,2
C_000035,img20250709_16154161_trace_sepsis_V1.6-V6.5-SELECTIVE_PRECISION.json,WEAK,P6_E018,TRAITEMENT,Amiklin | antibiotique,6,antibiotique_inadequat_pour,TRAITEMENT,MICRO_ORGANISME,0.5,antibiotique,8,2
C_000036,img20250709_16154161_trace_sepsis_V1.6-V6.5-SELECTIVE_PRECISION.json,WEAK,P6_E041,POSOLOGIE,4/j | posologie,6,traitement_a_pour_posologie,TRAITEMENT,POSOLOGIE,0.5,posologie,9,2
C_000037,img20250709_16154161_trace_sepsis_V1.6-V6.5-SELECTIVE_PRECISION.json,WEAK,P6_E052,SIGNE_VITAL,pic fébrile à 38.9 | signe_vital,6,signe_vital_supporte_defaillance_organe,SIGNE_VITAL,DEFAILLANCE_ORGANE,0.48,signe | vital,2,3
C_000038,img20250709_16164845_trace_sepsis_V1.6-V6.5-SELECTIVE_PRECISION.json,WEAK,P1_E009,TRAITEMENT,Crestor 5mg | Crestor | traitement_habituel,1,traitement_administre_a,TRAITEMENT,DONNEE_PATIENT,0.5,traitement,3,2
C_000039,img20250709_16164845_trace_sepsis_V1.6-V6.5-SELECTIVE_PRECISION.json,WEAK,P2_E005,TRAITEMENT,traité par amoxicilline | amoxicilline | antibiotique,2,antibiotique_inadequat_pour,TRAITEMENT,MICRO_ORGANISME,0.5,antibiotique,10,2
C_000040,img20250709_16164845_trace_sepsis_V1.6-V6.5-SELECTIVE_PRECISION.json,WEAK,P2_E006,POSOLOGIE,traité par amoxicilline 10jours | 10jours | 10 | duree_traitement,2,traitement_administre_a,TRAITEMENT,DONNEE_PATIENT,0.5,traitement,10,1
C_000041,img20250709_16164845_trace_sepsis_V1.6-V6.5-SELECTIVE_PRECISION.json,WEAK,P2_E008,TRAITEMENT,traité par Tazocilline | Tazocilline | antibiotique,2,antibiotique_inadequat_pour,TRAITEMENT,MICRO_ORGANISME,0.5,antibiotique,10,2
C_000042,img20250709_16164845_trace_sepsis_V1.6-V6.5-SELECTIVE_PRECISION.json,WEAK,P2_E009,TRAITEMENT,puis Claforan | Claforan | antibiotique,2,antibiotique_inadequat_pour,TRAITEMENT,MICRO_ORGANISME,0.5,antibiotique,10,2
C_000043,img20250709_16164845_trace_sepsis_V1.6-V6.5-SELECTIVE_PRECISION.json,WEAK,P2_E010,POSOLOGIE,puis Claforan pendant 7jours | 7jours | 7 | duree_traitement,2,traitement_administre_a,TRAITEMENT,DONNEE_PATIENT,0.5,traitement,10,1
C_000044,img20250709_16164845_trace_sepsis_V1.6-V6.5-SELECTIVE_PRECISION.json,WEAK,P2_E011,TRAITEMENT,traitement par insuline rapide | insuline rapide | insuline,2,traitement_administre_a,TRAITEMENT,DONNEE_PATIENT,0.5,traitement,10,1
C_000045,img20250709_16164845_trace_sepsis_V1.6-V6.5-SELECTIVE_PRECISION.json,WEAK,P2_E012,TRAITEMENT,traitement par NPH | NPH | insuline,2,traitement_administre_a,TRAITEMENT,DONNEE_PATIENT,0.5,traitement,10,1
C_000046,img20250709_16164845_trace_sepsis_V1.6-V6.5-SELECTIVE_PRECISION.json,WEAK,P2_E020,TRAITEMENT,Amiklin et Vancomycine | Vancomycine | antibiotique,2,antibiotique_inadequat_pour,TRAITEMENT,MICRO_ORGANISME,0.5,antibiotique,10,2
C_000047,img20250709_16164845_trace_sepsis_V1.6-V6.5-SELECTIVE_PRECISION.json,WEAK,P2_E036,POSOLOGIE,6L/min | posologie,2,traitement_a_pour_posologie,TRAITEMENT,POSOLOGIE,0.5,posologie,10,2
C_000048,img20250709_16164845_trace_sepsis_V1.6-V6.5-SELECTIVE_PRECISION.json,WEAK,P2_E066,SIGNE_VITAL,TRC > 3 sec | signe_vital,2,signe_vital_supporte_defaillance_organe,SIGNE_VITAL,DEFAILLANCE_ORGANE,0.48,signe | vital,5,3
C_000049,img20250709_16164845_trace_sepsis_V1.6-V6.5-SELECTIVE_PRECISION.json,WEAK,P4_E047,POSOLOGIE,82 g | posologie,4,traitement_a_pour_posologie,TRAITEMENT,POSOLOGIE,0.5,posologie,2,3
C_000050,img20250709_16164845_trace_sepsis_V1.6-V6.5-SELECTIVE_PRECISION.json,WEAK,P4_E051,BIOMARQUEUR,pCO2/T° patient 10.40 | autre_biomarqueur,4,biomarqueur_obtenu_a,BIOMARQUEUR,EVENEMENT_TEMPOREL,0.5,biomarqueur,10,1
C_000051,img20250709_16164845_trace_sepsis_V1.6-V6.5-SELECTIVE_PRECISION.json,WEAK,P4_E052,BIOMARQUEUR,pO2/T° patient 11.00 | autre_biomarqueur,4,biomarqueur_obtenu_a,BIOMARQUEUR,EVENEMENT_TEMPOREL,0.5,biomarqueur,10,1
C_000052,img20250709_16164845_trace_sepsis_V1.6-V6.5-SELECTIVE_PRECISION.json,WEAK,P4_E053,BIOMARQUEUR,pCO2/T° patient 6.60 | autre_biomarqueur,4,biomarqueur_obtenu_a,BIOMARQUEUR,EVENEMENT_TEMPOREL,0.5,biomarqueur,10,1
C_000053,img20250709_16164845_trace_sepsis_V1.6-V6.5-SELECTIVE_PRECISION.json,WEAK,P4_E054,BIOMARQUEUR,pO2/T° patient 12.20 | autre_biomarqueur,4,biomarqueur_obtenu_a,BIOMARQUEUR,EVENEMENT_TEMPOREL,0.5,biomarqueur,10,1
C_000054,img20250709_16164845_trace_sepsis_V1.6-V6.5-SELECTIVE_PRECISION.json,WEAK,P6_E015,TRAITEMENT,tazocilline | antibiotique,6,antibiotique_inadequat_pour,TRAITEMENT,MICRO_ORGANISME,0.5,antibiotique,7,3
C_000055,img20250709_16164845_trace_sepsis_V1.6-V6.5-SELECTIVE_PRECISION.json,WEAK,P6_E016,POSOLOGIE,tazocilline 4g X 4/j | 4g X 4/j | antibiotique,6,antibiotique_inadequat_pour,TRAITEMENT,MICRO_ORGANISME,0.5,antibiotique,8,3
C_000056,img20250709_16164845_trace_sepsis_V1.6-V6.5-SELECTIVE_PRECISION.json,WEAK,P6_E017,TRAITEMENT,Amiklin | antibiotique,6,antibiotique_inadequat_pour,TRAITEMENT,MICRO_ORGANISME,0.5,antibiotique,7,3
C_000057,img20250709_16164845_trace_sepsis_V1.6-V6.5-SELECTIVE_PRECISION.json,WEAK,P6_E043,POSOLOGIE,1g | posologie,6,traitement_a_pour_posologie,TRAITEMENT,POSOLOGIE,0.5,posologie,8,2
C_000058,img20250709_16164845_trace_sepsis_V1.6-V6.5-SELECTIVE_PRECISION.json,WEAK,P6_E044,POSOLOGIE,4/j | posologie,6,traitement_a_pour_posologie,TRAITEMENT,POSOLOGIE,0.5,posologie,8,2
C_000059,img20250709_16183704_trace_sepsis_V1.6-V6.5-SELECTIVE_PRECISION.json,WEAK,P1_E012,TRAITEMENT,Crestor 5mg | Crestor | 5 | traitement_habituel,1,traitement_administre_a,TRAITEMENT,DONNEE_PATIENT,0.5,traitement,2,2
C_000060,img20250709_16183704_trace_sepsis_V1.6-V6.5-SELECTIVE_PRECISION.json,WEAK,P1_E017,POSOLOGIE,5mg | posologie,1,traitement_a_pour_posologie,TRAITEMENT,POSOLOGIE,0.5,posologie,3,1
C_000061,img20250709_16183704_trace_sepsis_V1.6-V6.5-SELECTIVE_PRECISION.json,WEAK,P2_E007,TRAITEMENT,Rocéphine | antibiotique,2,antibiotique_inadequat_pour,TRAITEMENT,MICRO_ORGANISME,0.5,antibiotique,10,1
C_000062,img20250709_16183704_trace_sepsis_V1.6-V6.5-SELECTIVE_PRECISION.json,WEAK,P2_E008,TRAITEMENT,Augmentin | antibiotique,2,antibiotique_inadequat_pour,TRAITEMENT,MICRO_ORGANISME,0.5,antibiotique,10,1
C_000063,img20250709_16183704_trace_sepsis_V1.6-V6.5-SELECTIVE_PRECISION.json,WEAK,P2_E009,POSOLOGIE,Augmentin 1g/125mg PO 1-1-1 pendant 10 jours (15/10) | 1g/125mg PO 1-1-1 pendant 10 jours | 10 | duree_traitement,2,traitement_administre_a,TRAITEMENT,DONNEE_PATIENT,0.5,traitement,10,3
C_000064,img20250709_16183704_trace_sepsis_V1.6-V6.5-SELECTIVE_PRECISION.json,WEAK,P2_E020,TRAITEMENT,Tahor 10mg 0-0-1 | Tahor | antibiotique,2,antibiotique_inadequat_pour,TRAITEMENT,MICRO_ORGANISME,0.5,antibiotique,10,1
C_000065,img20250709_16183704_trace_sepsis_V1.6-V6.5-SELECTIVE_PRECISION.json,WEAK,P2_E035,POSOLOGIE,Budésonide jusqu'au 5/11/14 | jusqu'au 5/11/14 | duree_traitement,2,traitement_administre_a,TRAITEMENT,DONNEE_PATIENT,0.5,traitement,10,3
C_000066,img20250709_16183704_trace_sepsis_V1.6-V6.5-SELECTIVE_PRECISION.json,WEAK,P2_E065,POSOLOGIE,125mg | posologie,2,traitement_a_pour_posologie,TRAITEMENT,POSOLOGIE,0.5,posologie,10,10
C_000067,img20250709_16183704_trace_sepsis_V1.6-V6.5-SELECTIVE_PRECISION.json,WEAK,P2_E067,POSOLOGIE,"0,2mL | posologie",2,traitement_a_pour_posologie,TRAITEMENT,POSOLOGIE,0.5,posologie,10,10
C_000068,img20250709_16183704_trace_sepsis_V1.6-V6.5-SELECTIVE_PRECISION.json,WEAK,P2_E068,POSOLOGIE,2mL | posologie,2,traitement_a_pour_posologie,TRAITEMENT,POSOLOGIE,0.5,posologie,10,10
C_000069,img20250709_16183704_trace_sepsis_V1.6-V6.5-SELECTIVE_PRECISION.json,WEAK,P2_E070,POSOLOGIE,10 jours | posologie,2,traitement_a_pour_posologie,TRAITEMENT,POSOLOGIE,0.5,posologie,10,10
C_000070,img20250709_16183704_trace_sepsis_V1.6-V6.5-SELECTIVE_PRECISION.json,WEAK,P2_E071,POSOLOGIE,1 bouteille | posologie,2,traitement_a_pour_posologie,TRAITEMENT,POSOLOGIE,0.5,posologie,10,10
C_000071,img20250709_16183704_trace_sepsis_V1.6-V6.5-SELECTIVE_PRECISION.json,WEAK,P2_E072,POSOLOGIE,0-0-1 | posologie,2,traitement_a_pour_posologie,TRAITEMENT,POSOLOGIE,0.5,posologie,10,10
C_000072,img20250709_16183704_trace_sepsis_V1.6-V6.5-SELECTIVE_PRECISION.json,WEAK,P2_E074,POSOLOGIE,1-1-1 | posologie,2,traitement_a_pour_posologie,TRAITEMENT,POSOLOGIE,0.5,posologie,10,10
C_000073,img20250709_16183704_trace_sepsis_V1.6-V6.5-SELECTIVE_PRECISION.json,WEAK,P2_E091,SIGNE_VITAL,TRC<3s | signe_vital,2,signe_vital_supporte_defaillance_organe,SIGNE_VITAL,DEFAILLANCE_ORGANE,0.48,signe | vital,5,1
C_000074,img20250709_16183704_trace_sepsis_V1.6-V6.5-SELECTIVE_PRECISION.json,WEAK,P2_E097,POSOLOGIE,3L O2 | posologie,2,traitement_a_pour_posologie,TRAITEMENT,POSOLOGIE,0.5,posologie,10,10
C_000075,img20250709_16183704_trace_sepsis_V1.6-V6.5-SELECTIVE_PRECISION.json,WEAK,P4_E037,POSOLOGIE,82 g | posologie,4,traitement_a_pour_posologie,TRAITEMENT,POSOLOGIE,0.5,posologie,10,10
C_000076,img20250709_16183704_trace_sepsis_V1.6-V6.5-SELECTIVE_PRECISION.json,WEAK,P4_E039,BIOMARQUEUR,pO2/T° patient 10.10 | autre_biomarqueur,4,biomarqueur_obtenu_a,BIOMARQUEUR,EVENEMENT_TEMPOREL,0.5,biomarqueur,10,2
C_000077,img20250709_16183704_trace_sepsis_V1.6-V6.5-SELECTIVE_PRECISION.json,WEAK,P4_E040,BIOMARQUEUR,Cortisol T0 min 492 | autre_biomarqueur,4,biomarqueur_obtenu_a,BIOMARQUEUR,EVENEMENT_TEMPOREL,0.5,biomarqueur,10,2
C_000078,img20250709_16183704_trace_sepsis_V1.6-V6.5-SELECTIVE_PRECISION.json,WEAK,P4_E041,BIOMARQUEUR,Cortisol T60 min 1295 | autre_biomarqueur,4,biomarqueur_obtenu_a,BIOMARQUEUR,EVENEMENT_TEMPOREL,0.5,biomarqueur,10,2
C_000079,img20250709_16183704_trace_sepsis_V1.6-V6.5-SELECTIVE_PRECISION.json,WEAK,P4_E042,BIOMARQUEUR,Ratio Patient/Témoin 1.04 | autre_biomarqueur,4,biomarqueur_obtenu_a,BIOMARQUEUR,EVENEMENT_TEMPOREL,0.5,biomarqueur,10,2
C_000080,img20250709_16183704_trace_sepsis_V1.6-V6.5-SELECTIVE_PRECISION.json,WEAK,P5_E005,TRAITEMENT,mis sous Augmentin | Augmentin | antibiotique,5,antibiotique_inadequat_pour,TRAITEMENT,MICRO_ORGANISME,0.5,antibiotique,10,1
C_000081,img20250709_16183704_trace_sepsis_V1.6-V6.5-SELECTIVE_PRECISION.json,WEAK,P5_E006,POSOLOGIE,pour une durée de 7 jours | 7 jours | 7 | duree_traitement,5,traitement_administre_a,TRAITEMENT,DONNEE_PATIENT,0.5,traitement,10,3
C_000082,img20250709_16183704_trace_sepsis_V1.6-V6.5-SELECTIVE_PRECISION.json,WEAK,P5_E020,TRAITEMENT,traité par amoxicilline | amoxicilline | antibiotique,5,antibiotique_inadequat_pour,TRAITEMENT,MICRO_ORGANISME,0.5,antibiotique,10,1
C_000083,img20250709_16183704_trace_sepsis_V1.6-V6.5-SELECTIVE_PRECISION.json,WEAK,P5_E021,POSOLOGIE,pendant 10jours | 10jours | 10 | duree_traitement,5,traitement_administre_a,TRAITEMENT,DONNEE_PATIENT,0.5,traitement,10,3
C_000084,img20250709_16183704_trace_sepsis_V1.6-V6.5-SELECTIVE_PRECISION.json,WEAK,P5_E024,TRAITEMENT,traité par TAZOCILLINE | TAZOCILLINE | antibiotique,5,antibiotique_inadequat_pour,TRAITEMENT,MICRO_ORGANISME,0.5,antibiotique,10,1
C_000085,img20250709_16183704_trace_sepsis_V1.6-V6.5-SELECTIVE_PRECISION.json,WEAK,P5_E025,TRAITEMENT,puis CLAFORAN | CLAFORAN | antibiotique,5,antibiotique_inadequat_pour,TRAITEMENT,MICRO_ORGANISME,0.5,antibiotique,10,1
C_000086,img20250709_16183704_trace_sepsis_V1.6-V6.5-SELECTIVE_PRECISION.json,WEAK,P5_E026,POSOLOGIE,pendant 7jours | 7jours | 7 | duree_traitement,5,traitement_administre_a,TRAITEMENT,DONNEE_PATIENT,0.5,traitement,10,3
C_000087,img20250709_16183704_trace_sepsis_V1.6-V6.5-SELECTIVE_PRECISION.json,WEAK,P5_E028,TRAITEMENT,traitement par insuline rapide | insuline rapide | insuline,5,traitement_administre_a,TRAITEMENT,DONNEE_PATIENT,0.5,traitement,10,3
C_000088,img20250709_16183704_trace_sepsis_V1.6-V6.5-SELECTIVE_PRECISION.json,WEAK,P5_E029,TRAITEMENT,traitement par NPH | NPH | autre,5,traitement_administre_a,TRAITEMENT,DONNEE_PATIENT,0.5,traitement,10,3
C_000089,img20250709_16190789_trace_sepsis_V1.6-V6.5-SELECTIVE_PRECISION.json,WEAK,P1_E006,TRAITEMENT,Olmetec 10 mg x 1/j | Olmetec | traitement_habituel,1,traitement_administre_a,TRAITEMENT,DONNEE_PATIENT,0.5,traitement,5,2
C_000090,img20250709_16190789_trace_sepsis_V1.6-V6.5-SELECTIVE_PRECISION.json,WEAK,P1_E022,POSOLOGIE,1/j | posologie,1,traitement_a_pour_posologie,TRAITEMENT,POSOLOGIE,0.5,posologie,6,2
C_000091,img20250709_16190789_trace_sepsis_V1.6-V6.5-SELECTIVE_PRECISION.json,WEAK,P1_E023,POSOLOGIE,2 bouteille | posologie,1,traitement_a_pour_posologie,TRAITEMENT,POSOLOGIE,0.5,posologie,6,2
C_000092,img20250709_16190789_trace_sepsis_V1.6-V6.5-SELECTIVE_PRECISION.json,WEAK,P2_E052,SIGNE_VITAL,TRC < 3 sec | signe_vital,2,signe_vital_supporte_defaillance_organe,SIGNE_VITAL,DEFAILLANCE_ORGANE,0.48,signe | vital,5,4
C_000093,img20250709_16190789_trace_sepsis_V1.6-V6.5-SELECTIVE_PRECISION.json,MEDIUM,P4_E027,LABEL_NOSOLOGIQUE,Pas d'infection virale ou de vaccination récente | suspicion_infection,4,presente_suspicion_infection,DONNEE_PATIENT,FOYER_INFECTIEUX,0.6833,infection | suspicion,10,2
C_000094,img20250709_16190789_trace_sepsis_V1.6-V6.5-SELECTIVE_PRECISION.json,WEAK,P4_E039,TRAITEMENT,Un traitement par immunoglobulines intraveineuses | immunoglobulines intraveineuses | immunoglobulines,4,traitement_administre_a,TRAITEMENT,DONNEE_PATIENT,0.5,traitement,10,10
C_000095,img20250709_16190789_trace_sepsis_V1.6-V6.5-SELECTIVE_PRECISION.json,WEAK,P4_E040,POSOLOGIE,pour une durée totale de 7 jours | durée totale de 7 jours | 7 | duree_traitement,4,traitement_administre_a,TRAITEMENT,DONNEE_PATIENT,0.5,traitement,1,10
C_000096,img20250709_16190789_trace_sepsis_V1.6-V6.5-SELECTIVE_PRECISION.json,WEAK,P4_E048,POSOLOGIE,82 g | posologie,4,traitement_a_pour_posologie,TRAITEMENT,POSOLOGIE,0.5,posologie,1,1
C_000097,img20250709_16190789_trace_sepsis_V1.6-V6.5-SELECTIVE_PRECISION.json,WEAK,P5_E005,TRAITEMENT,traitement par HALDOL | HALDOL | autre,5,traitement_administre_a,TRAITEMENT,DONNEE_PATIENT,0.5,traitement,10,1
C_000098,img20250709_16190789_trace_sepsis_V1.6-V6.5-SELECTIVE_PRECISION.json,WEAK,P5_E008,TRAITEMENT,traitement antidépresseur par DEROXAT | DEROXAT | autre,5,traitement_administre_a,TRAITEMENT,DONNEE_PATIENT,0.5,traitement,10,1
C_000099,img20250709_16190789_trace_sepsis_V1.6-V6.5-SELECTIVE_PRECISION.json,WEAK,P5_E019,TRAITEMENT,traitée par AMIKLIN TAZOCILLINE | TAZOCILLINE | antibiotique,5,antibiotique_inadequat_pour,TRAITEMENT,MICRO_ORGANISME,0.5,antibiotique,10,5
C_000100,img20250709_16190789_trace_sepsis_V1.6-V6.5-SELECTIVE_PRECISION.json,WEAK,P5_E020,TRAITEMENT,puis PIPERACILLINE | PIPERACILLINE | antibiotique,5,antibiotique_inadequat_pour,TRAITEMENT,MICRO_ORGANISME,0.5,antibiotique,10,5
C_000101,img20250709_16190789_trace_sepsis_V1.6-V6.5-SELECTIVE_PRECISION.json,WEAK,P5_E021,POSOLOGIE,pour une durée totale de 7 jours | durée totale de 7 jours | 7 | duree_traitement,5,traitement_administre_a,TRAITEMENT,DONNEE_PATIENT,0.5,traitement,10,1
C_000102,img20250709_16190789_trace_sepsis_V1.6-V6.5-SELECTIVE_PRECISION.json,WEAK,P5_E026,TRAITEMENT,traitement anti hypertenseur par VALSARTAN | VALSARTAN | autre,5,traitement_administre_a,TRAITEMENT,DONNEE_PATIENT,0.5,traitement,10,1
C_000103,img20250709_16190789_trace_sepsis_V1.6-V6.5-SELECTIVE_PRECISION.json,WEAK,P5_E027,TRAITEMENT,traitement anti hypertenseur par LOXEN | LOXEN | autre,5,traitement_administre_a,TRAITEMENT,DONNEE_PATIENT,0.5,traitement,10,1
C_000104,img20250709_16190789_trace_sepsis_V1.6-V6.5-SELECTIVE_PRECISION.json,WEAK,P5_E028,TRAITEMENT,traitement anti hypertenseur par TRANDATE | TRANDATE | autre,5,traitement_administre_a,TRAITEMENT,DONNEE_PATIENT,0.5,traitement,10,1
C_000105,img20250709_16190789_trace_sepsis_V1.6-V6.5-SELECTIVE_PRECISION.json,WEAK,P5_E031,TRAITEMENT,traitement préventif par LOVENOX | LOVENOX | anticoagulant,5,traitement_administre_a,TRAITEMENT,DONNEE_PATIENT,0.5,traitement,10,1
C_000106,img20250709_16190789_trace_sepsis_V1.6-V6.5-SELECTIVE_PRECISION.json,WEAK,P6_E001,TRAITEMENT,traitement chirurgical | chirurgie,6,traitement_administre_a,TRAITEMENT,DONNEE_PATIENT,0.5,traitement,10,2
C_000107,img20250709_16190789_trace_sepsis_V1.6-V6.5-SELECTIVE_PRECISION.json,WEAK,P6_E006,POSOLOGIE,2 mois | 2 | duree_traitement,6,traitement_administre_a,TRAITEMENT,DONNEE_PATIENT,0.5,traitement,10,2
C_000108,img20250709_16190789_trace_sepsis_V1.6-V6.5-SELECTIVE_PRECISION.json,WEAK,P6_E008,TRAITEMENT,Valsartan 40 mg | Valsartan | 40 | antibiotique,6,antibiotique_inadequat_pour,TRAITEMENT,MICRO_ORGANISME,0.5,antibiotique,10,10
C_000109,img20250709_16190789_trace_sepsis_V1.6-V6.5-SELECTIVE_PRECISION.json,WEAK,P6_E045,POSOLOGIE,40 mg | posologie,6,traitement_a_pour_posologie,TRAITEMENT,POSOLOGIE,0.5,posologie,10,10
C_000110,img20250709_16190789_trace_sepsis_V1.6-V6.5-SELECTIVE_PRECISION.json,WEAK,P6_E046,POSOLOGIE,50 mg | posologie,6,traitement_a_pour_posologie,TRAITEMENT,POSOLOGIE,0.5,posologie,10,10
C_000111,img20250709_16190789_trace_sepsis_V1.6-V6.5-SELECTIVE_PRECISION.json,WEAK,P6_E048,POSOLOGIE,20 mg | posologie,6,traitement_a_pour_posologie,TRAITEMENT,POSOLOGIE,0.5,posologie,10,10
C_000112,img20250709_16190789_trace_sepsis_V1.6-V6.5-SELECTIVE_PRECISION.json,WEAK,P6_E049,POSOLOGIE,0.4 ml | posologie,6,traitement_a_pour_posologie,TRAITEMENT,POSOLOGIE,0.5,posologie,10,10
C_000113,img20250709_16190789_trace_sepsis_V1.6-V6.5-SELECTIVE_PRECISION.json,WEAK,P6_E053,POSOLOGIE,1/j depuis mi janvier 2015 | posologie,6,traitement_a_pour_posologie,TRAITEMENT,POSOLOGIE,0.5,posologie,10,10
C_000114,img20250709_16193836_trace_sepsis_V1.6-V6.5-SELECTIVE_PRECISION.json,WEAK,P1_E004,TRAITEMENT,metformine | traitement_habituel,1,traitement_administre_a,TRAITEMENT,DONNEE_PATIENT,0.5,traitement,10,2
C_000115,img20250709_16193836_trace_sepsis_V1.6-V6.5-SELECTIVE_PRECISION.json,WEAK,P1_E006,TRAITEMENT,radiothérapie | traitement_habituel,1,traitement_administre_a,TRAITEMENT,DONNEE_PATIENT,0.5,traitement,10,2
C_000116,img20250709_16193836_trace_sepsis_V1.6-V6.5-SELECTIVE_PRECISION.json,WEAK,P1_E007,TRAITEMENT,hormonothérapie | traitement_habituel,1,traitement_administre_a,TRAITEMENT,DONNEE_PATIENT,0.5,traitement,10,2
C_000117,img20250709_16193836_trace_sepsis_V1.6-V6.5-SELECTIVE_PRECISION.json,WEAK,P1_E008,TRAITEMENT,Taxotere | traitement_habituel,1,traitement_administre_a,TRAITEMENT,DONNEE_PATIENT,0.5,traitement,10,2
C_000118,img20250709_16193836_trace_sepsis_V1.6-V6.5-SELECTIVE_PRECISION.json,WEAK,P1_E009,TRAITEMENT,Zytiga | traitement_habituel,1,traitement_administre_a,TRAITEMENT,DONNEE_PATIENT,0.5,traitement,10,2
C_000119,img20250709_16193836_trace_sepsis_V1.6-V6.5-SELECTIVE_PRECISION.json,WEAK,P1_E012,TRAITEMENT,Forlax | traitement_habituel,1,traitement_administre_a,TRAITEMENT,DONNEE_PATIENT,0.5,traitement,10,2
C_000120,img20250709_16193836_trace_sepsis_V1.6-V6.5-SELECTIVE_PRECISION.json,WEAK,P1_E013,TRAITEMENT,Lansoyl | traitement_habituel,1,traitement_administre_a,TRAITEMENT,DONNEE_PATIENT,0.5,traitement,10,2
C_000121,img20250709_16193836_trace_sepsis_V1.6-V6.5-SELECTIVE_PRECISION.json,WEAK,P1_E014,TRAITEMENT,Eupantol 40 mg | Eupantol | traitement_habituel,1,traitement_administre_a,TRAITEMENT,DONNEE_PATIENT,0.5,traitement,10,2
C_000122,img20250709_16193836_trace_sepsis_V1.6-V6.5-SELECTIVE_PRECISION.json,WEAK,P1_E016,TRAITEMENT,Imovane 7.5 mg | Imovane | traitement_habituel,1,traitement_administre_a,TRAITEMENT,DONNEE_PATIENT,0.5,traitement,10,2
C_000123,img20250709_16193836_trace_sepsis_V1.6-V6.5-SELECTIVE_PRECISION.json,WEAK,P1_E017,TRAITEMENT,Alprazolam 0.5mg | Alprazolam | traitement_habituel,1,traitement_administre_a,TRAITEMENT,DONNEE_PATIENT,0.5,traitement,10,2
C_000124,img20250709_16193836_trace_sepsis_V1.6-V6.5-SELECTIVE_PRECISION.json,WEAK,P1_E018,TRAITEMENT,Ramipril 5mg | Ramipril | traitement_habituel,1,traitement_administre_a,TRAITEMENT,DONNEE_PATIENT,0.5,traitement,10,2
C_000125,img20250709_16193836_trace_sepsis_V1.6-V6.5-SELECTIVE_PRECISION.json,WEAK,P1_E019,TRAITEMENT,Carboleveure 2 cpr | Carboleveure | traitement_habituel,1,traitement_administre_a,TRAITEMENT,DONNEE_PATIENT,0.5,traitement,10,2
C_000126,img20250709_16193836_trace_sepsis_V1.6-V6.5-SELECTIVE_PRECISION.json,WEAK,P1_E020,TRAITEMENT,Umuline rapide 100UI/mL | Umuline rapide | traitement_habituel,1,traitement_administre_a,TRAITEMENT,DONNEE_PATIENT,0.5,traitement,10,2
C_000127,img20250709_16193836_trace_sepsis_V1.6-V6.5-SELECTIVE_PRECISION.json,WEAK,P1_E021,TRAITEMENT,Calciparine | traitement_habituel,1,traitement_administre_a,TRAITEMENT,DONNEE_PATIENT,0.5,traitement,10,2
C_000128,img20250709_16193836_trace_sepsis_V1.6-V6.5-SELECTIVE_PRECISION.json,WEAK,P1_E025,POSOLOGIE,40 mg | posologie,1,traitement_a_pour_posologie,TRAITEMENT,POSOLOGIE,0.5,posologie,10,5
C_000129,img20250709_16193836_trace_sepsis_V1.6-V6.5-SELECTIVE_PRECISION.json,WEAK,P1_E026,POSOLOGIE,250 mg | posologie,1,traitement_a_pour_posologie,TRAITEMENT,POSOLOGIE,0.5,posologie,10,5
C_000130,img20250709_16193836_trace_sepsis_V1.6-V6.5-SELECTIVE_PRECISION.json,WEAK,P1_E027,POSOLOGIE,7.5 mg | posologie,1,traitement_a_pour_posologie,TRAITEMENT,POSOLOGIE,0.5,posologie,10,5
C_000131,img20250709_16193836_trace_sepsis_V1.6-V6.5-SELECTIVE_PRECISION.json,WEAK,P1_E028,POSOLOGIE,0.5mg | posologie,1,traitement_a_pour_posologie,TRAITEMENT,POSOLOGIE,0.5,posologie,10,5
C_000132,img20250709_16193836_trace_sepsis_V1.6-V6.5-SELECTIVE_PRECISION.json,WEAK,P1_E029,POSOLOGIE,5mg | posologie,1,traitement_a_pour_posologie,TRAITEMENT,POSOLOGIE,0.5,posologie,10,5
C_000133,img20250709_16193836_trace_sepsis_V1.6-V6.5-SELECTIVE_PRECISION.json,WEAK,P1_E030,POSOLOGIE,100UI | posologie,1,traitement_a_pour_posologie,TRAITEMENT,POSOLOGIE,0.5,posologie,10,5
C_000134,img20250709_16193836_trace_sepsis_V1.6-V6.5-SELECTIVE_PRECISION.json,WEAK,P2_E002,TRAITEMENT,hormonothérapie (Zytiga) | Zytiga | traitement_habituel,2,traitement_administre_a,TRAITEMENT,DONNEE_PATIENT,0.5,traitement,7,2
C_000135,img20250709_16193836_trace_sepsis_V1.6-V6.5-SELECTIVE_PRECISION.json,WEAK,P2_E008,TRAITEMENT,antibiothérapie par OFLOCET | antibiothérapie | antibiotique,2,antibiotique_inadequat_pour,TRAITEMENT,MICRO_ORGANISME,0.5,antibiotique,7,4
C_000136,img20250709_16193836_trace_sepsis_V1.6-V6.5-SELECTIVE_PRECISION.json,WEAK,P2_E051,POSOLOGIE,2g | posologie,2,traitement_a_pour_posologie,TRAITEMENT,POSOLOGIE,0.5,posologie,8,2
C_000137,img20250709_16193836_trace_sepsis_V1.6-V6.5-SELECTIVE_PRECISION.json,WEAK,P2_E058,POSOLOGIE,153 mg | posologie,2,traitement_a_pour_posologie,TRAITEMENT,POSOLOGIE,0.5,posologie,8,2
C_000138,img20250709_16193836_trace_sepsis_V1.6-V6.5-SELECTIVE_PRECISION.json,WEAK,P3_E046,BIOMARQUEUR,pO2/T° patient 18.60 | autre_biomarqueur,3,biomarqueur_obtenu_a,BIOMARQUEUR,EVENEMENT_TEMPOREL,0.5,biomarqueur,10,10
C_000139,img20250709_16193836_trace_sepsis_V1.6-V6.5-SELECTIVE_PRECISION.json,WEAK,P5_E006,TRAITEMENT,Meropenem | antibiotique,5,antibiotique_inadequat_pour,TRAITEMENT,MICRO_ORGANISME,0.5,antibiotique,10,4
C_000140,img20250709_16193836_trace_sepsis_V1.6-V6.5-SELECTIVE_PRECISION.json,WEAK,P5_E007,TRAITEMENT,Amiklin | antibiotique,5,antibiotique_inadequat_pour,TRAITEMENT,MICRO_ORGANISME,0.5,antibiotique,10,4
C_000141,img20250709_16193836_trace_sepsis_V1.6-V6.5-SELECTIVE_PRECISION.json,WEAK,P5_E009,TRAITEMENT,Vancomycine | antibiotique,5,antibiotique_inadequat_pour,TRAITEMENT,MICRO_ORGANISME,0.5,antibiotique,10,4
C_000142,img20250709_16193836_trace_sepsis_V1.6-V6.5-SELECTIVE_PRECISION.json,WEAK,P5_E010,TRAITEMENT,Tienam | antibiotique,5,antibiotique_inadequat_pour,TRAITEMENT,MICRO_ORGANISME,0.5,antibiotique,10,4
C_000143,img20250709_16193836_trace_sepsis_V1.6-V6.5-SELECTIVE_PRECISION.json,WEAK,P5_E011,TRAITEMENT,amoxicilline | antibiotique,5,antibiotique_inadequat_pour,TRAITEMENT,MICRO_ORGANISME,0.5,antibiotique,10,4
C_000144,img20250709_16193836_trace_sepsis_V1.6-V6.5-SELECTIVE_PRECISION.json,WEAK,P5_E012,TRAITEMENT,Oflox | antibiotique,5,antibiotique_inadequat_pour,TRAITEMENT,MICRO_ORGANISME,0.5,antibiotique,10,4
C_000145,img20250709_16193836_trace_sepsis_V1.6-V6.5-SELECTIVE_PRECISION.json,WEAK,P5_E013,TRAITEMENT,Tazocilline | antibiotique,5,antibiotique_inadequat_pour,TRAITEMENT,MICRO_ORGANISME,0.5,antibiotique,10,4
C_000146,img20250709_16193836_trace_sepsis_V1.6-V6.5-SELECTIVE_PRECISION.json,WEAK,P5_E014,TRAITEMENT,Ciflox | antibiotique,5,antibiotique_inadequat_pour,TRAITEMENT,MICRO_ORGANISME,0.5,antibiotique,10,4
C_000147,img20250709_16193836_trace_sepsis_V1.6-V6.5-SELECTIVE_PRECISION.json,WEAK,P5_E016,POSOLOGIE,maintenir ce traitement pendant 6 semaines | 6 semaines | 6 | duree_traitement,5,traitement_administre_a,TRAITEMENT,DONNEE_PATIENT,0.5,traitement,10,2
C_000148,img20250709_16193836_trace_sepsis_V1.6-V6.5-SELECTIVE_PRECISION.json,WEAK,P5_E032,TRAITEMENT,traitement antiplaquettaire | antiagregant,5,traitement_administre_a,TRAITEMENT,DONNEE_PATIENT,0.5,traitement,10,2
C_000149,img20250709_16193836_trace_sepsis_V1.6-V6.5-SELECTIVE_PRECISION.json,WEAK,P5_E047,POSOLOGIE,2 mg | posologie,5,traitement_a_pour_posologie,TRAITEMENT,POSOLOGIE,0.5,posologie,10,5
C_000150,img20250709_16193836_trace_sepsis_V1.6-V6.5-SELECTIVE_PRECISION.json,WEAK,P5_E048,POSOLOGIE,3 jours | posologie,5,traitement_a_pour_posologie,TRAITEMENT,POSOLOGIE,0.5,posologie,10,5
C_000151,img20250709_16193836_trace_sepsis_V1.6-V6.5-SELECTIVE_PRECISION.json,WEAK,P5_E049,POSOLOGIE,200 mg | posologie,5,traitement_a_pour_posologie,TRAITEMENT,POSOLOGIE,0.5,posologie,10,5
C_000152,img20250709_16193836_trace_sepsis_V1.6-V6.5-SELECTIVE_PRECISION.json,WEAK,P5_E050,POSOLOGIE,50 mg | posologie,5,traitement_a_pour_posologie,TRAITEMENT,POSOLOGIE,0.5,posologie,10,5
C_000153,img20250709_16193836_trace_sepsis_V1.6-V6.5-SELECTIVE_PRECISION.json,WEAK,P5_E054,POSOLOGIE,600 ml | posologie,5,traitement_a_pour_posologie,TRAITEMENT,POSOLOGIE,0.5,posologie,10,5
C_000154,img20250709_16201504_trace_sepsis_V1.6-V6.5-SELECTIVE_PRECISION.json,WEAK,P1_E004,TRAITEMENT,Keppra | traitement_habituel,1,traitement_administre_a,TRAITEMENT,DONNEE_PATIENT,0.5,traitement,3,2
C_000155,img20250709_16201504_trace_sepsis_V1.6-V6.5-SELECTIVE_PRECISION.json,WEAK,P1_E006,TRAITEMENT,Rivotril | traitement_habituel,1,traitement_administre_a,TRAITEMENT,DONNEE_PATIENT,0.5,traitement,3,2
C_000156,img20250709_16201504_trace_sepsis_V1.6-V6.5-SELECTIVE_PRECISION.json,WEAK,P1_E008,TRAITEMENT,Depakine | traitement_habituel,1,traitement_administre_a,TRAITEMENT,DONNEE_PATIENT,0.5,traitement,3,2
C_000157,img20250709_16201504_trace_sepsis_V1.6-V6.5-SELECTIVE_PRECISION.json,WEAK,P1_E009,TRAITEMENT,Vimpat | traitement_habituel,1,traitement_administre_a,TRAITEMENT,DONNEE_PATIENT,0.5,traitement,3,2
C_000158,img20250709_16201504_trace_sepsis_V1.6-V6.5-SELECTIVE_PRECISION.json,WEAK,P2_E004,TRAITEMENT,AUGMENTIN | antibiotique,2,antibiotique_inadequat_pour,TRAITEMENT,MICRO_ORGANISME,0.5,antibiotique,10,1
C_000159,img20250709_16201504_trace_sepsis_V1.6-V6.5-SELECTIVE_PRECISION.json,WEAK,P2_E005,POSOLOGIE,du 19/06/12 au 03/07/12 | duree_traitement,2,traitement_administre_a,TRAITEMENT,DONNEE_PATIENT,0.5,traitement,10,4
C_000160,img20250709_16201504_trace_sepsis_V1.6-V6.5-SELECTIVE_PRECISION.json,WEAK,P2_E006,TRAITEMENT,TAVANIC | antibiotique,2,antibiotique_inadequat_pour,TRAITEMENT,MICRO_ORGANISME,0.5,antibiotique,10,1
C_000161,img20250709_16201504_trace_sepsis_V1.6-V6.5-SELECTIVE_PRECISION.json,WEAK,P2_E007,POSOLOGIE,du 21/06/12 au 03/07/12 | duree_traitement,2,traitement_administre_a,TRAITEMENT,DONNEE_PATIENT,0.5,traitement,10,4
C_000162,img20250709_16201504_trace_sepsis_V1.6-V6.5-SELECTIVE_PRECISION.json,WEAK,P2_E008,TRAITEMENT,VANCOMYCINE 2g /24H | VANCOMYCINE | 2g /24H | antibiotique,2,antibiotique_inadequat_pour,TRAITEMENT,MICRO_ORGANISME,0.5,antibiotique,10,1
C_000163,img20250709_16201504_trace_sepsis_V1.6-V6.5-SELECTIVE_PRECISION.json,WEAK,P2_E009,POSOLOGIE,du 03/06/12 au 05/06/12 | duree_traitement,2,traitement_administre_a,TRAITEMENT,DONNEE_PATIENT,0.5,traitement,10,4
C_000164,img20250709_16201504_trace_sepsis_V1.6-V6.5-SELECTIVE_PRECISION.json,WEAK,P2_E010,TRAITEMENT,TIÉNAM 3g/24H | TIÉNAM | 3g/24H | antibiotique,2,antibiotique_inadequat_pour,TRAITEMENT,MICRO_ORGANISME,0.5,antibiotique,10,1
C_000165,img20250709_16201504_trace_sepsis_V1.6-V6.5-SELECTIVE_PRECISION.json,WEAK,P2_E035,TRAITEMENT,Keppra 500 mg : 1-0-1 | Keppra | 500 mg | traitement_habituel,2,traitement_administre_a,TRAITEMENT,DONNEE_PATIENT,0.5,traitement,10,4
C_000166,img20250709_16201504_trace_sepsis_V1.6-V6.5-SELECTIVE_PRECISION.json,WEAK,P2_E037,TRAITEMENT,Rivotril : 1/4-0-1/2 | Rivotril | traitement_habituel,2,traitement_administre_a,TRAITEMENT,DONNEE_PATIENT,0.5,traitement,10,4
C_000167,img20250709_16201504_trace_sepsis_V1.6-V6.5-SELECTIVE_PRECISION.json,WEAK,P2_E039,TRAITEMENT,Depakine 500 mg : 3-0-3 | Depakine | 500 mg | traitement_habituel,2,traitement_administre_a,TRAITEMENT,DONNEE_PATIENT,0.5,traitement,10,4
C_000168,img20250709_16201504_trace_sepsis_V1.6-V6.5-SELECTIVE_PRECISION.json,WEAK,P2_E041,TRAITEMENT,Vimpat 100 mg : 1-0-1 | Vimpat | 100 mg | traitement_habituel,2,traitement_administre_a,TRAITEMENT,DONNEE_PATIENT,0.5,traitement,10,4
C_000169,img20250709_16201504_trace_sepsis_V1.6-V6.5-SELECTIVE_PRECISION.json,WEAK,P2_E067,POSOLOGIE,10 mg | posologie,2,traitement_a_pour_posologie,TRAITEMENT,POSOLOGIE,0.5,posologie,10,10
C_000170,img20250709_16201504_trace_sepsis_V1.6-V6.5-SELECTIVE_PRECISION.json,WEAK,P2_E068,POSOLOGIE,300 µg | posologie,2,traitement_a_pour_posologie,TRAITEMENT,POSOLOGIE,0.5,posologie,10,10
C_000171,img20250709_16201504_trace_sepsis_V1.6-V6.5-SELECTIVE_PRECISION.json,WEAK,P2_E069,POSOLOGIE,2g | posologie,2,traitement_a_pour_posologie,TRAITEMENT,POSOLOGIE,0.5,posologie,10,10
C_000172,img20250709_16201504_trace_sepsis_V1.6-V6.5-SELECTIVE_PRECISION.json,WEAK,P2_E075,POSOLOGIE,182 mg | posologie,2,traitement_a_pour_posologie,TRAITEMENT,POSOLOGIE,0.5,posologie,10,10
C_000173,img20250709_16201504_trace_sepsis_V1.6-V6.5-SELECTIVE_PRECISION.json,WEAK,P2_E076,POSOLOGIE,500 mg | posologie,2,traitement_a_pour_posologie,TRAITEMENT,POSOLOGIE,0.5,posologie,10,10
C_000174,img20250709_16201504_trace_sepsis_V1.6-V6.5-SELECTIVE_PRECISION.json,WEAK,P2_E077,POSOLOGIE,100 mg | posologie,2,traitement_a_pour_posologie,TRAITEMENT,POSOLOGIE,0.5,posologie,10,10
C_000175,img20250709_16201504_trace_sepsis_V1.6-V6.5-SELECTIVE_PRECISION.json,WEAK,P2_E078,POSOLOGIE,9l/min | posologie,2,traitement_a_pour_posologie,TRAITEMENT,POSOLOGIE,0.5,posologie,10,10
C_000176,img20250709_16201504_trace_sepsis_V1.6-V6.5-SELECTIVE_PRECISION.json,WEAK,P2_E080,POSOLOGIE,15L | posologie,2,traitement_a_pour_posologie,TRAITEMENT,POSOLOGIE,0.5,posologie,10,10
C_000177,img20250709_16201504_trace_sepsis_V1.6-V6.5-SELECTIVE_PRECISION.json,WEAK,P2_E081,POSOLOGIE,4/j | posologie,2,traitement_a_pour_posologie,TRAITEMENT,POSOLOGIE,0.5,posologie,10,10
C_000178,img20250709_16201504_trace_sepsis_V1.6-V6.5-SELECTIVE_PRECISION.json,WEAK,P4_E041,POSOLOGIE,55 g | posologie,4,traitement_a_pour_posologie,TRAITEMENT,POSOLOGIE,0.5,posologie,10,10
C_000179,img20250709_16201504_trace_sepsis_V1.6-V6.5-SELECTIVE_PRECISION.json,WEAK,P6_E005,TRAITEMENT,VANCOMYCINE | antibiotique,6,antibiotique_inadequat_pour,TRAITEMENT,MICRO_ORGANISME,0.5,antibiotique,10,1
C_000180,img20250709_16201504_trace_sepsis_V1.6-V6.5-SELECTIVE_PRECISION.json,WEAK,P6_E007,TRAITEMENT,FORTUM | antibiotique,6,antibiotique_inadequat_pour,TRAITEMENT,MICRO_ORGANISME,0.5,antibiotique,10,1
C_000181,img20250709_16201504_trace_sepsis_V1.6-V6.5-SELECTIVE_PRECISION.json,WEAK,P6_E008,TRAITEMENT,AMIKLIN | antibiotique,6,antibiotique_inadequat_pour,TRAITEMENT,MICRO_ORGANISME,0.5,antibiotique,10,1
C_000182,img20250709_16201504_trace_sepsis_V1.6-V6.5-SELECTIVE_PRECISION.json,WEAK,P6_E010,POSOLOGIE,pendant 3 jours | 3 jours | 3 | duree_traitement,6,traitement_administre_a,TRAITEMENT,DONNEE_PATIENT,0.5,traitement,10,2
C_000183,img20250709_16201504_trace_sepsis_V1.6-V6.5-SELECTIVE_PRECISION.json,WEAK,P6_E040,POSOLOGIE,6.9 g | posologie,6,traitement_a_pour_posologie,TRAITEMENT,POSOLOGIE,0.5,posologie,10,6
C_000184,img20250709_16201504_trace_sepsis_V1.6-V6.5-SELECTIVE_PRECISION.json,WEAK,P6_E045,POSOLOGIE,5mg | posologie,6,traitement_a_pour_posologie,TRAITEMENT,POSOLOGIE,0.5,posologie,10,6
C_000185,img20250709_16201504_trace_sepsis_V1.6-V6.5-SELECTIVE_PRECISION.json,WEAK,P7_E003,TRAITEMENT,PDP | antibiotique,7,antibiotique_inadequat_pour,TRAITEMENT,MICRO_ORGANISME,0.5,antibiotique,10,1
C_000186,img20250709_16201504_trace_sepsis_V1.6-V6.5-SELECTIVE_PRECISION.json,WEAK,P7_E050,POSOLOGIE,1-0-1 | posologie,7,traitement_a_pour_posologie,TRAITEMENT,POSOLOGIE,0.5,posologie,10,10
C_000187,img20250709_16205810_trace_sepsis_V1.6-V6.5-SELECTIVE_PRECISION.json,WEAK,P1_E016,TRAITEMENT,Symbicort | traitement_habituel,1,traitement_administre_a,TRAITEMENT,DONNEE_PATIENT,0.5,traitement,5,2
C_000188,img20250709_16205810_trace_sepsis_V1.6-V6.5-SELECTIVE_PRECISION.json,WEAK,P1_E018,TRAITEMENT,Bricanyl | traitement_habituel,1,traitement_administre_a,TRAITEMENT,DONNEE_PATIENT,0.5,traitement,5,2
C_000189,img20250709_16205810_trace_sepsis_V1.6-V6.5-SELECTIVE_PRECISION.json,WEAK,P1_E020,TRAITEMENT,Singulair | traitement_habituel,1,traitement_administre_a,TRAITEMENT,DONNEE_PATIENT,0.5,traitement,5,2
C_000190,img20250709_16205810_trace_sepsis_V1.6-V6.5-SELECTIVE_PRECISION.json,WEAK,P1_E022,TRAITEMENT,triatec | traitement_habituel,1,traitement_administre_a,TRAITEMENT,DONNEE_PATIENT,0.5,traitement,5,2
C_000191,img20250709_16205810_trace_sepsis_V1.6-V6.5-SELECTIVE_PRECISION.json,WEAK,P1_E024,TRAITEMENT,Doliprane | traitement_habituel,1,traitement_administre_a,TRAITEMENT,DONNEE_PATIENT,0.5,traitement,5,2
C_000192,img20250709_16205810_trace_sepsis_V1.6-V6.5-SELECTIVE_PRECISION.json,WEAK,P2_E011,TRAITEMENT,aérosols de BRICANYL | aérosols | antibiotique,2,antibiotique_inadequat_pour,TRAITEMENT,MICRO_ORGANISME,0.5,antibiotique,5,2
C_000193,img20250709_16205810_trace_sepsis_V1.6-V6.5-SELECTIVE_PRECISION.json,WEAK,P2_E013,TRAITEMENT,SALBUTAMOL IV | SALBUTAMOL | antibiotique,2,antibiotique_inadequat_pour,TRAITEMENT,MICRO_ORGANISME,0.5,antibiotique,5,2
C_000194,img20250709_16205810_trace_sepsis_V1.6-V6.5-SELECTIVE_PRECISION.json,WEAK,P2_E048,POSOLOGIE,15L | posologie,2,traitement_a_pour_posologie,TRAITEMENT,POSOLOGIE,0.5,posologie,6,3
C_000195,img20250709_16205810_trace_sepsis_V1.6-V6.5-SELECTIVE_PRECISION.json,WEAK,P3_E033,POSOLOGIE,57 g | posologie,3,traitement_a_pour_posologie,TRAITEMENT,POSOLOGIE,0.5,posologie,1,10
C_000196,img20250709_16205810_trace_sepsis_V1.6-V6.5-SELECTIVE_PRECISION.json,WEAK,P4_E025,TRAITEMENT,AUGMENTIN | antibiotique,4,antibiotique_inadequat_pour,TRAITEMENT,MICRO_ORGANISME,0.5,antibiotique,10,2
C_000197,img20250709_16205810_trace_sepsis_V1.6-V6.5-SELECTIVE_PRECISION.json,WEAK,P4_E026,TRAITEMENT,ROVAMYCINE | antibiotique,4,antibiotique_inadequat_pour,TRAITEMENT,MICRO_ORGANISME,0.5,antibiotique,10,2
C_000198,img20250709_16205810_trace_sepsis_V1.6-V6.5-SELECTIVE_PRECISION.json,WEAK,P4_E031,TRAITEMENT,FORTUM | antibiotique,4,antibiotique_inadequat_pour,TRAITEMENT,MICRO_ORGANISME,0.5,antibiotique,10,2
C_000199,img20250709_16205810_trace_sepsis_V1.6-V6.5-SELECTIVE_PRECISION.json,WEAK,P4_E032,TRAITEMENT,AMIKLIN | antibiotique,4,antibiotique_inadequat_pour,TRAITEMENT,MICRO_ORGANISME,0.5,antibiotique,10,2
C_000200,img20250709_16205810_trace_sepsis_V1.6-V6.5-SELECTIVE_PRECISION.json,WEAK,P5_E011,POSOLOGIE,retour à son poids d'entrée en 72h | 72h | 72 | duree_traitement,5,traitement_administre_a,TRAITEMENT,DONNEE_PATIENT,0.5,traitement,3,1
C_000201,img20250709_16223922_trace_sepsis_V1.6-V6.5-SELECTIVE_PRECISION.json,WEAK,P1_E032,POSOLOGIE,1-1-1 | posologie,1,traitement_a_pour_posologie,TRAITEMENT,POSOLOGIE,0.5,posologie,7,5
C_000202,img20250709_16223922_trace_sepsis_V1.6-V6.5-SELECTIVE_PRECISION.json,WEAK,P2_E019,TRAITEMENT,antibiothérapie par CEFTRIAXONE | antibiothérapie | antibiotique,2,antibiotique_inadequat_pour,TRAITEMENT,MICRO_ORGANISME,0.5,antibiotique,5,4
C_000203,img20250709_16223922_trace_sepsis_V1.6-V6.5-SELECTIVE_PRECISION.json,WEAK,P2_E043,LABEL_NOSOLOGIQUE,suspicion de ... son sepsis | sepsis,2,presente_suspicion_infection,DONNEE_PATIENT,FOYER_INFECTIEUX,0.4667,sepsis | suspicion,4,1
C_000204,img20250709_16223922_trace_sepsis_V1.6-V6.5-SELECTIVE_PRECISION.json,WEAK,P2_E069,POSOLOGIE,40 mg | posologie,2,traitement_a_pour_posologie,TRAITEMENT,POSOLOGIE,0.5,posologie,6,10
C_000205,img20250709_16223922_trace_sepsis_V1.6-V6.5-SELECTIVE_PRECISION.json,WEAK,P2_E070,POSOLOGIE,484 mg | posologie,2,traitement_a_pour_posologie,TRAITEMENT,POSOLOGIE,0.5,posologie,6,10
C_000206,img20250709_16223922_trace_sepsis_V1.6-V6.5-SELECTIVE_PRECISION.json,WEAK,P2_E071,POSOLOGIE,14.6 g | posologie,2,traitement_a_pour_posologie,TRAITEMENT,POSOLOGIE,0.5,posologie,6,10
C_000207,img20250709_16223922_trace_sepsis_V1.6-V6.5-SELECTIVE_PRECISION.json,WEAK,P2_E072,POSOLOGIE,2 mg | posologie,2,traitement_a_pour_posologie,TRAITEMENT,POSOLOGIE,0.5,posologie,6,10
C_000208,img20250709_16223922_trace_sepsis_V1.6-V6.5-SELECTIVE_PRECISION.json,WEAK,P2_E073,POSOLOGIE,15L | posologie,2,traitement_a_pour_posologie,TRAITEMENT,POSOLOGIE,0.5,posologie,6,10
C_000209,img20250709_16223922_trace_sepsis_V1.6-V6.5-SELECTIVE_PRECISION.json,WEAK,P4_E043,POSOLOGIE,50 g | posologie,4,traitement_a_pour_posologie,TRAITEMENT,POSOLOGIE,0.5,posologie,10,10
C_000210,img20250709_16223922_trace_sepsis_V1.6-V6.5-SELECTIVE_PRECISION.json,WEAK,P5_E012,TRAITEMENT,FORTUM | antibiotique,5,antibiotique_inadequat_pour,TRAITEMENT,MICRO_ORGANISME,0.5,antibiotique,10,2
C_000211,img20250709_16223922_trace_sepsis_V1.6-V6.5-SELECTIVE_PRECISION.json,WEAK,P5_E013,TRAITEMENT,AMIKLIN | antibiotique,5,antibiotique_inadequat_pour,TRAITEMENT,MICRO_ORGANISME,0.5,antibiotique,10,2
C_000212,img20250709_16223922_trace_sepsis_V1.6-V6.5-SELECTIVE_PRECISION.json,WEAK,P5_E021,POSOLOGIE,VNI systématique d'une heure | 1 heure | 1 | duree_traitement,5,traitement_administre_a,TRAITEMENT,DONNEE_PATIENT,0.5,traitement,10,1
C_000213,img20250709_16223922_trace_sepsis_V1.6-V6.5-SELECTIVE_PRECISION.json,WEAK,P6_E007,TRAITEMENT,antibiothérapie probabiliste | antibiothérapie | antibiotique,6,antibiotique_inadequat_pour,TRAITEMENT,MICRO_ORGANISME,0.5,antibiotique,6,2
C_000214,img20250709_16225557_trace_sepsis_V1.6-V6.5-SELECTIVE_PRECISION.json,WEAK,P1_E003,TRAITEMENT,Coumadine | antibiotique,1,antibiotique_inadequat_pour,TRAITEMENT,MICRO_ORGANISME,0.5,antibiotique,5,3
C_000215,img20250709_16225557_trace_sepsis_V1.6-V6.5-SELECTIVE_PRECISION.json,WEAK,P2_E009,POSOLOGIE,de rester 3 jours | 3 jours | 3 | duree_traitement,2,traitement_administre_a,TRAITEMENT,DONNEE_PATIENT,0.5,traitement,3,2
C_000216,img20250709_16225557_trace_sepsis_V1.6-V6.5-SELECTIVE_PRECISION.json,WEAK,P3_E039,POSOLOGIE,82 g | posologie,3,traitement_a_pour_posologie,TRAITEMENT,POSOLOGIE,0.5,posologie,10,6
C_000217,img20250709_16225557_trace_sepsis_V1.6-V6.5-SELECTIVE_PRECISION.json,WEAK,P4_E020,POSOLOGIE,550ml | posologie,4,traitement_a_pour_posologie,TRAITEMENT,POSOLOGIE,0.5,posologie,1,1
C_000218,img20250709_16233563_trace_sepsis_V1.6-V6.5-SELECTIVE_PRECISION.json,MEDIUM,P1_E001,LABEL_NOSOLOGIQUE,Syndrome hémolytique et urémique | suspicion_infection,1,presente_suspicion_infection,DONNEE_PATIENT,FOYER_INFECTIEUX,0.6833,infection | suspicion,2,1
C_000219,img20250709_16233563_trace_sepsis_V1.6-V6.5-SELECTIVE_PRECISION.json,WEAK,P1_E034,POSOLOGIE,1.33g | posologie,1,traitement_a_pour_posologie,TRAITEMENT,POSOLOGIE,0.5,posologie,7,10
C_000220,img20250709_16233563_trace_sepsis_V1.6-V6.5-SELECTIVE_PRECISION.json,WEAK,P2_E028,TRAITEMENT,Un traitement par Zelitrex | Zelitrex | antiviral,2,traitement_administre_a,TRAITEMENT,DONNEE_PATIENT,0.5,traitement,1,4
C_000221,img20250709_16233563_trace_sepsis_V1.6-V6.5-SELECTIVE_PRECISION.json,WEAK,P2_E058,POSOLOGIE,0.72g | posologie,2,traitement_a_pour_posologie,TRAITEMENT,POSOLOGIE,0.5,posologie,2,1
C_000222,img20250709_16233563_trace_sepsis_V1.6-V6.5-SELECTIVE_PRECISION.json,WEAK,P2_E061,SIGNE_VITAL,FR (c/mn) : 22 | signe_vital,2,signe_vital_supporte_defaillance_organe,SIGNE_VITAL,DEFAILLANCE_ORGANE,0.48,signe | vital,8,2
C_000223,img20250709_16233563_trace_sepsis_V1.6-V6.5-SELECTIVE_PRECISION.json,WEAK,P3_E037,POSOLOGIE,65 g | posologie,3,traitement_a_pour_posologie,TRAITEMENT,POSOLOGIE,0.5,posologie,10,10
C_000224,img20250709_16233563_trace_sepsis_V1.6-V6.5-SELECTIVE_PRECISION.json,WEAK,P4_E018,TRAITEMENT,Maintien du traitement par Aciclovir IV | Aciclovir | antiviral,4,traitement_administre_a,TRAITEMENT,DONNEE_PATIENT,0.5,traitement,2,8
C_000225,img20250709_16233563_trace_sepsis_V1.6-V6.5-SELECTIVE_PRECISION.json,WEAK,P4_E027,POSOLOGIE,à raison de un par jour | un par jour | 1 | duree_traitement,4,traitement_administre_a,TRAITEMENT,DONNEE_PATIENT,0.5,traitement,3,8
C_000226,img20250709_16233563_trace_sepsis_V1.6-V6.5-SELECTIVE_PRECISION.json,WEAK,P4_E031,POSOLOGIE,5.3g | posologie,4,traitement_a_pour_posologie,TRAITEMENT,POSOLOGIE,0.5,posologie,3,1
C_000227,img20250709_16233563_trace_sepsis_V1.6-V6.5-SELECTIVE_PRECISION.json,WEAK,P5_E040,POSOLOGIE,275 ui | posologie,5,traitement_a_pour_posologie,TRAITEMENT,POSOLOGIE,0.5,posologie,9,10
C_000228,img20250709_16233563_trace_sepsis_V1.6-V6.5-SELECTIVE_PRECISION.json,WEAK,P6_E003,TRAITEMENT,Cefotaxime | antibiotique,6,antibiotique_inadequat_pour,TRAITEMENT,MICRO_ORGANISME,0.5,antibiotique,10,8
C_000229,img20250709_16233563_trace_sepsis_V1.6-V6.5-SELECTIVE_PRECISION.json,WEAK,P6_E005,TRAITEMENT,Augmentin | antibiotique,6,antibiotique_inadequat_pour,TRAITEMENT,MICRO_ORGANISME,0.5,antibiotique,10,8
C_000230,img20250709_16233563_trace_sepsis_V1.6-V6.5-SELECTIVE_PRECISION.json,WEAK,P6_E007,POSOLOGIE,huit jours d'antibiohérapie | huit jours | 8 | duree_traitement,6,traitement_administre_a,TRAITEMENT,DONNEE_PATIENT,0.5,traitement,10,1
C_000231,img20250709_16233563_trace_sepsis_V1.6-V6.5-SELECTIVE_PRECISION.json,WEAK,P6_E023,TRAITEMENT,Fortum | antibiotique,6,antibiotique_inadequat_pour,TRAITEMENT,MICRO_ORGANISME,0.5,antibiotique,10,8
C_000232,img20250709_16233563_trace_sepsis_V1.6-V6.5-SELECTIVE_PRECISION.json,WEAK,P6_E024,TRAITEMENT,Amiklin | antibiotique,6,antibiotique_inadequat_pour,TRAITEMENT,MICRO_ORGANISME,0.5,antibiotique,10,8
C_000233,img20250709_16233563_trace_sepsis_V1.6-V6.5-SELECTIVE_PRECISION.json,WEAK,P6_E025,TRAITEMENT,claforan le 06/08 | claforan | antibiotique,6,antibiotique_inadequat_pour,TRAITEMENT,MICRO_ORGANISME,0.5,antibiotique,10,8
C_000234,img20250709_16233563_trace_sepsis_V1.6-V6.5-SELECTIVE_PRECISION.json,WEAK,P6_E050,POSOLOGIE,"9,4 g | posologie",6,traitement_a_pour_posologie,TRAITEMENT,POSOLOGIE,0.5,posologie,10,5
C_000235,img20250709_16233563_trace_sepsis_V1.6-V6.5-SELECTIVE_PRECISION.json,WEAK,P7_E001,TRAITEMENT,pariet | traitement_habituel,7,traitement_administre_a,TRAITEMENT,DONNEE_PATIENT,0.5,traitement,4,8
C_000236,img20250709_16233563_trace_sepsis_V1.6-V6.5-SELECTIVE_PRECISION.json,WEAK,P7_E003,TRAITEMENT,xatral | traitement_habituel,7,traitement_administre_a,TRAITEMENT,DONNEE_PATIENT,0.5,traitement,4,8
C_000237,img20250709_16233563_trace_sepsis_V1.6-V6.5-SELECTIVE_PRECISION.json,WEAK,P7_E005,TRAITEMENT,kardegic | traitement_habituel,7,traitement_administre_a,TRAITEMENT,DONNEE_PATIENT,0.5,traitement,4,8
C_000238,img20250709_16254831_trace_sepsis_V1.6-V6.5-SELECTIVE_PRECISION.json,WEAK,P1_E007,TRAITEMENT,AVONEX | antibiotique,1,antibiotique_inadequat_pour,TRAITEMENT,MICRO_ORGANISME,0.5,antibiotique,10,4
C_000239,img20250709_16254831_trace_sepsis_V1.6-V6.5-SELECTIVE_PRECISION.json,WEAK,P1_E008,TRAITEMENT,REBIF | antibiotique,1,antibiotique_inadequat_pour,TRAITEMENT,MICRO_ORGANISME,0.5,antibiotique,10,4
C_000240,img20250709_16254831_trace_sepsis_V1.6-V6.5-SELECTIVE_PRECISION.json,WEAK,P1_E036,POSOLOGIE,2-2-2 | posologie,1,traitement_a_pour_posologie,TRAITEMENT,POSOLOGIE,0.5,posologie,10,9
C_000241,img20250709_16254831_trace_sepsis_V1.6-V6.5-SELECTIVE_PRECISION.json,WEAK,P1_E037,POSOLOGIE,1-0-0 | posologie,1,traitement_a_pour_posologie,TRAITEMENT,POSOLOGIE,0.5,posologie,10,9
C_000242,img20250709_16254831_trace_sepsis_V1.6-V6.5-SELECTIVE_PRECISION.json,WEAK,P1_E038,POSOLOGIE,2-2-0 | posologie,1,traitement_a_pour_posologie,TRAITEMENT,POSOLOGIE,0.5,posologie,10,9
C_000243,img20250709_16254831_trace_sepsis_V1.6-V6.5-SELECTIVE_PRECISION.json,WEAK,P4_E016,TRAITEMENT,antibiothérapie probabiliste par CEFTRIAXONE | antibiothérapie | antibiotique,4,antibiotique_inadequat_pour,TRAITEMENT,MICRO_ORGANISME,0.5,antibiotique,3,2
C_000244,img20250709_16254831_trace_sepsis_V1.6-V6.5-SELECTIVE_PRECISION.json,WEAK,P4_E017,TRAITEMENT,AMIKLIN | antibiotique,4,antibiotique_inadequat_pour,TRAITEMENT,MICRO_ORGANISME,0.5,antibiotique,3,2
C_000245,img20250709_16254831_trace_sepsis_V1.6-V6.5-SELECTIVE_PRECISION.json,WEAK,P4_E018,TRAITEMENT,AUGMENTIN | antibiotique,4,antibiotique_inadequat_pour,TRAITEMENT,MICRO_ORGANISME,0.5,antibiotique,3,2
C_000246,img20250709_16254831_trace_sepsis_V1.6-V6.5-SELECTIVE_PRECISION.json,WEAK,P4_E019,TRAITEMENT,traitement vasopresseur par NORADRENALINE | NORADRENALINE | vasopresseur,4,traitement_administre_a,TRAITEMENT,DONNEE_PATIENT,0.5,traitement,3,5
C_000247,img20250709_16254831_trace_sepsis_V1.6-V6.5-SELECTIVE_PRECISION.json,STRONG,P4_E025,SYMPTOME,Evolution favorable avec apyrexie | apyrexie,4,patient_a_pour_evolution,DONNEE_PATIENT,EVOLUTION_PRONOSTIC,1.0,evolution,5,2
C_000248,img20250709_16254831_trace_sepsis_V1.6-V6.5-SELECTIVE_PRECISION.json,WEAK,P5_E005,TRAITEMENT,Augmentin | antibiotique,5,antibiotique_inadequat_pour,TRAITEMENT,MICRO_ORGANISME,0.5,antibiotique,9,2
C_000249,img20250709_16270030_trace_sepsis_V1.6-V6.5-SELECTIVE_PRECISION.json,WEAK,P1_E023,POSOLOGIE,1/J | posologie,1,traitement_a_pour_posologie,TRAITEMENT,POSOLOGIE,0.5,posologie,2,1
C_000250,img20250709_16270030_trace_sepsis_V1.6-V6.5-SELECTIVE_PRECISION.json,WEAK,P1_E024,POSOLOGIE,3/J | posologie,1,traitement_a_pour_posologie,TRAITEMENT,POSOLOGIE,0.5,posologie,2,1
C_000251,img20250709_16270030_trace_sepsis_V1.6-V6.5-SELECTIVE_PRECISION.json,WEAK,P2_E068,SIGNE_VITAL,TRC>3s | signe_vital,2,score_sofa_inclut_signe_vital,SCORE_SOFA,SIGNE_VITAL,0.55,signe | vital,1,5
C_000252,img20250709_16270030_trace_sepsis_V1.6-V6.5-SELECTIVE_PRECISION.json,WEAK,P3_E035,POSOLOGIE,21 g | posologie,3,traitement_a_pour_posologie,TRAITEMENT,POSOLOGIE,0.5,posologie,10,10
C_000253,img20250709_16271908_trace_sepsis_V1.6-V6.5-SELECTIVE_PRECISION.json,WEAK,P1_E005,COMORBIDITE_ANTECEDENT,traitement par SUTENT (jusqu'à fin 2008) | traitement_par_SUTENT,1,traitement_administre_a,TRAITEMENT,DONNEE_PATIENT,0.5,traitement,2,3
C_000254,img20250709_16271908_trace_sepsis_V1.6-V6.5-SELECTIVE_PRECISION.json,WEAK,P1_E006,COMORBIDITE_ANTECEDENT,puis de l'AFINITOR | traitement_par_AFINITOR,1,traitement_administre_a,TRAITEMENT,DONNEE_PATIENT,0.5,traitement,2,3
C_000255,img20250709_16271908_trace_sepsis_V1.6-V6.5-SELECTIVE_PRECISION.json,WEAK,P2_E043,POSOLOGIE,150 µg | posologie,2,traitement_a_pour_posologie,TRAITEMENT,POSOLOGIE,0.5,posologie,9,8
C_000256,img20250709_16271908_trace_sepsis_V1.6-V6.5-SELECTIVE_PRECISION.json,WEAK,P2_E044,POSOLOGIE,15L | posologie,2,traitement_a_pour_posologie,TRAITEMENT,POSOLOGIE,0.5,posologie,9,8
C_000257,img20250709_16271908_trace_sepsis_V1.6-V6.5-SELECTIVE_PRECISION.json,WEAK,P4_E030,TRAITEMENT,Introduction initiale d'une antibiothérapie par TIÉNAM | antibiothérapie | antibiotique,4,antibiotique_inadequat_pour,TRAITEMENT,MICRO_ORGANISME,0.5,antibiotique,3,2
C_000258,img20250709_16271908_trace_sepsis_V1.6-V6.5-SELECTIVE_PRECISION.json,WEAK,P4_E032,TRAITEMENT,relais par AUGMENTIN | AUGMENTIN | antibiotique,4,antibiotique_inadequat_pour,TRAITEMENT,MICRO_ORGANISME,0.5,antibiotique,3,2
C_000259,img20250709_16271908_trace_sepsis_V1.6-V6.5-SELECTIVE_PRECISION.json,WEAK,P4_E033,POSOLOGIE,pour une durée totale de 7 jours | durée totale de 7 jours | 7 | duree_traitement,4,traitement_administre_a,TRAITEMENT,DONNEE_PATIENT,0.5,traitement,4,9
C_000260,img20250709_16271908_trace_sepsis_V1.6-V6.5-SELECTIVE_PRECISION.json,WEAK,P5_E018,TRAITEMENT,reprise du traitement anticoagulant | anticoagulant,5,traitement_administre_a,TRAITEMENT,DONNEE_PATIENT,0.5,traitement,10,1
C_000261,img20250709_16271908_trace_sepsis_V1.6-V6.5-SELECTIVE_PRECISION.json,WEAK,P5_E020,TRAITEMENT,traitement par anti VEGF | anti VEGF | autre,5,traitement_administre_a,TRAITEMENT,DONNEE_PATIENT,0.5,traitement,10,1
C_000262,img20250709_16271908_trace_sepsis_V1.6-V6.5-SELECTIVE_PRECISION.json,WEAK,P5_E025,TRAITEMENT,augmentin 1g *3/j | augmentin | antibiotique,5,antibiotique_inadequat_pour,TRAITEMENT,MICRO_ORGANISME,0.5,antibiotique,10,2
C_000263,img20250709_16271908_trace_sepsis_V1.6-V6.5-SELECTIVE_PRECISION.json,WEAK,P5_E042,POSOLOGIE,3/j | posologie,5,traitement_a_pour_posologie,TRAITEMENT,POSOLOGIE,0.5,posologie,10,6
C_000264,img20250709_16271908_trace_sepsis_V1.6-V6.5-SELECTIVE_PRECISION.json,WEAK,P5_E043,POSOLOGIE,75 cp par jour | posologie,5,traitement_a_pour_posologie,TRAITEMENT,POSOLOGIE,0.5,posologie,10,6
C_000265,img20250709_16273897_trace_sepsis_V1.6-V6.5-SELECTIVE_PRECISION.json,WEAK,P1_E015,TRAITEMENT,Zyprexa | traitement_habituel,1,traitement_administre_a,TRAITEMENT,DONNEE_PATIENT,0.5,traitement,8,2
C_000266,img20250709_16273897_trace_sepsis_V1.6-V6.5-SELECTIVE_PRECISION.json,WEAK,P1_E017,TRAITEMENT,Xatral LP | traitement_habituel,1,traitement_administre_a,TRAITEMENT,DONNEE_PATIENT,0.5,traitement,8,2
C_000267,img20250709_16273897_trace_sepsis_V1.6-V6.5-SELECTIVE_PRECISION.json,WEAK,P1_E018,TRAITEMENT,Tardyferon B9 | Tardyferon | traitement_habituel,1,traitement_administre_a,TRAITEMENT,DONNEE_PATIENT,0.5,traitement,8,2
C_000268,img20250709_16273897_trace_sepsis_V1.6-V6.5-SELECTIVE_PRECISION.json,WEAK,P1_E019,TRAITEMENT,Primperan | traitement_habituel,1,traitement_administre_a,TRAITEMENT,DONNEE_PATIENT,0.5,traitement,8,2
C_000269,img20250709_16273897_trace_sepsis_V1.6-V6.5-SELECTIVE_PRECISION.json,WEAK,P1_E021,TRAITEMENT,Contramal | traitement_habituel,1,traitement_administre_a,TRAITEMENT,DONNEE_PATIENT,0.5,traitement,8,2
C_000270,img20250709_16273897_trace_sepsis_V1.6-V6.5-SELECTIVE_PRECISION.json,WEAK,P1_E023,TRAITEMENT,Imovane | traitement_habituel,1,traitement_administre_a,TRAITEMENT,DONNEE_PATIENT,0.5,traitement,8,2
C_000271,img20250709_16273897_trace_sepsis_V1.6-V6.5-SELECTIVE_PRECISION.json,WEAK,P1_E025,TRAITEMENT,Doliprane | traitement_habituel,1,traitement_administre_a,TRAITEMENT,DONNEE_PATIENT,0.5,traitement,8,2
C_000272,img20250709_16273897_trace_sepsis_V1.6-V6.5-SELECTIVE_PRECISION.json,WEAK,P1_E026,TRAITEMENT,Lovenox | traitement_habituel,1,traitement_administre_a,TRAITEMENT,DONNEE_PATIENT,0.5,traitement,8,2
C_000273,img20250709_16273897_trace_sepsis_V1.6-V6.5-SELECTIVE_PRECISION.json,WEAK,P1_E035,POSOLOGIE,5 mg | posologie,1,traitement_a_pour_posologie,TRAITEMENT,POSOLOGIE,0.5,posologie,9,8
C_000274,img20250709_16273897_trace_sepsis_V1.6-V6.5-SELECTIVE_PRECISION.json,WEAK,P1_E036,POSOLOGIE,10 mg | posologie,1,traitement_a_pour_posologie,TRAITEMENT,POSOLOGIE,0.5,posologie,9,8
C_000275,img20250709_16273897_trace_sepsis_V1.6-V6.5-SELECTIVE_PRECISION.json,WEAK,P1_E037,POSOLOGIE,100 mg | posologie,1,traitement_a_pour_posologie,TRAITEMENT,POSOLOGIE,0.5,posologie,9,8
C_000276,img20250709_16273897_trace_sepsis_V1.6-V6.5-SELECTIVE_PRECISION.json,WEAK,P1_E038,POSOLOGIE,"7,5 mg | posologie",1,traitement_a_pour_posologie,TRAITEMENT,POSOLOGIE,0.5,posologie,9,8
C_000277,img20250709_16273897_trace_sepsis_V1.6-V6.5-SELECTIVE_PRECISION.json,WEAK,P2_E029,TRAITEMENT,1g de CG3 Ceftriaxone Rocéphine IV | Ceftriaxone | antibiotique,2,antibiotique_inadequat_pour,TRAITEMENT,MICRO_ORGANISME,0.5,antibiotique,9,4
C_000278,img20250709_16273897_trace_sepsis_V1.6-V6.5-SELECTIVE_PRECISION.json,WEAK,P2_E030,TRAITEMENT,500 mg Quinolone Tavanic IV | Tavanic | antibiotique,2,antibiotique_inadequat_pour,TRAITEMENT,MICRO_ORGANISME,0.5,antibiotique,9,4
C_000279,img20250709_16273897_trace_sepsis_V1.6-V6.5-SELECTIVE_PRECISION.json,WEAK,P2_E041,TRAITEMENT,Rocéphine | antibiotique,2,antibiotique_inadequat_pour,TRAITEMENT,MICRO_ORGANISME,0.5,antibiotique,9,4
C_000280,img20250709_16273897_trace_sepsis_V1.6-V6.5-SELECTIVE_PRECISION.json,WEAK,P2_E064,POSOLOGIE,4.8 G | posologie,2,traitement_a_pour_posologie,TRAITEMENT,POSOLOGIE,0.5,posologie,10,8
C_000281,img20250709_16273897_trace_sepsis_V1.6-V6.5-SELECTIVE_PRECISION.json,WEAK,P2_E065,POSOLOGIE,237 mg | posologie,2,traitement_a_pour_posologie,TRAITEMENT,POSOLOGIE,0.5,posologie,10,8
C_000282,img20250709_16273897_trace_sepsis_V1.6-V6.5-SELECTIVE_PRECISION.json,WEAK,P2_E066,POSOLOGIE,10.6 g | posologie,2,traitement_a_pour_posologie,TRAITEMENT,POSOLOGIE,0.5,posologie,10,8
C_000283,img20250709_16273897_trace_sepsis_V1.6-V6.5-SELECTIVE_PRECISION.json,WEAK,P2_E077,POSOLOGIE,3L O2 | posologie,2,traitement_a_pour_posologie,TRAITEMENT,POSOLOGIE,0.5,posologie,10,8
C_000284,img20250709_16273897_trace_sepsis_V1.6-V6.5-SELECTIVE_PRECISION.json,WEAK,P3_E035,POSOLOGIE,58 g | posologie,3,traitement_a_pour_posologie,TRAITEMENT,POSOLOGIE,0.5,posologie,1,10
C_000285,img20250709_16273897_trace_sepsis_V1.6-V6.5-SELECTIVE_PRECISION.json,WEAK,P4_E035,TRAITEMENT,TIENAM | antibiotique,4,antibiotique_inadequat_pour,TRAITEMENT,MICRO_ORGANISME,0.5,antibiotique,8,1
C_000286,img20250709_16273897_trace_sepsis_V1.6-V6.5-SELECTIVE_PRECISION.json,WEAK,P4_E036,TRAITEMENT,AMIKLIN | antibiotique,4,antibiotique_inadequat_pour,TRAITEMENT,MICRO_ORGANISME,0.5,antibiotique,8,1
C_000287,img20250709_16273897_trace_sepsis_V1.6-V6.5-SELECTIVE_PRECISION.json,WEAK,P4_E037,TRAITEMENT,VANCOMYCINE | antibiotique,4,antibiotique_inadequat_pour,TRAITEMENT,MICRO_ORGANISME,0.5,antibiotique,8,1
C_000288,img20250709_16281006_trace_sepsis_V1.6-V6.5-SELECTIVE_PRECISION.json,WEAK,P1_E024,POSOLOGIE,4 jours | posologie,1,traitement_a_pour_posologie,TRAITEMENT,POSOLOGIE,0.5,posologie,3,10
C_000289,img20250709_16281006_trace_sepsis_V1.6-V6.5-SELECTIVE_PRECISION.json,WEAK,P2_E056,POSOLOGIE,1g | posologie,2,traitement_a_pour_posologie,TRAITEMENT,POSOLOGIE,0.5,posologie,7,4
C_000290,img20250709_16281006_trace_sepsis_V1.6-V6.5-SELECTIVE_PRECISION.json,WEAK,P2_E057,POSOLOGIE,10L | posologie,2,traitement_a_pour_posologie,TRAITEMENT,POSOLOGIE,0.5,posologie,7,4
C_000291,img20250709_16281006_trace_sepsis_V1.6-V6.5-SELECTIVE_PRECISION.json,WEAK,P3_E040,POSOLOGIE,80 g | posologie,3,traitement_a_pour_posologie,TRAITEMENT,POSOLOGIE,0.5,posologie,10,10
C_000292,img20250709_16281006_trace_sepsis_V1.6-V6.5-SELECTIVE_PRECISION.json,WEAK,P5_E023,TRAITEMENT,TIACARCILLINE | antibiotique,5,antibiotique_inadequat_pour,TRAITEMENT,MICRO_ORGANISME,0.5,antibiotique,10,5
C_000293,img20250709_16281006_trace_sepsis_V1.6-V6.5-SELECTIVE_PRECISION.json,WEAK,P5_E031,TRAITEMENT,mise sous CLAFORAN | CLAFORAN | antibiotique,5,antibiotique_inadequat_pour,TRAITEMENT,MICRO_ORGANISME,0.5,antibiotique,10,5
C_000294,img20250709_16281006_trace_sepsis_V1.6-V6.5-SELECTIVE_PRECISION.json,WEAK,P5_E032,TRAITEMENT,relais par TIÉNAM le 31/08 | TIÉNAM | antibiotique,5,antibiotique_inadequat_pour,TRAITEMENT,MICRO_ORGANISME,0.5,antibiotique,10,5
C_000295,img20250709_16281006_trace_sepsis_V1.6-V6.5-SELECTIVE_PRECISION.json,WEAK,P5_E033,TRAITEMENT,relais par CLAMOXYL le 04/09 | CLAMOXYL | antibiotique,5,antibiotique_inadequat_pour,TRAITEMENT,MICRO_ORGANISME,0.5,antibiotique,10,5
C_000296,img20250709_16281006_trace_sepsis_V1.6-V6.5-SELECTIVE_PRECISION.json,WEAK,P5_E034,POSOLOGIE,pour une durée totale de 7 jours | durée totale de 7 jours | 7 | duree_traitement,5,traitement_administre_a,TRAITEMENT,DONNEE_PATIENT,0.5,traitement,10,2
C_000297,img20250709_16281006_trace_sepsis_V1.6-V6.5-SELECTIVE_PRECISION.json,WEAK,P5_E038,TRAITEMENT,introduction de FLAGYL le 06/09 | FLAGYL | antibiotique,5,antibiotique_inadequat_pour,TRAITEMENT,MICRO_ORGANISME,0.5,antibiotique,10,5
C_000298,img20250709_16281006_trace_sepsis_V1.6-V6.5-SELECTIVE_PRECISION.json,WEAK,P5_E039,POSOLOGIE,pour une durée de 10 jours | 10 jours | 10 | duree_traitement,5,traitement_administre_a,TRAITEMENT,DONNEE_PATIENT,0.5,traitement,10,2
C_000299,img20250709_16281006_trace_sepsis_V1.6-V6.5-SELECTIVE_PRECISION.json,WEAK,P5_E059,POSOLOGIE,1 mg | posologie,5,traitement_a_pour_posologie,TRAITEMENT,POSOLOGIE,0.5,posologie,10,2
C_000300,img20250709_16281006_trace_sepsis_V1.6-V6.5-SELECTIVE_PRECISION.json,WEAK,P6_E007,POSOLOGIE,40 mg /jour | 40 mg | duree_traitement,6,traitement_administre_a,TRAITEMENT,DONNEE_PATIENT,0.5,traitement,9,1
C_000301,img20250709_16281006_trace_sepsis_V1.6-V6.5-SELECTIVE_PRECISION.json,WEAK,P6_E047,POSOLOGIE,20 mg | posologie,6,traitement_a_pour_posologie,TRAITEMENT,POSOLOGIE,0.5,posologie,9,7
C_000302,img20250709_16281006_trace_sepsis_V1.6-V6.5-SELECTIVE_PRECISION.json,WEAK,P6_E048,POSOLOGIE,0.4 ml | posologie,6,traitement_a_pour_posologie,TRAITEMENT,POSOLOGIE,0.5,posologie,9,7
C_000303,img20250709_16283177_trace_sepsis_V1.6-V6.5-SELECTIVE_PRECISION.json,WEAK,P1_E024,POSOLOGIE,3 l | posologie,1,traitement_a_pour_posologie,TRAITEMENT,POSOLOGIE,0.5,posologie,4,3
C_000304,img20250709_16283177_trace_sepsis_V1.6-V6.5-SELECTIVE_PRECISION.json,WEAK,P1_E025,POSOLOGIE,1-1-1 | posologie,1,traitement_a_pour_posologie,TRAITEMENT,POSOLOGIE,0.5,posologie,4,3
C_000305,img20250709_16283177_trace_sepsis_V1.6-V6.5-SELECTIVE_PRECISION.json,WEAK,P2_E003,TRAITEMENT,PYOSTACINE | antibiotique,2,antibiotique_inadequat_pour,TRAITEMENT,MICRO_ORGANISME,0.5,antibiotique,10,2
C_000306,img20250709_16283177_trace_sepsis_V1.6-V6.5-SELECTIVE_PRECISION.json,WEAK,P2_E004,TRAITEMENT,VANCOMYCINE | antibiotique,2,antibiotique_inadequat_pour,TRAITEMENT,MICRO_ORGANISME,0.5,antibiotique,10,2
C_000307,img20250709_16283177_trace_sepsis_V1.6-V6.5-SELECTIVE_PRECISION.json,WEAK,P2_E005,TRAITEMENT,BRISTOPEN | antibiotique,2,antibiotique_inadequat_pour,TRAITEMENT,MICRO_ORGANISME,0.5,antibiotique,10,2
C_000308,img20250709_16283177_trace_sepsis_V1.6-V6.5-SELECTIVE_PRECISION.json,WEAK,P2_E006,TRAITEMENT,GENTAMICINE | antibiotique,2,antibiotique_inadequat_pour,TRAITEMENT,MICRO_ORGANISME,0.5,antibiotique,10,2
C_000309,img20250709_16283177_trace_sepsis_V1.6-V6.5-SELECTIVE_PRECISION.json,WEAK,P2_E011,POSOLOGIE,Décan ampoule/jour | ampoule/jour | duree_traitement,2,traitement_administre_a,TRAITEMENT,DONNEE_PATIENT,0.5,traitement,10,1
C_000310,img20250709_16283177_trace_sepsis_V1.6-V6.5-SELECTIVE_PRECISION.json,WEAK,P4_E033,POSOLOGIE,2.41 g | posologie,4,traitement_a_pour_posologie,TRAITEMENT,POSOLOGIE,0.5,posologie,1,10
C_000311,img20250709_16283177_trace_sepsis_V1.6-V6.5-SELECTIVE_PRECISION.json,WEAK,P5_E026,TRAITEMENT,VANCOMYCINE | antibiotique,5,antibiotique_inadequat_pour,TRAITEMENT,MICRO_ORGANISME,0.5,antibiotique,7,1
C_000312,img20250709_16283177_trace_sepsis_V1.6-V6.5-SELECTIVE_PRECISION.json,WEAK,P5_E040,POSOLOGIE,63 g | posologie,5,traitement_a_pour_posologie,TRAITEMENT,POSOLOGIE,0.5,posologie,8,1
C_000313,img20250709_16283177_trace_sepsis_V1.6-V6.5-SELECTIVE_PRECISION.json,WEAK,P6_E015,TRAITEMENT,Vancomycine | antibiotique,6,antibiotique_inadequat_pour,TRAITEMENT,MICRO_ORGANISME,0.5,antibiotique,10,1
C_000314,img20250709_16283177_trace_sepsis_V1.6-V6.5-SELECTIVE_PRECISION.json,WEAK,P6_E016,POSOLOGIE,Vancomycine 500 mg toutes les 8h depuis le 05/11/2012 à poursuivre pendant 3 semaines | 500 mg | 3 | duree_traitement,6,traitement_administre_a,TRAITEMENT,DONNEE_PATIENT,0.5,traitement,10,1
C_000315,img20250709_16283177_trace_sepsis_V1.6-V6.5-SELECTIVE_PRECISION.json,WEAK,P6_E017,TRAITEMENT,traitement par sandostatine | sandostatine | antibiotique,6,traitement_administre_a,TRAITEMENT,DONNEE_PATIENT,0.5,traitement,10,1
C_000316,img20250709_16283177_trace_sepsis_V1.6-V6.5-SELECTIVE_PRECISION.json,WEAK,P6_E018,TRAITEMENT,traitement par Inipomp | Inipomp | autre,6,traitement_administre_a,TRAITEMENT,DONNEE_PATIENT,0.5,traitement,10,1
C_000317,img20250709_16283177_trace_sepsis_V1.6-V6.5-SELECTIVE_PRECISION.json,WEAK,P6_E021,TRAITEMENT,traitement par Avlocardyl | Avlocardyl | autre,6,traitement_administre_a,TRAITEMENT,DONNEE_PATIENT,0.5,traitement,10,1
C_000318,img20250709_16283177_trace_sepsis_V1.6-V6.5-SELECTIVE_PRECISION.json,WEAK,P6_E053,POSOLOGIE,13g | posologie,6,traitement_a_pour_posologie,TRAITEMENT,POSOLOGIE,0.5,posologie,10,10
C_000319,img20250709_16283177_trace_sepsis_V1.6-V6.5-SELECTIVE_PRECISION.json,WEAK,P6_E054,POSOLOGIE,10 mg | posologie,6,traitement_a_pour_posologie,TRAITEMENT,POSOLOGIE,0.5,posologie,10,10
C_000320,img20250709_16283177_trace_sepsis_V1.6-V6.5-SELECTIVE_PRECISION.json,WEAK,P6_E055,POSOLOGIE,0-0-1 | posologie,6,traitement_a_pour_posologie,TRAITEMENT,POSOLOGIE,0.5,posologie,10,10
C_000321,img20250709_16283177_trace_sepsis_V1.6-V6.5-SELECTIVE_PRECISION.json,WEAK,P6_E056,POSOLOGIE,2-2-2 | posologie,6,traitement_a_pour_posologie,TRAITEMENT,POSOLOGIE,0.5,posologie,10,10
C_000322,img20250709_16283177_trace_sepsis_V1.6-V6.5-SELECTIVE_PRECISION.json,WEAK,P6_E057,POSOLOGIE,2-0-0 | posologie,6,traitement_a_pour_posologie,TRAITEMENT,POSOLOGIE,0.5,posologie,10,10
C_000323,img20250709_16283177_trace_sepsis_V1.6-V6.5-SELECTIVE_PRECISION.json,WEAK,P6_E058,POSOLOGIE,1-0-0 | posologie,6,traitement_a_pour_posologie,TRAITEMENT,POSOLOGIE,0.5,posologie,10,10
C_000324,img20250709_16283177_trace_sepsis_V1.6-V6.5-SELECTIVE_PRECISION.json,WEAK,P6_E059,POSOLOGIE,5000ui | posologie,6,traitement_a_pour_posologie,TRAITEMENT,POSOLOGIE,0.5,posologie,10,10
C_000325,img20250709_16283177_trace_sepsis_V1.6-V6.5-SELECTIVE_PRECISION.json,WEAK,P6_E060,POSOLOGIE,1-0-1 | posologie,6,traitement_a_pour_posologie,TRAITEMENT,POSOLOGIE,0.5,posologie,10,10
C_000326,img20250709_16283177_trace_sepsis_V1.6-V6.5-SELECTIVE_PRECISION.json,WEAK,P6_E061,POSOLOGIE,1000 mg | posologie,6,traitement_a_pour_posologie,TRAITEMENT,POSOLOGIE,0.5,posologie,10,10
C_000327,img20250709_16283177_trace_sepsis_V1.6-V6.5-SELECTIVE_PRECISION.json,WEAK,P6_E066,POSOLOGIE,10 ml | posologie,6,traitement_a_pour_posologie,TRAITEMENT,POSOLOGIE,0.5,posologie,10,10
C_000328,img20250709_16295211_trace_sepsis_V1.6-V6.5-SELECTIVE_PRECISION.json,WEAK,P1_E005,TRAITEMENT,Clamoxyl | antibiotique,1,antibiotique_inadequat_pour,TRAITEMENT,MICRO_ORGANISME,0.5,antibiotique,5,1
C_000329,img20250709_16295211_trace_sepsis_V1.6-V6.5-SELECTIVE_PRECISION.json,WEAK,P1_E006,TRAITEMENT,rifampicine | antibiotique,1,antibiotique_inadequat_pour,TRAITEMENT,MICRO_ORGANISME,0.5,antibiotique,5,1
C_000330,img20250709_16295211_trace_sepsis_V1.6-V6.5-SELECTIVE_PRECISION.json,WEAK,P1_E008,TRAITEMENT,Bactrim | antibiotique,1,antibiotique_inadequat_pour,TRAITEMENT,MICRO_ORGANISME,0.5,antibiotique,5,1
C_000331,img20250709_16295211_trace_sepsis_V1.6-V6.5-SELECTIVE_PRECISION.json,WEAK,P1_E010,TRAITEMENT,Dalacine | antibiotique,1,antibiotique_inadequat_pour,TRAITEMENT,MICRO_ORGANISME,0.5,antibiotique,5,1
C_000332,img20250709_16295211_trace_sepsis_V1.6-V6.5-SELECTIVE_PRECISION.json,WEAK,P1_E011,POSOLOGIE,poursuite des antibiotiques prévue pour 6 mois | 6 mois | 6 | duree_traitement,1,traitement_administre_a,TRAITEMENT,DONNEE_PATIENT,0.5,traitement,6,2
C_000333,img20250709_16295211_trace_sepsis_V1.6-V6.5-SELECTIVE_PRECISION.json,WEAK,P2_E002,TRAITEMENT,Dalacine | antibiotique,2,antibiotique_inadequat_pour,TRAITEMENT,MICRO_ORGANISME,0.5,antibiotique,10,7
C_000334,img20250709_16295211_trace_sepsis_V1.6-V6.5-SELECTIVE_PRECISION.json,WEAK,P2_E003,TRAITEMENT,Clamoxyl | antibiotique,2,antibiotique_inadequat_pour,TRAITEMENT,MICRO_ORGANISME,0.5,antibiotique,10,7
C_000335,img20250709_16295211_trace_sepsis_V1.6-V6.5-SELECTIVE_PRECISION.json,WEAK,P2_E007,TRAITEMENT,VANCOMYCINE | antibiotique,2,antibiotique_inadequat_pour,TRAITEMENT,MICRO_ORGANISME,0.5,antibiotique,10,7
C_000336,img20250709_16295211_trace_sepsis_V1.6-V6.5-SELECTIVE_PRECISION.json,WEAK,P2_E008,TRAITEMENT,TAZOCILLINE | antibiotique,2,antibiotique_inadequat_pour,TRAITEMENT,MICRO_ORGANISME,0.5,antibiotique,10,7
C_000337,img20250709_16295211_trace_sepsis_V1.6-V6.5-SELECTIVE_PRECISION.json,WEAK,P2_E009,TRAITEMENT,CIFLOX | antibiotique,2,antibiotique_inadequat_pour,TRAITEMENT,MICRO_ORGANISME,0.5,antibiotique,10,7
C_000338,img20250709_16295211_trace_sepsis_V1.6-V6.5-SELECTIVE_PRECISION.json,WEAK,P2_E015,TRAITEMENT,fluconazole | antibiotique,2,antibiotique_inadequat_pour,TRAITEMENT,MICRO_ORGANISME,0.5,antibiotique,10,7
C_000339,img20250709_16295211_trace_sepsis_V1.6-V6.5-SELECTIVE_PRECISION.json,WEAK,P2_E020,TRAITEMENT,C3G | antibiotique,2,antibiotique_inadequat_pour,TRAITEMENT,MICRO_ORGANISME,0.5,antibiotique,10,7
C_000340,img20250709_16295211_trace_sepsis_V1.6-V6.5-SELECTIVE_PRECISION.json,WEAK,P2_E021,TRAITEMENT,Ofloxacine | antibiotique,2,antibiotique_inadequat_pour,TRAITEMENT,MICRO_ORGANISME,0.5,antibiotique,10,7
C_000341,img20250709_16295211_trace_sepsis_V1.6-V6.5-SELECTIVE_PRECISION.json,WEAK,P2_E022,TRAITEMENT,Rifampicine | antibiotique,2,antibiotique_inadequat_pour,TRAITEMENT,MICRO_ORGANISME,0.5,antibiotique,10,7
C_000342,img20250709_16295211_trace_sepsis_V1.6-V6.5-SELECTIVE_PRECISION.json,WEAK,P2_E071,POSOLOGIE,15L | posologie,2,traitement_a_pour_posologie,TRAITEMENT,POSOLOGIE,0.5,posologie,10,2
C_000343,img20250709_16295211_trace_sepsis_V1.6-V6.5-SELECTIVE_PRECISION.json,WEAK,P2_E072,POSOLOGIE,5 jours | posologie,2,traitement_a_pour_posologie,TRAITEMENT,POSOLOGIE,0.5,posologie,10,2
C_000344,img20250709_16295211_trace_sepsis_V1.6-V6.5-SELECTIVE_PRECISION.json,WEAK,P3_E041,POSOLOGIE,15l | posologie,3,traitement_a_pour_posologie,TRAITEMENT,POSOLOGIE,0.5,posologie,3,1
C_000345,img20250709_16295211_trace_sepsis_V1.6-V6.5-SELECTIVE_PRECISION.json,WEAK,P4_E036,POSOLOGIE,73 g | posologie,4,traitement_a_pour_posologie,TRAITEMENT,POSOLOGIE,0.5,posologie,10,10
C_000346,img20250709_16295211_trace_sepsis_V1.6-V6.5-SELECTIVE_PRECISION.json,WEAK,P5_E031,TRAITEMENT,Fortum | antibiotique,5,antibiotique_inadequat_pour,TRAITEMENT,MICRO_ORGANISME,0.5,antibiotique,8,1
C_000347,img20250709_16295211_trace_sepsis_V1.6-V6.5-SELECTIVE_PRECISION.json,WEAK,P5_E032,TRAITEMENT,Oflocef | antibiotique,5,antibiotique_inadequat_pour,TRAITEMENT,MICRO_ORGANISME,0.5,antibiotique,8,1
C_000348,img20250709_16295211_trace_sepsis_V1.6-V6.5-SELECTIVE_PRECISION.json,WEAK,P5_E033,TRAITEMENT,1 dose d'amiklin | amiklin | antibiotique,5,antibiotique_inadequat_pour,TRAITEMENT,MICRO_ORGANISME,0.5,antibiotique,8,1
C_000349,img20250709_16295211_trace_sepsis_V1.6-V6.5-SELECTIVE_PRECISION.json,WEAK,P5_E048,POSOLOGIE,4.5 mg | posologie,5,traitement_a_pour_posologie,TRAITEMENT,POSOLOGIE,0.5,posologie,9,5
C_000350,img20250709_16295211_trace_sepsis_V1.6-V6.5-SELECTIVE_PRECISION.json,WEAK,P6_E001,TRAITEMENT,fortum | antibiotique,6,antibiotique_inadequat_pour,TRAITEMENT,MICRO_ORGANISME,0.5,antibiotique,8,4
C_000351,img20250709_16295211_trace_sepsis_V1.6-V6.5-SELECTIVE_PRECISION.json,WEAK,P6_E002,TRAITEMENT,floxocet | antibiotique,6,antibiotique_inadequat_pour,TRAITEMENT,MICRO_ORGANISME,0.5,antibiotique,8,4
C_000352,img20250709_16295211_trace_sepsis_V1.6-V6.5-SELECTIVE_PRECISION.json,WEAK,P6_E003,TRAITEMENT,amiklin | antibiotique,6,antibiotique_inadequat_pour,TRAITEMENT,MICRO_ORGANISME,0.5,antibiotique,8,4
C_000353,img20250709_16295211_trace_sepsis_V1.6-V6.5-SELECTIVE_PRECISION.json,WEAK,P6_E004,TRAITEMENT,vanco | antibiotique,6,antibiotique_inadequat_pour,TRAITEMENT,MICRO_ORGANISME,0.5,antibiotique,8,4
C_000354,img20250709_16295211_trace_sepsis_V1.6-V6.5-SELECTIVE_PRECISION.json,WEAK,P6_E041,POSOLOGIE,6 mg | posologie,6,traitement_a_pour_posologie,TRAITEMENT,POSOLOGIE,0.5,posologie,9,3
C_000355,img20250709_16295211_trace_sepsis_V1.6-V6.5-SELECTIVE_PRECISION.json,WEAK,P6_E042,POSOLOGIE,12.5 mg | posologie,6,traitement_a_pour_posologie,TRAITEMENT,POSOLOGIE,0.5,posologie,9,3
C_000356,img20250709_16295211_trace_sepsis_V1.6-V6.5-SELECTIVE_PRECISION.json,WEAK,P7_E014,TRAITEMENT,sous cefta + | cefta | antibiotique,7,antibiotique_inadequat_pour,TRAITEMENT,MICRO_ORGANISME,0.5,antibiotique,9,3
C_000357,img20250709_16295211_trace_sepsis_V1.6-V6.5-SELECTIVE_PRECISION.json,WEAK,P7_E015,TRAITEMENT,ajout Amiklin 1G ce jour | Amiklin | antibiotique,7,antibiotique_inadequat_pour,TRAITEMENT,MICRO_ORGANISME,0.5,antibiotique,9,3
C_000358,img20250709_16295211_trace_sepsis_V1.6-V6.5-SELECTIVE_PRECISION.json,WEAK,P7_E046,POSOLOGIE,10 ppm | posologie,7,traitement_a_pour_posologie,TRAITEMENT,POSOLOGIE,0.5,posologie,10,2
C_000359,img20250709_16295211_trace_sepsis_V1.6-V6.5-SELECTIVE_PRECISION.json,WEAK,P8_E008,FOYER_INFECTIEUX,foyer infectieux profond drainable,8,imagerie_objective_foyer,IMAGERIE_PROCEDURE,FOYER_INFECTIEUX,0.5067,foyer | infectieux,1,3
C_000360,img20250709_16301193_trace_sepsis_V1.6-V6.5-SELECTIVE_PRECISION.json,WEAK,P1_E025,POSOLOGIE,4.2 L | posologie,1,traitement_a_pour_posologie,TRAITEMENT,POSOLOGIE,0.5,posologie,6,4
C_000361,img20250709_16301193_trace_sepsis_V1.6-V6.5-SELECTIVE_PRECISION.json,WEAK,P2_E060,POSOLOGIE,1000 ml | posologie,2,traitement_a_pour_posologie,TRAITEMENT,POSOLOGIE,0.5,posologie,6,2
C_000362,img20250709_16301193_trace_sepsis_V1.6-V6.5-SELECTIVE_PRECISION.json,WEAK,P3_E039,POSOLOGIE,37 g | posologie,3,traitement_a_pour_posologie,TRAITEMENT,POSOLOGIE,0.5,posologie,1,10
C_000363,img20250709_16301193_trace_sepsis_V1.6-V6.5-SELECTIVE_PRECISION.json,WEAK,P4_E027,POSOLOGIE,Mise sous C3G+ 1 dose d'amiklin | 1 dose | 1 | duree_traitement,4,traitement_administre_a,TRAITEMENT,DONNEE_PATIENT,0.5,traitement,4,1
C_000364,img20250709_16301193_trace_sepsis_V1.6-V6.5-SELECTIVE_PRECISION.json,WEAK,P5_E021,TRAITEMENT,Un traitement par Venlafaxine LP 37.5 | Venlafaxine LP 37.5 | autre,5,traitement_administre_a,TRAITEMENT,DONNEE_PATIENT,0.5,traitement,9,1
C_000365,img20250709_16301193_trace_sepsis_V1.6-V6.5-SELECTIVE_PRECISION.json,WEAK,P5_E027,TRAITEMENT,Poursuite du traitement par calciparine | calciparine | anticoagulant,5,traitement_administre_a,TRAITEMENT,DONNEE_PATIENT,0.5,traitement,9,1
C_000366,img20250709_16301193_trace_sepsis_V1.6-V6.5-SELECTIVE_PRECISION.json,WEAK,P5_E051,POSOLOGIE,8.9g | posologie,5,traitement_a_pour_posologie,TRAITEMENT,POSOLOGIE,0.5,posologie,10,7
C_000367,img20250709_16301193_trace_sepsis_V1.6-V6.5-SELECTIVE_PRECISION.json,WEAK,P5_E052,POSOLOGIE,63µg | posologie,5,traitement_a_pour_posologie,TRAITEMENT,POSOLOGIE,0.5,posologie,10,7
C_000368,img20250709_16301193_trace_sepsis_V1.6-V6.5-SELECTIVE_PRECISION.json,WEAK,P5_E053,POSOLOGIE,3.9L | posologie,5,traitement_a_pour_posologie,TRAITEMENT,POSOLOGIE,0.5,posologie,10,7
C_000369,img20250709_16301193_trace_sepsis_V1.6-V6.5-SELECTIVE_PRECISION.json,WEAK,P5_E054,POSOLOGIE,500 ml | posologie,5,traitement_a_pour_posologie,TRAITEMENT,POSOLOGIE,0.5,posologie,10,7
C_000370,img20250709_16304515_trace_sepsis_V1.6-V6.5-SELECTIVE_PRECISION.json,WEAK,P1_E019,POSOLOGIE,3 jours | posologie,1,traitement_a_pour_posologie,TRAITEMENT,POSOLOGIE,0.5,posologie,10,10
C_000371,img20250709_16304515_trace_sepsis_V1.6-V6.5-SELECTIVE_PRECISION.json,WEAK,P2_E031,POSOLOGIE,500 ml | posologie,2,traitement_a_pour_posologie,TRAITEMENT,POSOLOGIE,0.5,posologie,4,3
C_000372,img20250709_16304515_trace_sepsis_V1.6-V6.5-SELECTIVE_PRECISION.json,WEAK,P2_E032,POSOLOGIE,1l | posologie,2,traitement_a_pour_posologie,TRAITEMENT,POSOLOGIE,0.5,posologie,4,3
C_000373,img20250709_16304515_trace_sepsis_V1.6-V6.5-SELECTIVE_PRECISION.json,WEAK,P3_E040,POSOLOGIE,64 g | posologie,3,traitement_a_pour_posologie,TRAITEMENT,POSOLOGIE,0.5,posologie,2,2
C_000374,img20250709_16304515_trace_sepsis_V1.6-V6.5-SELECTIVE_PRECISION.json,WEAK,P5_E006,TRAITEMENT,Amoxicilline | antibiotique,5,antibiotique_inadequat_pour,TRAITEMENT,MICRO_ORGANISME,0.5,antibiotique,8,1
C_000375,img20250709_16304515_trace_sepsis_V1.6-V6.5-SELECTIVE_PRECISION.json,WEAK,P5_E008,TRAITEMENT,Vancomycine | antibiotique,5,antibiotique_inadequat_pour,TRAITEMENT,MICRO_ORGANISME,0.5,antibiotique,8,1
C_000376,img20250709_16304515_trace_sepsis_V1.6-V6.5-SELECTIVE_PRECISION.json,WEAK,P5_E010,TRAITEMENT,Ciflox | antibiotique,5,antibiotique_inadequat_pour,TRAITEMENT,MICRO_ORGANISME,0.5,antibiotique,8,1
C_000377,img20250709_16304515_trace_sepsis_V1.6-V6.5-SELECTIVE_PRECISION.json,WEAK,P5_E011,TRAITEMENT,tazocilline | antibiotique,5,antibiotique_inadequat_pour,TRAITEMENT,MICRO_ORGANISME,0.5,antibiotique,8,1
C_000378,img20250709_16304515_trace_sepsis_V1.6-V6.5-SELECTIVE_PRECISION.json,WEAK,P5_E030,TRAITEMENT,traitement par Fluimicil | Fluimicil | autre,5,traitement_administre_a,TRAITEMENT,DONNEE_PATIENT,0.5,traitement,8,3
C_000379,img20250709_16313543_trace_sepsis_V1.6-V6.5-SELECTIVE_PRECISION.json,WEAK,P2_E003,TRAITEMENT,RIFATER | antibiotique,2,antibiotique_inadequat_pour,TRAITEMENT,MICRO_ORGANISME,0.5,antibiotique,10,2
C_000380,img20250709_16313543_trace_sepsis_V1.6-V6.5-SELECTIVE_PRECISION.json,WEAK,P2_E004,TRAITEMENT,DEXAMBUTOL | antibiotique,2,antibiotique_inadequat_pour,TRAITEMENT,MICRO_ORGANISME,0.5,antibiotique,10,2
C_000381,img20250709_16313543_trace_sepsis_V1.6-V6.5-SELECTIVE_PRECISION.json,WEAK,P2_E026,TRAITEMENT,Mise en route d'une antibiothérapie par AUGMENTIN | antibiothérapie | antibiotique,2,antibiotique_inadequat_pour,TRAITEMENT,MICRO_ORGANISME,0.5,antibiotique,10,2
C_000382,img20250709_16313543_trace_sepsis_V1.6-V6.5-SELECTIVE_PRECISION.json,WEAK,P2_E066,POSOLOGIE,4L | posologie,2,traitement_a_pour_posologie,TRAITEMENT,POSOLOGIE,0.5,posologie,10,8
C_000383,img20250709_16313543_trace_sepsis_V1.6-V6.5-SELECTIVE_PRECISION.json,WEAK,P2_E067,POSOLOGIE,3/j | posologie,2,traitement_a_pour_posologie,TRAITEMENT,POSOLOGIE,0.5,posologie,10,8
C_000384,img20250709_16313543_trace_sepsis_V1.6-V6.5-SELECTIVE_PRECISION.json,WEAK,P4_E029,TRAITEMENT,antibiothérapie par Ticarciline | antibiothérapie | antibiotique,4,antibiotique_inadequat_pour,TRAITEMENT,MICRO_ORGANISME,0.5,antibiotique,6,2
C_000385,img20250709_16313543_trace_sepsis_V1.6-V6.5-SELECTIVE_PRECISION.json,WEAK,P4_E030,TRAITEMENT,ciprofloxacine | antibiotique,4,antibiotique_inadequat_pour,TRAITEMENT,MICRO_ORGANISME,0.5,antibiotique,6,2
C_000386,img20250709_16313543_trace_sepsis_V1.6-V6.5-SELECTIVE_PRECISION.json,WEAK,P4_E045,POSOLOGIE,75 g | posologie,4,traitement_a_pour_posologie,TRAITEMENT,POSOLOGIE,0.5,posologie,7,3
C_000387,img20250709_16313543_trace_sepsis_V1.6-V6.5-SELECTIVE_PRECISION.json,WEAK,P4_E046,POSOLOGIE,36 UI | posologie,4,traitement_a_pour_posologie,TRAITEMENT,POSOLOGIE,0.5,posologie,7,3
C_000388,img20250709_16313543_trace_sepsis_V1.6-V6.5-SELECTIVE_PRECISION.json,WEAK,P4_E047,POSOLOGIE,162.4 mg | posologie,4,traitement_a_pour_posologie,TRAITEMENT,POSOLOGIE,0.5,posologie,7,3
C_000389,img20250709_16313543_trace_sepsis_V1.6-V6.5-SELECTIVE_PRECISION.json,WEAK,P5_E001,TRAITEMENT,Fortum | antibiotique,5,antibiotique_inadequat_pour,TRAITEMENT,MICRO_ORGANISME,0.5,antibiotique,10,1
C_000390,img20250709_16313543_trace_sepsis_V1.6-V6.5-SELECTIVE_PRECISION.json,WEAK,P5_E003,TRAITEMENT,Amiklin | antibiotique,5,antibiotique_inadequat_pour,TRAITEMENT,MICRO_ORGANISME,0.5,antibiotique,10,1
C_000391,img20250709_16313543_trace_sepsis_V1.6-V6.5-SELECTIVE_PRECISION.json,WEAK,P5_E004,POSOLOGIE,Amiklin pendant 3 jours | 3 jours | 3 | duree_traitement,5,traitement_administre_a,TRAITEMENT,DONNEE_PATIENT,0.5,traitement,10,1
C_000392,img20250709_16313543_trace_sepsis_V1.6-V6.5-SELECTIVE_PRECISION.json,WEAK,P5_E009,TRAITEMENT,quadrithérapie antituberculeuse | antibiotique,5,antibiotique_inadequat_pour,TRAITEMENT,MICRO_ORGANISME,0.5,antibiotique,10,1
C_000393,img20250709_16313543_trace_sepsis_V1.6-V6.5-SELECTIVE_PRECISION.json,WEAK,P5_E033,TRAITEMENT,traitement antituberculeux | antibiotique,5,traitement_administre_a,TRAITEMENT,DONNEE_PATIENT,0.5,traitement,10,1
C_000394,img20250709_16313543_trace_sepsis_V1.6-V6.5-SELECTIVE_PRECISION.json,WEAK,P5_E034,TRAITEMENT,traitement intraveineux | antibiotique,5,traitement_administre_a,TRAITEMENT,DONNEE_PATIENT,0.5,traitement,10,1
C_000395,img20250709_16313543_trace_sepsis_V1.6-V6.5-SELECTIVE_PRECISION.json,WEAK,P5_E049,POSOLOGIE,3.7mg | posologie,5,traitement_a_pour_posologie,TRAITEMENT,POSOLOGIE,0.5,posologie,10,6
C_000396,img20250709_16313543_trace_sepsis_V1.6-V6.5-SELECTIVE_PRECISION.json,WEAK,P5_E050,POSOLOGIE,16g | posologie,5,traitement_a_pour_posologie,TRAITEMENT,POSOLOGIE,0.5,posologie,10,6
C_000397,img20250709_16313543_trace_sepsis_V1.6-V6.5-SELECTIVE_PRECISION.json,WEAK,P6_E004,TRAITEMENT,traitement adapté de la tuberculose | antibiotique,6,traitement_administre_a,TRAITEMENT,DONNEE_PATIENT,0.5,traitement,7,3
C_000398,img20250709_16313543_trace_sepsis_V1.6-V6.5-SELECTIVE_PRECISION.json,WEAK,P6_E005,TRAITEMENT,adaptation des traitements antibiotiques | antibiotique,6,antibiotique_inadequat_pour,TRAITEMENT,MICRO_ORGANISME,0.5,antibiotique,7,1
C_000399,img20250709_16321359_trace_sepsis_V1.6-V6.5-SELECTIVE_PRECISION.json,WEAK,P1_E006,TRAITEMENT,pyostacine | antibiotique,1,antibiotique_inadequat_pour,TRAITEMENT,MICRO_ORGANISME,0.5,antibiotique,8,2
C_000400,img20250709_16321359_trace_sepsis_V1.6-V6.5-SELECTIVE_PRECISION.json,WEAK,P1_E008,TRAITEMENT,Tavanic | antibiotique,1,antibiotique_inadequat_pour,TRAITEMENT,MICRO_ORGANISME,0.5,antibiotique,8,2
C_000401,img20250709_16321359_trace_sepsis_V1.6-V6.5-SELECTIVE_PRECISION.json,WEAK,P1_E009,POSOLOGIE,Tavanic pendant 10 jours | 10 jours | 10 | duree_traitement,1,traitement_administre_a,TRAITEMENT,DONNEE_PATIENT,0.5,traitement,9,2
C_000402,img20250709_16321359_trace_sepsis_V1.6-V6.5-SELECTIVE_PRECISION.json,WEAK,P1_E016,TRAITEMENT,dÉPAKOTE | traitement_habituel,1,traitement_administre_a,TRAITEMENT,DONNEE_PATIENT,0.5,traitement,8,2
C_000403,img20250709_16321359_trace_sepsis_V1.6-V6.5-SELECTIVE_PRECISION.json,WEAK,P1_E017,TRAITEMENT,Valium | traitement_habituel,1,traitement_administre_a,TRAITEMENT,DONNEE_PATIENT,0.5,traitement,8,2
C_000404,img20250709_16321359_trace_sepsis_V1.6-V6.5-SELECTIVE_PRECISION.json,WEAK,P1_E018,TRAITEMENT,Théralithe | traitement_habituel,1,traitement_administre_a,TRAITEMENT,DONNEE_PATIENT,0.5,traitement,8,2
C_000405,img20250709_16321359_trace_sepsis_V1.6-V6.5-SELECTIVE_PRECISION.json,WEAK,P1_E019,TRAITEMENT,FUROSEMIDE | traitement_habituel,1,traitement_administre_a,TRAITEMENT,DONNEE_PATIENT,0.5,traitement,8,2
C_000406,img20250709_16321359_trace_sepsis_V1.6-V6.5-SELECTIVE_PRECISION.json,WEAK,P1_E026,POSOLOGIE,1-1-2 | posologie,1,traitement_a_pour_posologie,TRAITEMENT,POSOLOGIE,0.5,posologie,9,3
C_000407,img20250709_16321359_trace_sepsis_V1.6-V6.5-SELECTIVE_PRECISION.json,WEAK,P1_E027,POSOLOGIE,0-0-2 | posologie,1,traitement_a_pour_posologie,TRAITEMENT,POSOLOGIE,0.5,posologie,9,3
C_000408,img20250709_16321359_trace_sepsis_V1.6-V6.5-SELECTIVE_PRECISION.json,WEAK,P2_E040,POSOLOGIE,61 g | posologie,2,traitement_a_pour_posologie,TRAITEMENT,POSOLOGIE,0.5,posologie,5,3
C_000409,img20250709_16321359_trace_sepsis_V1.6-V6.5-SELECTIVE_PRECISION.json,WEAK,P3_E027,TRAITEMENT,Antibiothérapie par tazocilline | Antibiothérapie | antibiotique,3,antibiotique_inadequat_pour,TRAITEMENT,MICRO_ORGANISME,0.5,antibiotique,4,2
C_000410,img20250709_16321359_trace_sepsis_V1.6-V6.5-SELECTIVE_PRECISION.json,WEAK,P4_E003,TRAITEMENT,Tazocilline | antibiotique,4,antibiotique_inadequat_pour,TRAITEMENT,MICRO_ORGANISME,0.5,antibiotique,10,2
C_000411,img20250709_16321359_trace_sepsis_V1.6-V6.5-SELECTIVE_PRECISION.json,WEAK,P4_E004,TRAITEMENT,Rovamycine | antibiotique,4,antibiotique_inadequat_pour,TRAITEMENT,MICRO_ORGANISME,0.5,antibiotique,10,2
C_000412,img20250709_16321359_trace_sepsis_V1.6-V6.5-SELECTIVE_PRECISION.json,WEAK,P4_E007,TRAITEMENT,introduction d'amikacine | amikacine | antibiotique,4,antibiotique_inadequat_pour,TRAITEMENT,MICRO_ORGANISME,0.5,antibiotique,10,2
C_000413,img20250709_16331952_trace_sepsis_V1.6-V6.5-SELECTIVE_PRECISION.json,WEAK,P1_E012,TRAITEMENT,BIPROFENIDE 100lp 1.0.1 au long cours pour douleurs articulaires | BIPROFENIDE 100lp 1.0.1 | traitement_habituel,1,traitement_administre_a,TRAITEMENT,DONNEE_PATIENT,0.5,traitement,5,2
C_000414,img20250709_16331952_trace_sepsis_V1.6-V6.5-SELECTIVE_PRECISION.json,WEAK,P1_E013,TRAITEMENT,IANSOPRAZOLE30 | traitement_habituel,1,traitement_administre_a,TRAITEMENT,DONNEE_PATIENT,0.5,traitement,5,2
C_000415,img20250709_16331952_trace_sepsis_V1.6-V6.5-SELECTIVE_PRECISION.json,WEAK,P1_E014,TRAITEMENT,OKIMUS | traitement_habituel,1,traitement_administre_a,TRAITEMENT,DONNEE_PATIENT,0.5,traitement,5,2
C_000416,img20250709_16331952_trace_sepsis_V1.6-V6.5-SELECTIVE_PRECISION.json,WEAK,P1_E015,TRAITEMENT,URBANYL | traitement_habituel,1,traitement_administre_a,TRAITEMENT,DONNEE_PATIENT,0.5,traitement,5,2
C_000417,img20250709_16331952_trace_sepsis_V1.6-V6.5-SELECTIVE_PRECISION.json,WEAK,P1_E016,TRAITEMENT,IXPRIM | traitement_habituel,1,traitement_administre_a,TRAITEMENT,DONNEE_PATIENT,0.5,traitement,5,2
C_000418,img20250709_16331952_trace_sepsis_V1.6-V6.5-SELECTIVE_PRECISION.json,WEAK,P2_E017,TRAITEMENT,CALCIPARINE SC | CALCIPARINE | antibiotique,2,antibiotique_inadequat_pour,TRAITEMENT,MICRO_ORGANISME,0.5,antibiotique,10,10
C_000419,img20250709_16331952_trace_sepsis_V1.6-V6.5-SELECTIVE_PRECISION.json,WEAK,P2_E019,TRAITEMENT,DALACINE IV | DALACINE | antibiotique,2,antibiotique_inadequat_pour,TRAITEMENT,MICRO_ORGANISME,0.5,antibiotique,10,10
C_000420,img20250709_16331952_trace_sepsis_V1.6-V6.5-SELECTIVE_PRECISION.json,WEAK,P2_E021,TRAITEMENT,GENTAMICINE 400 MG | GENTAMICINE | antibiotique,2,antibiotique_inadequat_pour,TRAITEMENT,MICRO_ORGANISME,0.5,antibiotique,10,10
C_000421,img20250709_16331952_trace_sepsis_V1.6-V6.5-SELECTIVE_PRECISION.json,WEAK,P2_E022,TRAITEMENT,TAZOCILLINE 4G*3/J | TAZOCILLINE | antibiotique,2,antibiotique_inadequat_pour,TRAITEMENT,MICRO_ORGANISME,0.5,antibiotique,10,10
C_000422,img20250709_16331952_trace_sepsis_V1.6-V6.5-SELECTIVE_PRECISION.json,WEAK,P2_E024,TRAITEMENT,VANCOMYCINE 0.5G/J | VANCOMYCINE | antibiotique,2,antibiotique_inadequat_pour,TRAITEMENT,MICRO_ORGANISME,0.5,antibiotique,10,10
C_000423,img20250709_16331952_trace_sepsis_V1.6-V6.5-SELECTIVE_PRECISION.json,WEAK,P2_E047,POSOLOGIE,400 MG | posologie,2,traitement_a_pour_posologie,TRAITEMENT,POSOLOGIE,0.5,posologie,10,5
C_000424,img20250709_16331952_trace_sepsis_V1.6-V6.5-SELECTIVE_PRECISION.json,WEAK,P3_E043,POSOLOGIE,44 g | posologie,3,traitement_a_pour_posologie,TRAITEMENT,POSOLOGIE,0.5,posologie,1,10
C_000425,img20250709_16331952_trace_sepsis_V1.6-V6.5-SELECTIVE_PRECISION.json,WEAK,P4_E009,TRAITEMENT,amoxicilline | antibiotique,4,antibiotique_inadequat_pour,TRAITEMENT,MICRO_ORGANISME,0.5,antibiotique,7,2
C_000426,img20250709_16331952_trace_sepsis_V1.6-V6.5-SELECTIVE_PRECISION.json,WEAK,P4_E010,TRAITEMENT,dalacine | antibiotique,4,antibiotique_inadequat_pour,TRAITEMENT,MICRO_ORGANISME,0.5,antibiotique,7,2
C_000427,img20250709_16331952_trace_sepsis_V1.6-V6.5-SELECTIVE_PRECISION.json,WEAK,P4_E016,TRAITEMENT,amox | antibiotique,4,antibiotique_inadequat_pour,TRAITEMENT,MICRO_ORGANISME,0.5,antibiotique,7,2
C_000428,img20250709_16331952_trace_sepsis_V1.6-V6.5-SELECTIVE_PRECISION.json,WEAK,P4_E017,TRAITEMENT,clindamycine | antibiotique,4,antibiotique_inadequat_pour,TRAITEMENT,MICRO_ORGANISME,0.5,antibiotique,7,2
C_000429,img20250709_16331952_trace_sepsis_V1.6-V6.5-SELECTIVE_PRECISION.json,WEAK,P4_E021,COMORBIDITE_ANTECEDENT,traitement au long cours par des AINS | traitement_par_AINS,4,traitement_administre_a,TRAITEMENT,DONNEE_PATIENT,0.5,traitement,8,3
C_000430,img20250709_16331952_trace_sepsis_V1.6-V6.5-SELECTIVE_PRECISION.json,WEAK,P5_E001,TRAITEMENT,Amoxicilline | antibiotique,5,antibiotique_inadequat_pour,TRAITEMENT,MICRO_ORGANISME,0.5,antibiotique,10,3
C_000431,img20250709_16331952_trace_sepsis_V1.6-V6.5-SELECTIVE_PRECISION.json,WEAK,P5_E002,TRAITEMENT,Clindamycine | antibiotique,5,antibiotique_inadequat_pour,TRAITEMENT,MICRO_ORGANISME,0.5,antibiotique,10,3
C_000432,img20250709_16331952_trace_sepsis_V1.6-V6.5-SELECTIVE_PRECISION.json,WEAK,P5_E004,TRAITEMENT,traitement par immunoglobuline initialement envisagé | immunoglobuline | autre,5,traitement_administre_a,TRAITEMENT,DONNEE_PATIENT,0.5,traitement,10,1
C_000433,img20250709_16331952_trace_sepsis_V1.6-V6.5-SELECTIVE_PRECISION.json,WEAK,P5_E031,TRAITEMENT,antibiothérapie élargie à TIENAM | antibiothérapie | antibiotique,5,antibiotique_inadequat_pour,TRAITEMENT,MICRO_ORGANISME,0.5,antibiotique,10,3
C_000434,img20250709_16331952_trace_sepsis_V1.6-V6.5-SELECTIVE_PRECISION.json,WEAK,P6_E001,TRAITEMENT,Tienam | antibiotique,6,antibiotique_inadequat_pour,TRAITEMENT,MICRO_ORGANISME,0.5,antibiotique,7,5
C_000435,img20250709_16331952_trace_sepsis_V1.6-V6.5-SELECTIVE_PRECISION.json,WEAK,P6_E002,TRAITEMENT,Vancomycine | antibiotique,6,antibiotique_inadequat_pour,TRAITEMENT,MICRO_ORGANISME,0.5,antibiotique,7,5
C_000436,img20250709_16331952_trace_sepsis_V1.6-V6.5-SELECTIVE_PRECISION.json,WEAK,P6_E003,TRAITEMENT,Flagyl | antibiotique,6,antibiotique_inadequat_pour,TRAITEMENT,MICRO_ORGANISME,0.5,antibiotique,7,5
C_000437,img20250709_16331952_trace_sepsis_V1.6-V6.5-SELECTIVE_PRECISION.json,WEAK,P6_E017,TRAITEMENT,Switch Tienam pour Tazocilline | Tazocilline | antibiotique,6,antibiotique_inadequat_pour,TRAITEMENT,MICRO_ORGANISME,0.5,antibiotique,7,5
C_000438,img20250709_16331952_trace_sepsis_V1.6-V6.5-SELECTIVE_PRECISION.json,WEAK,P6_E018,POSOLOGIE,pour une durée de 3 semaines en tout | 3 semaines | 3 | duree_traitement,6,traitement_administre_a,TRAITEMENT,DONNEE_PATIENT,0.5,traitement,8,1
C_000439,img20250709_16331952_trace_sepsis_V1.6-V6.5-SELECTIVE_PRECISION.json,WEAK,P7_E001,TRAITEMENT,Colimycine | antibiotique,7,antibiotique_inadequat_pour,TRAITEMENT,MICRO_ORGANISME,0.5,antibiotique,10,2
C_000440,img20250709_16331952_trace_sepsis_V1.6-V6.5-SELECTIVE_PRECISION.json,WEAK,P7_E002,TRAITEMENT,amiklin | antibiotique,7,antibiotique_inadequat_pour,TRAITEMENT,MICRO_ORGANISME,0.5,antibiotique,10,2
C_000441,img20250709_16331952_trace_sepsis_V1.6-V6.5-SELECTIVE_PRECISION.json,WEAK,P7_E003,POSOLOGIE,3 jours | 3 | duree_traitement,7,traitement_administre_a,TRAITEMENT,DONNEE_PATIENT,0.5,traitement,10,3
C_000442,img20250709_16331952_trace_sepsis_V1.6-V6.5-SELECTIVE_PRECISION.json,WEAK,P7_E019,POSOLOGIE,pendant 10 jours | 10 jours | 10 | duree_traitement,7,traitement_administre_a,TRAITEMENT,DONNEE_PATIENT,0.5,traitement,10,3
C_000443,img20250709_16331952_trace_sepsis_V1.6-V6.5-SELECTIVE_PRECISION.json,WEAK,P7_E026,TRAITEMENT,colimicine IV | colimicine | antibiotique,7,antibiotique_inadequat_pour,TRAITEMENT,MICRO_ORGANISME,0.5,antibiotique,10,2
C_000444,img20250709_16331952_trace_sepsis_V1.6-V6.5-SELECTIVE_PRECISION.json,WEAK,P7_E049,POSOLOGIE,"4,7 mg | posologie",7,traitement_a_pour_posologie,TRAITEMENT,POSOLOGIE,0.5,posologie,10,5
C_000445,img20250709_16331952_trace_sepsis_V1.6-V6.5-SELECTIVE_PRECISION.json,WEAK,P7_E050,POSOLOGIE,4 mg | posologie,7,traitement_a_pour_posologie,TRAITEMENT,POSOLOGIE,0.5,posologie,10,5
C_000446,img20250709_16331952_trace_sepsis_V1.6-V6.5-SELECTIVE_PRECISION.json,WEAK,P8_E001,TRAITEMENT,Colimycine | antibiotique,8,antibiotique_inadequat_pour,TRAITEMENT,MICRO_ORGANISME,0.5,antibiotique,8,3
C_000447,img20250709_16331952_trace_sepsis_V1.6-V6.5-SELECTIVE_PRECISION.json,WEAK,P8_E005,TRAITEMENT,Erythromycine | antibiotique,8,antibiotique_inadequat_pour,TRAITEMENT,MICRO_ORGANISME,0.5,antibiotique,8,3
C_000448,img20250709_16340712_trace_sepsis_V1.6-V6.5-SELECTIVE_PRECISION.json,WEAK,P1_E018,POSOLOGIE,depuis 5 semaines | 5 semaines | duree_traitement,1,traitement_administre_a,TRAITEMENT,DONNEE_PATIENT,0.5,traitement,6,3
C_000449,img20250709_16340712_trace_sepsis_V1.6-V6.5-SELECTIVE_PRECISION.json,WEAK,P1_E028,POSOLOGIE,30 UI | posologie,1,traitement_a_pour_posologie,TRAITEMENT,POSOLOGIE,0.5,posologie,6,7
C_000450,img20250709_16340712_trace_sepsis_V1.6-V6.5-SELECTIVE_PRECISION.json,WEAK,P1_E029,POSOLOGIE,12 UI | posologie,1,traitement_a_pour_posologie,TRAITEMENT,POSOLOGIE,0.5,posologie,6,7
C_000451,img20250709_16340712_trace_sepsis_V1.6-V6.5-SELECTIVE_PRECISION.json,WEAK,P1_E030,POSOLOGIE,50 mg | posologie,1,traitement_a_pour_posologie,TRAITEMENT,POSOLOGIE,0.5,posologie,6,7
C_000452,img20250709_16340712_trace_sepsis_V1.6-V6.5-SELECTIVE_PRECISION.json,WEAK,P1_E031,POSOLOGIE,4 jours | posologie,1,traitement_a_pour_posologie,TRAITEMENT,POSOLOGIE,0.5,posologie,6,7
C_000453,img20250709_16340712_trace_sepsis_V1.6-V6.5-SELECTIVE_PRECISION.json,WEAK,P1_E032,POSOLOGIE,2 jours | posologie,1,traitement_a_pour_posologie,TRAITEMENT,POSOLOGIE,0.5,posologie,6,7
C_000454,img20250709_16340712_trace_sepsis_V1.6-V6.5-SELECTIVE_PRECISION.json,WEAK,P2_E021,TRAITEMENT,Antibiothérapie par Rocéphine | Antibiothérapie | antibiotique,2,antibiotique_inadequat_pour,TRAITEMENT,MICRO_ORGANISME,0.5,antibiotique,3,7
C_000455,img20250709_16340712_trace_sepsis_V1.6-V6.5-SELECTIVE_PRECISION.json,WEAK,P2_E022,TRAITEMENT,Rovamycine | antibiotique,2,antibiotique_inadequat_pour,TRAITEMENT,MICRO_ORGANISME,0.5,antibiotique,3,7
C_000456,img20250709_16340712_trace_sepsis_V1.6-V6.5-SELECTIVE_PRECISION.json,WEAK,P2_E055,POSOLOGIE,"10,8g | posologie",2,traitement_a_pour_posologie,TRAITEMENT,POSOLOGIE,0.5,posologie,4,4
C_000457,img20250709_16340712_trace_sepsis_V1.6-V6.5-SELECTIVE_PRECISION.json,WEAK,P2_E056,POSOLOGIE,12 L | posologie,2,traitement_a_pour_posologie,TRAITEMENT,POSOLOGIE,0.5,posologie,4,4
C_000458,img20250709_16340712_trace_sepsis_V1.6-V6.5-SELECTIVE_PRECISION.json,WEAK,P2_E057,POSOLOGIE,12L | posologie,2,traitement_a_pour_posologie,TRAITEMENT,POSOLOGIE,0.5,posologie,4,4
C_000459,img20250709_16340712_trace_sepsis_V1.6-V6.5-SELECTIVE_PRECISION.json,WEAK,P3_E035,POSOLOGIE,81 g | posologie,3,traitement_a_pour_posologie,TRAITEMENT,POSOLOGIE,0.5,posologie,1,10
C_000460,img20250709_16340712_trace_sepsis_V1.6-V6.5-SELECTIVE_PRECISION.json,WEAK,P4_E020,TRAITEMENT,Antibiothérapie probabiliste par Rocéphine | Antibiothérapie | antibiotique,4,antibiotique_inadequat_pour,TRAITEMENT,MICRO_ORGANISME,0.5,antibiotique,10,1
C_000461,img20250709_16340712_trace_sepsis_V1.6-V6.5-SELECTIVE_PRECISION.json,WEAK,P4_E021,TRAITEMENT,Flagyl | antibiotique,4,antibiotique_inadequat_pour,TRAITEMENT,MICRO_ORGANISME,0.5,antibiotique,10,1
C_000462,img20250709_16340712_trace_sepsis_V1.6-V6.5-SELECTIVE_PRECISION.json,WEAK,P5_E006,TRAITEMENT,Tienam | antibiotique,5,antibiotique_inadequat_pour,TRAITEMENT,MICRO_ORGANISME,0.5,antibiotique,10,4
C_000463,img20250709_16340712_trace_sepsis_V1.6-V6.5-SELECTIVE_PRECISION.json,WEAK,P5_E007,POSOLOGIE,Tienam pendant une semaine | une semaine | 1 | duree_traitement,5,traitement_administre_a,TRAITEMENT,DONNEE_PATIENT,0.5,traitement,10,1
C_000464,img20250709_16340712_trace_sepsis_V1.6-V6.5-SELECTIVE_PRECISION.json,WEAK,P5_E008,TRAITEMENT,Amoxicilline | antibiotique,5,antibiotique_inadequat_pour,TRAITEMENT,MICRO_ORGANISME,0.5,antibiotique,10,4
C_000465,img20250709_16340712_trace_sepsis_V1.6-V6.5-SELECTIVE_PRECISION.json,WEAK,P5_E009,TRAITEMENT,Rovamycine | antibiotique,5,antibiotique_inadequat_pour,TRAITEMENT,MICRO_ORGANISME,0.5,antibiotique,10,4
C_000466,img20250709_16340712_trace_sepsis_V1.6-V6.5-SELECTIVE_PRECISION.json,WEAK,P5_E011,POSOLOGIE,Amoxicilline pendant 15 jours | 15 jours | 15 | duree_traitement,5,traitement_administre_a,TRAITEMENT,DONNEE_PATIENT,0.5,traitement,10,1
C_000467,img20250709_16340712_trace_sepsis_V1.6-V6.5-SELECTIVE_PRECISION.json,WEAK,P5_E057,POSOLOGIE,20 UI | posologie,5,traitement_a_pour_posologie,TRAITEMENT,POSOLOGIE,0.5,posologie,10,2
C_000468,img20250709_16340712_trace_sepsis_V1.6-V6.5-SELECTIVE_PRECISION.json,WEAK,P6_E011,TRAITEMENT,Xatral | antibiotique,6,antibiotique_inadequat_pour,TRAITEMENT,MICRO_ORGANISME,0.5,antibiotique,10,2
C_000469,img20250709_16340712_trace_sepsis_V1.6-V6.5-SELECTIVE_PRECISION.json,WEAK,P6_E041,POSOLOGIE,10 jours | posologie,6,traitement_a_pour_posologie,TRAITEMENT,POSOLOGIE,0.5,posologie,10,8
C_000470,img20250709_16340712_trace_sepsis_V1.6-V6.5-SELECTIVE_PRECISION.json,WEAK,P6_E043,POSOLOGIE,30 UI | posologie,6,traitement_a_pour_posologie,TRAITEMENT,POSOLOGIE,0.5,posologie,10,8
C_000471,img20250709_16340712_trace_sepsis_V1.6-V6.5-SELECTIVE_PRECISION.json,WEAK,P6_E045,POSOLOGIE,1-1-1 | posologie,6,traitement_a_pour_posologie,TRAITEMENT,POSOLOGIE,0.5,posologie,10,8
C_000472,img20250709_16344492_trace_sepsis_V1.6-V6.5-SELECTIVE_PRECISION.json,WEAK,P1_E020,POSOLOGIE,161 jours | posologie,1,traitement_a_pour_posologie,TRAITEMENT,POSOLOGIE,0.5,posologie,6,2
C_000473,img20250709_16344492_trace_sepsis_V1.6-V6.5-SELECTIVE_PRECISION.json,WEAK,P2_E025,POSOLOGIE,FiO2 : 21 % | posologie,2,traitement_a_pour_posologie,TRAITEMENT,POSOLOGIE,0.5,posologie,4,1
C_000474,img20250709_16351550_trace_sepsis_V1.6-V6.5-SELECTIVE_PRECISION.json,WEAK,P1_E009,TRAITEMENT,Triatec | traitement_habituel,1,traitement_administre_a,TRAITEMENT,DONNEE_PATIENT,0.5,traitement,4,2
C_000475,img20250709_16351550_trace_sepsis_V1.6-V6.5-SELECTIVE_PRECISION.json,WEAK,P1_E011,TRAITEMENT,Omexel | traitement_habituel,1,traitement_administre_a,TRAITEMENT,DONNEE_PATIENT,0.5,traitement,4,2
C_000476,img20250709_16351550_trace_sepsis_V1.6-V6.5-SELECTIVE_PRECISION.json,WEAK,P2_E034,POSOLOGIE,90 mg | posologie,2,traitement_a_pour_posologie,TRAITEMENT,POSOLOGIE,0.5,posologie,8,10
C_000477,img20250709_16351550_trace_sepsis_V1.6-V6.5-SELECTIVE_PRECISION.json,WEAK,P2_E035,POSOLOGIE,2.2 mg | posologie,2,traitement_a_pour_posologie,TRAITEMENT,POSOLOGIE,0.5,posologie,8,10
C_000478,img20250709_16351550_trace_sepsis_V1.6-V6.5-SELECTIVE_PRECISION.json,WEAK,P2_E038,POSOLOGIE,1500 mg | posologie,2,traitement_a_pour_posologie,TRAITEMENT,POSOLOGIE,0.5,posologie,8,10
C_000479,img20250709_16351550_trace_sepsis_V1.6-V6.5-SELECTIVE_PRECISION.json,WEAK,P2_E043,POSOLOGIE,2 mg | posologie,2,traitement_a_pour_posologie,TRAITEMENT,POSOLOGIE,0.5,posologie,8,10
C_000480,img20250709_16351550_trace_sepsis_V1.6-V6.5-SELECTIVE_PRECISION.json,WEAK,P2_E044,POSOLOGIE,FiO2 : 60 % | posologie,2,traitement_a_pour_posologie,TRAITEMENT,POSOLOGIE,0.5,posologie,8,10
C_000481,img20250709_16351550_trace_sepsis_V1.6-V6.5-SELECTIVE_PRECISION.json,WEAK,P3_E039,POSOLOGIE,3.55 g | posologie,3,traitement_a_pour_posologie,TRAITEMENT,POSOLOGIE,0.5,posologie,1,1
C_000482,img20250709_16351550_trace_sepsis_V1.6-V6.5-SELECTIVE_PRECISION.json,WEAK,P3_E040,POSOLOGIE,74 g | posologie,3,traitement_a_pour_posologie,TRAITEMENT,POSOLOGIE,0.5,posologie,1,1
C_000483,img20250709_16351550_trace_sepsis_V1.6-V6.5-SELECTIVE_PRECISION.json,WEAK,P4_E017,TRAITEMENT,Traitement par Jeppa et Urbanyl | Jeppa | autre,4,traitement_administre_a,TRAITEMENT,DONNEE_PATIENT,0.5,traitement,7,3
C_000484,img20250709_16351550_trace_sepsis_V1.6-V6.5-SELECTIVE_PRECISION.json,WEAK,P4_E044,POSOLOGIE,5 jours | posologie,4,traitement_a_pour_posologie,TRAITEMENT,POSOLOGIE,0.5,posologie,8,1
C_000485,img20250709_16351550_trace_sepsis_V1.6-V6.5-SELECTIVE_PRECISION.json,WEAK,P5_E020,POSOLOGIE,1/j | posologie,5,traitement_a_pour_posologie,TRAITEMENT,POSOLOGIE,0.5,posologie,7,4
C_000486,img20250709_16360688_trace_sepsis_V1.6-V6.5-SELECTIVE_PRECISION.json,WEAK,P2_E011,TRAITEMENT,augmentin | antibiotique,2,antibiotique_inadequat_pour,TRAITEMENT,MICRO_ORGANISME,0.5,antibiotique,10,2
C_000487,img20250709_16360688_trace_sepsis_V1.6-V6.5-SELECTIVE_PRECISION.json,WEAK,P2_E024,TRAITEMENT,switch ATB par Imipénem | Imipénem | antibiotique,2,antibiotique_inadequat_pour,TRAITEMENT,MICRO_ORGANISME,0.5,antibiotique,10,2
C_000488,img20250709_16360688_trace_sepsis_V1.6-V6.5-SELECTIVE_PRECISION.json,WEAK,P2_E025,TRAITEMENT,Zyvoxid | antibiotique,2,antibiotique_inadequat_pour,TRAITEMENT,MICRO_ORGANISME,0.5,antibiotique,10,2
C_000489,img20250709_16360688_trace_sepsis_V1.6-V6.5-SELECTIVE_PRECISION.json,WEAK,P2_E057,TRAITEMENT,ttt médical maximal par ATB | ATB | antibiotique,2,antibiotique_inadequat_pour,TRAITEMENT,MICRO_ORGANISME,0.5,antibiotique,10,2
C_000490,img20250709_16360688_trace_sepsis_V1.6-V6.5-SELECTIVE_PRECISION.json,WEAK,P2_E067,POSOLOGIE,4 mg | posologie,2,traitement_a_pour_posologie,TRAITEMENT,POSOLOGIE,0.5,posologie,10,4
C_000491,img20250709_16360688_trace_sepsis_V1.6-V6.5-SELECTIVE_PRECISION.json,WEAK,P3_E011,TRAITEMENT,TIÉNAM | antibiotique,3,antibiotique_inadequat_pour,TRAITEMENT,MICRO_ORGANISME,0.5,antibiotique,10,2
C_000492,img20250709_16360688_trace_sepsis_V1.6-V6.5-SELECTIVE_PRECISION.json,WEAK,P3_E012,TRAITEMENT,ZYOXID | antibiotique,3,antibiotique_inadequat_pour,TRAITEMENT,MICRO_ORGANISME,0.5,antibiotique,10,2
C_000493,img20250709_16360688_trace_sepsis_V1.6-V6.5-SELECTIVE_PRECISION.json,WEAK,P3_E013,TRAITEMENT,tiBéral | antibiotique,3,antibiotique_inadequat_pour,TRAITEMENT,MICRO_ORGANISME,0.5,antibiotique,10,2
C_000494,img20250709_16360688_trace_sepsis_V1.6-V6.5-SELECTIVE_PRECISION.json,WEAK,P4_E034,POSOLOGIE,40 g | posologie,4,traitement_a_pour_posologie,TRAITEMENT,POSOLOGIE,0.5,posologie,2,10
C_000495,img20250709_16360688_trace_sepsis_V1.6-V6.5-SELECTIVE_PRECISION.json,WEAK,P5_E013,TRAITEMENT,Antibiothérapie à large spectre | Antibiothérapie | antibiotique,5,antibiotique_inadequat_pour,TRAITEMENT,MICRO_ORGANISME,0.5,antibiotique,10,2
C_000496,img20250709_16360688_trace_sepsis_V1.6-V6.5-SELECTIVE_PRECISION.json,WEAK,P5_E016,TRAITEMENT,Tienam | antibiotique,5,antibiotique_inadequat_pour,TRAITEMENT,MICRO_ORGANISME,0.5,antibiotique,10,2
C_000497,img20250709_16360688_trace_sepsis_V1.6-V6.5-SELECTIVE_PRECISION.json,WEAK,P5_E017,TRAITEMENT,Flagyl | antibiotique,5,antibiotique_inadequat_pour,TRAITEMENT,MICRO_ORGANISME,0.5,antibiotique,10,2
C_000498,img20250709_16360688_trace_sepsis_V1.6-V6.5-SELECTIVE_PRECISION.json,WEAK,P5_E018,TRAITEMENT,Zyvoxid | antibiotique,5,antibiotique_inadequat_pour,TRAITEMENT,MICRO_ORGANISME,0.5,antibiotique,10,2
C_000499,img20250709_16360688_trace_sepsis_V1.6-V6.5-SELECTIVE_PRECISION.json,WEAK,P5_E050,POSOLOGIE,6 mg | posologie,5,traitement_a_pour_posologie,TRAITEMENT,POSOLOGIE,0.5,posologie,10,1
C_000500,img20250709_16360688_trace_sepsis_V1.6-V6.5-SELECTIVE_PRECISION.json,WEAK,P6_E006,TRAITEMENT,Vanco | antibiotique,6,antibiotique_inadequat_pour,TRAITEMENT,MICRO_ORGANISME,0.5,antibiotique,4,2
C_000501,img20250709_16360688_trace_sepsis_V1.6-V6.5-SELECTIVE_PRECISION.json,WEAK,P6_E007,TRAITEMENT,Tiènam | antibiotique,6,antibiotique_inadequat_pour,TRAITEMENT,MICRO_ORGANISME,0.5,antibiotique,4,2
C_000502,img20250709_16360688_trace_sepsis_V1.6-V6.5-SELECTIVE_PRECISION.json,WEAK,P6_E008,TRAITEMENT,flagyl | antibiotique,6,antibiotique_inadequat_pour,TRAITEMENT,MICRO_ORGANISME,0.5,antibiotique,4,2
C_000503,img20250709_16374548_trace_sepsis_V1.6-V6.5-SELECTIVE_PRECISION.json,WEAK,P1_E011,TRAITEMENT,Buspirone 10 : 0-0-1 | Buspirone | traitement_habituel,1,traitement_administre_a,TRAITEMENT,DONNEE_PATIENT,0.5,traitement,5,3
C_000504,img20250709_16374548_trace_sepsis_V1.6-V6.5-SELECTIVE_PRECISION.json,WEAK,P1_E012,TRAITEMENT,Perindopril 4 : 1/2-0-0 | Perindopril | traitement_habituel,1,traitement_administre_a,TRAITEMENT,DONNEE_PATIENT,0.5,traitement,5,3
C_000505,img20250709_16374548_trace_sepsis_V1.6-V6.5-SELECTIVE_PRECISION.json,WEAK,P1_E013,TRAITEMENT,"Forlax, transipeg, selon transit | Forlax | traitement_habituel",1,traitement_administre_a,TRAITEMENT,DONNEE_PATIENT,0.5,traitement,5,3
C_000506,img20250709_16374548_trace_sepsis_V1.6-V6.5-SELECTIVE_PRECISION.json,WEAK,P1_E020,POSOLOGIE,0-0-1 | posologie,1,traitement_a_pour_posologie,TRAITEMENT,POSOLOGIE,0.5,posologie,6,1
C_000507,img20250709_16374548_trace_sepsis_V1.6-V6.5-SELECTIVE_PRECISION.json,WEAK,P1_E021,POSOLOGIE,2-0-0 | posologie,1,traitement_a_pour_posologie,TRAITEMENT,POSOLOGIE,0.5,posologie,6,1
C_000508,img20250709_16374548_trace_sepsis_V1.6-V6.5-SELECTIVE_PRECISION.json,WEAK,P2_E006,TRAITEMENT,Tazocilline | antibiotique,2,antibiotique_inadequat_pour,TRAITEMENT,MICRO_ORGANISME,0.5,antibiotique,10,1
C_000509,img20250709_16374548_trace_sepsis_V1.6-V6.5-SELECTIVE_PRECISION.json,WEAK,P2_E007,TRAITEMENT,Ciflox | antibiotique,2,antibiotique_inadequat_pour,TRAITEMENT,MICRO_ORGANISME,0.5,antibiotique,10,1
C_000510,img20250709_16374548_trace_sepsis_V1.6-V6.5-SELECTIVE_PRECISION.json,WEAK,P2_E008,POSOLOGIE,Tazocilline et Ciflox pendant 15 jours | 15 jours | 15 | duree_traitement,2,traitement_administre_a,TRAITEMENT,DONNEE_PATIENT,0.5,traitement,10,1
C_000511,img20250709_16374548_trace_sepsis_V1.6-V6.5-SELECTIVE_PRECISION.json,WEAK,P2_E022,TRAITEMENT,Buspirone 10 : 0-0-1 | Buspirone | traitement_habituel,2,traitement_administre_a,TRAITEMENT,DONNEE_PATIENT,0.5,traitement,10,1
C_000512,img20250709_16374548_trace_sepsis_V1.6-V6.5-SELECTIVE_PRECISION.json,WEAK,P2_E024,TRAITEMENT,Perindopril 4 : 1/2-0-0 | Perindopril | traitement_habituel,2,traitement_administre_a,TRAITEMENT,DONNEE_PATIENT,0.5,traitement,10,1
C_000513,img20250709_16374548_trace_sepsis_V1.6-V6.5-SELECTIVE_PRECISION.json,WEAK,P2_E026,TRAITEMENT,Fluoxetine 20 : 1-0-0 | Fluoxetine | traitement_habituel,2,traitement_administre_a,TRAITEMENT,DONNEE_PATIENT,0.5,traitement,10,1
C_000514,img20250709_16374548_trace_sepsis_V1.6-V6.5-SELECTIVE_PRECISION.json,WEAK,P2_E028,TRAITEMENT,Forlax | traitement_habituel,2,traitement_administre_a,TRAITEMENT,DONNEE_PATIENT,0.5,traitement,10,1
C_000515,img20250709_16374548_trace_sepsis_V1.6-V6.5-SELECTIVE_PRECISION.json,WEAK,P2_E029,TRAITEMENT,transipeg | traitement_habituel,2,traitement_administre_a,TRAITEMENT,DONNEE_PATIENT,0.5,traitement,10,1
C_000516,img20250709_16374548_trace_sepsis_V1.6-V6.5-SELECTIVE_PRECISION.json,WEAK,P2_E040,POSOLOGIE,Durée de ventilation (H) prescrite : 12 h au lit | 12 h | 12 | duree_traitement,2,traitement_administre_a,TRAITEMENT,DONNEE_PATIENT,0.5,traitement,10,1
C_000517,img20250709_16374548_trace_sepsis_V1.6-V6.5-SELECTIVE_PRECISION.json,WEAK,P2_E055,POSOLOGIE,2-0-0 | posologie,2,traitement_a_pour_posologie,TRAITEMENT,POSOLOGIE,0.5,posologie,10,10
C_000518,img20250709_16374548_trace_sepsis_V1.6-V6.5-SELECTIVE_PRECISION.json,WEAK,P4_E043,POSOLOGIE,70 g | posologie,4,traitement_a_pour_posologie,TRAITEMENT,POSOLOGIE,0.5,posologie,1,10
C_000519,img20250709_16374548_trace_sepsis_V1.6-V6.5-SELECTIVE_PRECISION.json,WEAK,P6_E005,TRAITEMENT,Décision d'introduction de Clamoxyl | Clamoxyl | antibiotique,6,antibiotique_inadequat_pour,TRAITEMENT,MICRO_ORGANISME,0.5,antibiotique,4,1
C_000520,img20250709_16374548_trace_sepsis_V1.6-V6.5-SELECTIVE_PRECISION.json,WEAK,P6_E006,TRAITEMENT,Amoxicilline | antibiotique,6,antibiotique_inadequat_pour,TRAITEMENT,MICRO_ORGANISME,0.5,antibiotique,4,1
C_000521,img20250709_16374548_trace_sepsis_V1.6-V6.5-SELECTIVE_PRECISION.json,WEAK,P6_E007,POSOLOGIE,J3 d'antibiotiques par Amoxicilline (Clamoxyl) pour pneumopathie base droite | J3 d'antibiotiques | duree_traitement,6,traitement_administre_a,TRAITEMENT,DONNEE_PATIENT,0.5,traitement,5,1
C_000522,img20250709_16374548_trace_sepsis_V1.6-V6.5-SELECTIVE_PRECISION.json,WEAK,P6_E015,POSOLOGIE,Le 30/01 J9 d'hospitalisation | J9 d'hospitalisation | duree_traitement,6,traitement_administre_a,TRAITEMENT,DONNEE_PATIENT,0.5,traitement,5,1
C_000523,img20250709_16374548_trace_sepsis_V1.6-V6.5-SELECTIVE_PRECISION.json,WEAK,P8_E001,TRAITEMENT,Coversyl | traitement_habituel,8,traitement_administre_a,TRAITEMENT,DONNEE_PATIENT,0.5,traitement,8,9
C_000524,img20250709_16374548_trace_sepsis_V1.6-V6.5-SELECTIVE_PRECISION.json,WEAK,P8_E003,TRAITEMENT,Buspirone | traitement_habituel,8,traitement_administre_a,TRAITEMENT,DONNEE_PATIENT,0.5,traitement,8,9
C_000525,img20250709_16374548_trace_sepsis_V1.6-V6.5-SELECTIVE_PRECISION.json,WEAK,P8_E005,TRAITEMENT,Movicol | traitement_habituel,8,traitement_administre_a,TRAITEMENT,DONNEE_PATIENT,0.5,traitement,8,9
C_000526,img20250709_16374548_trace_sepsis_V1.6-V6.5-SELECTIVE_PRECISION.json,WEAK,P8_E021,POSOLOGIE,Durée de ventilation (H) prescrite : 12 h au lit | 12 h au lit | 12 | duree_traitement,8,traitement_administre_a,TRAITEMENT,DONNEE_PATIENT,0.5,traitement,9,9
C_000527,img20250709_16381567_trace_sepsis_V1.6-V6.5-SELECTIVE_PRECISION.json,WEAK,P1_E033,POSOLOGIE,10 mg | posologie,1,traitement_a_pour_posologie,TRAITEMENT,POSOLOGIE,0.5,posologie,8,6
C_000528,img20250709_16381567_trace_sepsis_V1.6-V6.5-SELECTIVE_PRECISION.json,WEAK,P1_E034,POSOLOGIE,150 mg | posologie,1,traitement_a_pour_posologie,TRAITEMENT,POSOLOGIE,0.5,posologie,8,6
C_000529,img20250709_16381567_trace_sepsis_V1.6-V6.5-SELECTIVE_PRECISION.json,WEAK,P1_E035,POSOLOGIE,5mg | posologie,1,traitement_a_pour_posologie,TRAITEMENT,POSOLOGIE,0.5,posologie,8,6
C_000530,img20250709_16381567_trace_sepsis_V1.6-V6.5-SELECTIVE_PRECISION.json,WEAK,P1_E036,POSOLOGIE,80mg | posologie,1,traitement_a_pour_posologie,TRAITEMENT,POSOLOGIE,0.5,posologie,8,6
C_000531,img20250709_16381567_trace_sepsis_V1.6-V6.5-SELECTIVE_PRECISION.json,WEAK,P1_E037,POSOLOGIE,20mg | posologie,1,traitement_a_pour_posologie,TRAITEMENT,POSOLOGIE,0.5,posologie,8,6
C_000532,img20250709_16381567_trace_sepsis_V1.6-V6.5-SELECTIVE_PRECISION.json,WEAK,P1_E038,POSOLOGIE,40 mg | posologie,1,traitement_a_pour_posologie,TRAITEMENT,POSOLOGIE,0.5,posologie,8,6
C_000533,img20250709_16381567_trace_sepsis_V1.6-V6.5-SELECTIVE_PRECISION.json,WEAK,P1_E039,POSOLOGIE,800 mg | posologie,1,traitement_a_pour_posologie,TRAITEMENT,POSOLOGIE,0.5,posologie,8,6
C_000534,img20250709_16381567_trace_sepsis_V1.6-V6.5-SELECTIVE_PRECISION.json,WEAK,P2_E001,TRAITEMENT,Androtardyl | traitement_habituel,2,traitement_administre_a,TRAITEMENT,DONNEE_PATIENT,0.5,traitement,10,1
C_000535,img20250709_16381567_trace_sepsis_V1.6-V6.5-SELECTIVE_PRECISION.json,WEAK,P2_E004,TRAITEMENT,Cortancyl | traitement_habituel,2,traitement_administre_a,TRAITEMENT,DONNEE_PATIENT,0.5,traitement,10,1
C_000536,img20250709_16381567_trace_sepsis_V1.6-V6.5-SELECTIVE_PRECISION.json,WEAK,P2_E050,POSOLOGIE,3 jours | posologie,2,traitement_a_pour_posologie,TRAITEMENT,POSOLOGIE,0.5,posologie,10,3
C_000537,img20250709_16381567_trace_sepsis_V1.6-V6.5-SELECTIVE_PRECISION.json,WEAK,P3_E040,POSOLOGIE,68 g | posologie,3,traitement_a_pour_posologie,TRAITEMENT,POSOLOGIE,0.5,posologie,1,10
C_000538,img20250709_16381567_trace_sepsis_V1.6-V6.5-SELECTIVE_PRECISION.json,WEAK,P4_E005,TRAITEMENT,Tienam | antibiotique,4,antibiotique_inadequat_pour,TRAITEMENT,MICRO_ORGANISME,0.5,antibiotique,10,3
C_000539,img20250709_16381567_trace_sepsis_V1.6-V6.5-SELECTIVE_PRECISION.json,WEAK,P4_E006,TRAITEMENT,Amiklin | antibiotique,4,antibiotique_inadequat_pour,TRAITEMENT,MICRO_ORGANISME,0.5,antibiotique,10,3
C_000540,img20250709_16381567_trace_sepsis_V1.6-V6.5-SELECTIVE_PRECISION.json,WEAK,P4_E012,TRAITEMENT,Augmentin | antibiotique,4,antibiotique_inadequat_pour,TRAITEMENT,MICRO_ORGANISME,0.5,antibiotique,10,3
C_000541,img20250709_16381567_trace_sepsis_V1.6-V6.5-SELECTIVE_PRECISION.json,WEAK,P4_E013,TRAITEMENT,Rovamycine | antibiotique,4,antibiotique_inadequat_pour,TRAITEMENT,MICRO_ORGANISME,0.5,antibiotique,10,3
C_000542,img20250709_16381567_trace_sepsis_V1.6-V6.5-SELECTIVE_PRECISION.json,WEAK,P4_E018,POSOLOGIE,Noradrénaline à 1 mg/h pendant 2 jours | 2 jours | 2 | duree_traitement,4,traitement_administre_a,TRAITEMENT,DONNEE_PATIENT,0.5,traitement,10,1
C_000543,img20250709_16381567_trace_sepsis_V1.6-V6.5-SELECTIVE_PRECISION.json,WEAK,P4_E036,POSOLOGIE,sevrage progressif à 2 mg/h | 2 mg | duree_traitement,4,traitement_administre_a,TRAITEMENT,DONNEE_PATIENT,0.5,traitement,10,1
C_000544,img20250709_16381567_trace_sepsis_V1.6-V6.5-SELECTIVE_PRECISION.json,WEAK,P5_E017,POSOLOGIE,Skénan 60 LP x2/j | 60 LP x2/j | duree_traitement,5,traitement_administre_a,TRAITEMENT,DONNEE_PATIENT,0.5,traitement,10,2
C_000545,img20250709_16381567_trace_sepsis_V1.6-V6.5-SELECTIVE_PRECISION.json,WEAK,P5_E026,POSOLOGIE,objectif est d'arriver à une dose de 300 mg/jour | 300 mg | duree_traitement,5,traitement_administre_a,TRAITEMENT,DONNEE_PATIENT,0.5,traitement,10,2
C_000546,img20250709_16381567_trace_sepsis_V1.6-V6.5-SELECTIVE_PRECISION.json,WEAK,P5_E049,POSOLOGIE,800 mg | posologie,5,traitement_a_pour_posologie,TRAITEMENT,POSOLOGIE,0.5,posologie,10,5
C_000547,img20250709_16393818_trace_sepsis_V1.6-V6.5-SELECTIVE_PRECISION.json,WEAK,P1_E008,TRAITEMENT,HYPERIUM | traitement_habituel,1,traitement_administre_a,TRAITEMENT,DONNEE_PATIENT,0.5,traitement,10,2
C_000548,img20250709_16393818_trace_sepsis_V1.6-V6.5-SELECTIVE_PRECISION.json,WEAK,P1_E009,TRAITEMENT,SERETIDE | traitement_habituel,1,traitement_administre_a,TRAITEMENT,DONNEE_PATIENT,0.5,traitement,10,2
C_000549,img20250709_16393818_trace_sepsis_V1.6-V6.5-SELECTIVE_PRECISION.json,WEAK,P1_E010,TRAITEMENT,SURBRONC | traitement_habituel,1,traitement_administre_a,TRAITEMENT,DONNEE_PATIENT,0.5,traitement,10,2
C_000550,img20250709_16393818_trace_sepsis_V1.6-V6.5-SELECTIVE_PRECISION.json,WEAK,P1_E011,TRAITEMENT,VENTOLINE | traitement_habituel,1,traitement_administre_a,TRAITEMENT,DONNEE_PATIENT,0.5,traitement,10,2
C_000551,img20250709_16393818_trace_sepsis_V1.6-V6.5-SELECTIVE_PRECISION.json,WEAK,P1_E012,TRAITEMENT,OMIS | traitement_habituel,1,traitement_administre_a,TRAITEMENT,DONNEE_PATIENT,0.5,traitement,10,2
C_000552,img20250709_16393818_trace_sepsis_V1.6-V6.5-SELECTIVE_PRECISION.json,WEAK,P1_E013,TRAITEMENT,KOREC | traitement_habituel,1,traitement_administre_a,TRAITEMENT,DONNEE_PATIENT,0.5,traitement,10,2
C_000553,img20250709_16393818_trace_sepsis_V1.6-V6.5-SELECTIVE_PRECISION.json,WEAK,P1_E014,TRAITEMENT,IIPANTHYL | traitement_habituel,1,traitement_administre_a,TRAITEMENT,DONNEE_PATIENT,0.5,traitement,10,2
C_000554,img20250709_16393818_trace_sepsis_V1.6-V6.5-SELECTIVE_PRECISION.json,WEAK,P1_E015,TRAITEMENT,SERESTA | traitement_habituel,1,traitement_administre_a,TRAITEMENT,DONNEE_PATIENT,0.5,traitement,10,2
C_000555,img20250709_16393818_trace_sepsis_V1.6-V6.5-SELECTIVE_PRECISION.json,WEAK,P1_E016,TRAITEMENT,ZYLORIC | traitement_habituel,1,traitement_administre_a,TRAITEMENT,DONNEE_PATIENT,0.5,traitement,10,2
C_000556,img20250709_16393818_trace_sepsis_V1.6-V6.5-SELECTIVE_PRECISION.json,WEAK,P1_E017,TRAITEMENT,RHINOCORT | traitement_habituel,1,traitement_administre_a,TRAITEMENT,DONNEE_PATIENT,0.5,traitement,10,2
C_000557,img20250709_16393818_trace_sepsis_V1.6-V6.5-SELECTIVE_PRECISION.json,WEAK,P1_E018,TRAITEMENT,INIPOMP | traitement_habituel,1,traitement_administre_a,TRAITEMENT,DONNEE_PATIENT,0.5,traitement,10,2
C_000558,img20250709_16393818_trace_sepsis_V1.6-V6.5-SELECTIVE_PRECISION.json,WEAK,P1_E019,TRAITEMENT,IBUPROFène | traitement_habituel,1,traitement_administre_a,TRAITEMENT,DONNEE_PATIENT,0.5,traitement,10,2
C_000559,img20250709_16393818_trace_sepsis_V1.6-V6.5-SELECTIVE_PRECISION.json,WEAK,P1_E020,TRAITEMENT,Xyzall | traitement_habituel,1,traitement_administre_a,TRAITEMENT,DONNEE_PATIENT,0.5,traitement,10,2
C_000560,img20250709_16393818_trace_sepsis_V1.6-V6.5-SELECTIVE_PRECISION.json,WEAK,P2_E016,TRAITEMENT,Antibiothérapie par Augmentin | Antibiothérapie | antibiotique,2,antibiotique_inadequat_pour,TRAITEMENT,MICRO_ORGANISME,0.5,antibiotique,8,1
C_000561,img20250709_16393818_trace_sepsis_V1.6-V6.5-SELECTIVE_PRECISION.json,WEAK,P2_E026,TRAITEMENT,Rovamycine IV | Rovamycine | antibiotique,2,antibiotique_inadequat_pour,TRAITEMENT,MICRO_ORGANISME,0.5,antibiotique,8,1
C_000562,img20250709_16393818_trace_sepsis_V1.6-V6.5-SELECTIVE_PRECISION.json,WEAK,P2_E064,POSOLOGIE,3 jours | posologie,2,traitement_a_pour_posologie,TRAITEMENT,POSOLOGIE,0.5,posologie,9,2
C_000563,img20250709_16393818_trace_sepsis_V1.6-V6.5-SELECTIVE_PRECISION.json,WEAK,P3_E028,POSOLOGIE,69 g | posologie,3,traitement_a_pour_posologie,TRAITEMENT,POSOLOGIE,0.5,posologie,10,1
C_000564,img20250709_16393818_trace_sepsis_V1.6-V6.5-SELECTIVE_PRECISION.json,WEAK,P3_E029,POSOLOGIE,3 jours | posologie,3,traitement_a_pour_posologie,TRAITEMENT,POSOLOGIE,0.5,posologie,10,1
C_000565,img20250709_16393818_trace_sepsis_V1.6-V6.5-SELECTIVE_PRECISION.json,WEAK,P4_E024,TRAITEMENT,augmentin | antibiotique,4,antibiotique_inadequat_pour,TRAITEMENT,MICRO_ORGANISME,0.5,antibiotique,5,2
C_000566,img20250709_16393818_trace_sepsis_V1.6-V6.5-SELECTIVE_PRECISION.json,WEAK,P4_E025,TRAITEMENT,rovamycine | antibiotique,4,antibiotique_inadequat_pour,TRAITEMENT,MICRO_ORGANISME,0.5,antibiotique,5,2
C_000567,img20250709_16393818_trace_sepsis_V1.6-V6.5-SELECTIVE_PRECISION.json,WEAK,P4_E034,POSOLOGIE,36.1 mg | posologie,4,traitement_a_pour_posologie,TRAITEMENT,POSOLOGIE,0.5,posologie,6,10
C_000568,img20250709_16393818_trace_sepsis_V1.6-V6.5-SELECTIVE_PRECISION.json,WEAK,P5_E006,TRAITEMENT,tazocilline | antibiotique,5,antibiotique_inadequat_pour,TRAITEMENT,MICRO_ORGANISME,0.5,antibiotique,10,2
C_000569,img20250709_16393818_trace_sepsis_V1.6-V6.5-SELECTIVE_PRECISION.json,WEAK,P5_E008,TRAITEMENT,rovamycine | antibiotique,5,antibiotique_inadequat_pour,TRAITEMENT,MICRO_ORGANISME,0.5,antibiotique,10,2
C_000570,img20250709_16393818_trace_sepsis_V1.6-V6.5-SELECTIVE_PRECISION.json,WEAK,P5_E016,TRAITEMENT,pansinusite initialement traitée par augmentin | augmentin | antibiotique,5,antibiotique_inadequat_pour,TRAITEMENT,MICRO_ORGANISME,0.5,antibiotique,10,2
C_000571,img20250709_16393818_trace_sepsis_V1.6-V6.5-SELECTIVE_PRECISION.json,WEAK,P5_E021,POSOLOGIE,le patient a été dialysé pendant 4 jours | 4 jours | 4 | duree_traitement,5,traitement_administre_a,TRAITEMENT,DONNEE_PATIENT,0.5,traitement,10,1
C_000572,img20250709_16393818_trace_sepsis_V1.6-V6.5-SELECTIVE_PRECISION.json,WEAK,P5_E029,TRAITEMENT,antibiothérapie par Tiénam | antibiothérapie | antibiotique,5,antibiotique_inadequat_pour,TRAITEMENT,MICRO_ORGANISME,0.5,antibiotique,10,2
C_000573,img20250709_16393818_trace_sepsis_V1.6-V6.5-SELECTIVE_PRECISION.json,WEAK,P5_E030,POSOLOGIE,Tiénam j14 | j14 | 14 | duree_traitement,5,traitement_administre_a,TRAITEMENT,DONNEE_PATIENT,0.5,traitement,10,1
C_000574,img20250709_16393818_trace_sepsis_V1.6-V6.5-SELECTIVE_PRECISION.json,WEAK,P5_E084,POSOLOGIE,2200 ml | posologie,5,traitement_a_pour_posologie,TRAITEMENT,POSOLOGIE,0.5,posologie,10,6
C_000575,img20250709_16393818_trace_sepsis_V1.6-V6.5-SELECTIVE_PRECISION.json,WEAK,P6_E043,POSOLOGIE,0.2 ml | posologie,6,traitement_a_pour_posologie,TRAITEMENT,POSOLOGIE,0.5,posologie,10,7
C_000576,img20250709_16395936_trace_sepsis_V1.6-V6.5-SELECTIVE_PRECISION.json,WEAK,P1_E027,TRAITEMENT,ttt par claventin 3g+ 500 mg d'amiklin | amiklin | antibiotique,1,antibiotique_inadequat_pour,TRAITEMENT,MICRO_ORGANISME,0.5,antibiotique,7,1
C_000577,img20250709_16395936_trace_sepsis_V1.6-V6.5-SELECTIVE_PRECISION.json,WEAK,P2_E008,TRAITEMENT,CLAVENTIN 3g | CLAVENTIN | antibiotique,2,antibiotique_inadequat_pour,TRAITEMENT,MICRO_ORGANISME,0.5,antibiotique,10,1
C_000578,img20250709_16395936_trace_sepsis_V1.6-V6.5-SELECTIVE_PRECISION.json,WEAK,P2_E009,TRAITEMENT,AMIKLIN 500 mg | AMIKLIN | antibiotique,2,antibiotique_inadequat_pour,TRAITEMENT,MICRO_ORGANISME,0.5,antibiotique,10,1
C_000579,img20250709_16395936_trace_sepsis_V1.6-V6.5-SELECTIVE_PRECISION.json,WEAK,P2_E010,POSOLOGIE,jusqu'au 20/02/13 | duree_traitement,2,traitement_administre_a,TRAITEMENT,DONNEE_PATIENT,0.5,traitement,10,2
C_000580,img20250709_16395936_trace_sepsis_V1.6-V6.5-SELECTIVE_PRECISION.json,WEAK,P2_E044,POSOLOGIE,5 mg | posologie,2,traitement_a_pour_posologie,TRAITEMENT,POSOLOGIE,0.5,posologie,10,10
C_000581,img20250709_16395936_trace_sepsis_V1.6-V6.5-SELECTIVE_PRECISION.json,WEAK,P2_E045,POSOLOGIE,30u | posologie,2,traitement_a_pour_posologie,TRAITEMENT,POSOLOGIE,0.5,posologie,10,10
C_000582,img20250709_16395936_trace_sepsis_V1.6-V6.5-SELECTIVE_PRECISION.json,WEAK,P2_E046,POSOLOGIE,10u | posologie,2,traitement_a_pour_posologie,TRAITEMENT,POSOLOGIE,0.5,posologie,10,10
C_000583,img20250709_16395936_trace_sepsis_V1.6-V6.5-SELECTIVE_PRECISION.json,WEAK,P2_E047,POSOLOGIE,500 mg | posologie,2,traitement_a_pour_posologie,TRAITEMENT,POSOLOGIE,0.5,posologie,10,10
C_000584,img20250709_16395936_trace_sepsis_V1.6-V6.5-SELECTIVE_PRECISION.json,WEAK,P2_E048,POSOLOGIE,3g | posologie,2,traitement_a_pour_posologie,TRAITEMENT,POSOLOGIE,0.5,posologie,10,10
C_000585,img20250709_16395936_trace_sepsis_V1.6-V6.5-SELECTIVE_PRECISION.json,WEAK,P2_E050,POSOLOGIE,40mg | posologie,2,traitement_a_pour_posologie,TRAITEMENT,POSOLOGIE,0.5,posologie,10,10
C_000586,img20250709_16395936_trace_sepsis_V1.6-V6.5-SELECTIVE_PRECISION.json,WEAK,P2_E051,POSOLOGIE,300 mg | posologie,2,traitement_a_pour_posologie,TRAITEMENT,POSOLOGIE,0.5,posologie,10,10
C_000587,img20250709_16395936_trace_sepsis_V1.6-V6.5-SELECTIVE_PRECISION.json,WEAK,P3_E043,POSOLOGIE,82 g | posologie,3,traitement_a_pour_posologie,TRAITEMENT,POSOLOGIE,0.5,posologie,10,10
C_000588,img20250709_16395936_trace_sepsis_V1.6-V6.5-SELECTIVE_PRECISION.json,WEAK,P4_E009,TRAITEMENT,Vancomycine | antibiotique,4,antibiotique_inadequat_pour,TRAITEMENT,MICRO_ORGANISME,0.5,antibiotique,6,1
C_000589,img20250709_16395936_trace_sepsis_V1.6-V6.5-SELECTIVE_PRECISION.json,WEAK,P4_E010,TRAITEMENT,Aztreonam | antibiotique,4,antibiotique_inadequat_pour,TRAITEMENT,MICRO_ORGANISME,0.5,antibiotique,6,1
C_000590,img20250709_16395936_trace_sepsis_V1.6-V6.5-SELECTIVE_PRECISION.json,WEAK,P4_E011,POSOLOGIE,Le traitement est poursuivi 15 jours | 15 jours | 15 | duree_traitement,4,traitement_administre_a,TRAITEMENT,DONNEE_PATIENT,0.5,traitement,7,2
C_000591,img20250709_16395936_trace_sepsis_V1.6-V6.5-SELECTIVE_PRECISION.json,WEAK,P4_E038,POSOLOGIE,6 g | posologie,4,traitement_a_pour_posologie,TRAITEMENT,POSOLOGIE,0.5,posologie,7,3
C_000592,img20250709_16395936_trace_sepsis_V1.6-V6.5-SELECTIVE_PRECISION.json,WEAK,P4_E041,POSOLOGIE,5000 UI | posologie,4,traitement_a_pour_posologie,TRAITEMENT,POSOLOGIE,0.5,posologie,7,3
C_000593,img20250709_16395936_trace_sepsis_V1.6-V6.5-SELECTIVE_PRECISION.json,WEAK,P5_E001,TRAITEMENT,Tienam | antibiotique,5,antibiotique_inadequat_pour,TRAITEMENT,MICRO_ORGANISME,0.5,antibiotique,10,3
C_000594,img20250709_16395936_trace_sepsis_V1.6-V6.5-SELECTIVE_PRECISION.json,WEAK,P5_E002,TRAITEMENT,gentamycine | antibiotique,5,antibiotique_inadequat_pour,TRAITEMENT,MICRO_ORGANISME,0.5,antibiotique,10,3
C_000595,img20250709_16395936_trace_sepsis_V1.6-V6.5-SELECTIVE_PRECISION.json,WEAK,P5_E003,TRAITEMENT,vancomycine | antibiotique,5,antibiotique_inadequat_pour,TRAITEMENT,MICRO_ORGANISME,0.5,antibiotique,10,3
C_000596,img20250709_16395936_trace_sepsis_V1.6-V6.5-SELECTIVE_PRECISION.json,WEAK,P5_E004,TRAITEMENT,Tazocilline | antibiotique,5,antibiotique_inadequat_pour,TRAITEMENT,MICRO_ORGANISME,0.5,antibiotique,10,3
C_000597,img20250709_16395936_trace_sepsis_V1.6-V6.5-SELECTIVE_PRECISION.json,WEAK,P5_E005,TRAITEMENT,Flagyl | antibiotique,5,antibiotique_inadequat_pour,TRAITEMENT,MICRO_ORGANISME,0.5,antibiotique,10,3
C_000598,img20250709_16395936_trace_sepsis_V1.6-V6.5-SELECTIVE_PRECISION.json,WEAK,P5_E006,TRAITEMENT,Vancocine | antibiotique,5,antibiotique_inadequat_pour,TRAITEMENT,MICRO_ORGANISME,0.5,antibiotique,10,3
C_000599,img20250709_16395936_trace_sepsis_V1.6-V6.5-SELECTIVE_PRECISION.json,WEAK,P5_E007,TRAITEMENT,Amiklin | antibiotique,5,antibiotique_inadequat_pour,TRAITEMENT,MICRO_ORGANISME,0.5,antibiotique,10,3
C_000600,img20250709_16395936_trace_sepsis_V1.6-V6.5-SELECTIVE_PRECISION.json,WEAK,P5_E041,POSOLOGIE,8.5 g | posologie,5,traitement_a_pour_posologie,TRAITEMENT,POSOLOGIE,0.5,posologie,10,4
C_000601,img20250709_16395936_trace_sepsis_V1.6-V6.5-SELECTIVE_PRECISION.json,WEAK,P5_E043,POSOLOGIE,13.5 g | posologie,5,traitement_a_pour_posologie,TRAITEMENT,POSOLOGIE,0.5,posologie,10,4
C_000602,img20250709_16395936_trace_sepsis_V1.6-V6.5-SELECTIVE_PRECISION.json,WEAK,P6_E039,POSOLOGIE,1.5 g | posologie,6,traitement_a_pour_posologie,TRAITEMENT,POSOLOGIE,0.5,posologie,9,3
C_000603,img20250709_16395936_trace_sepsis_V1.6-V6.5-SELECTIVE_PRECISION.json,WEAK,P6_E040,POSOLOGIE,5.6 µg | posologie,6,traitement_a_pour_posologie,TRAITEMENT,POSOLOGIE,0.5,posologie,9,3
C_000604,img20250709_16414914_trace_sepsis_V1.6-V6.5-SELECTIVE_PRECISION.json,WEAK,P2_E046,POSOLOGIE,10 mg | posologie,2,traitement_a_pour_posologie,TRAITEMENT,POSOLOGIE,0.5,posologie,4,1
C_000605,img20250709_16414914_trace_sepsis_V1.6-V6.5-SELECTIVE_PRECISION.json,WEAK,P3_E042,POSOLOGIE,62 g | posologie,3,traitement_a_pour_posologie,TRAITEMENT,POSOLOGIE,0.5,posologie,1,5
C_000606,img20250709_16510509_trace_sepsis_V1.6-V6.5-SELECTIVE_PRECISION.json,WEAK,P1_E001,LABEL_NOSOLOGIQUE,Suspicion de choc septique | sepsis,1,presente_suspicion_infection,DONNEE_PATIENT,FOYER_INFECTIEUX,0.4667,sepsis | suspicion,1,2
C_000607,img20250709_16510509_trace_sepsis_V1.6-V6.5-SELECTIVE_PRECISION.json,WEAK,P1_E037,POSOLOGIE,5 mg | posologie,1,traitement_a_pour_posologie,TRAITEMENT,POSOLOGIE,0.5,posologie,8,7
C_000608,img20250709_16510509_trace_sepsis_V1.6-V6.5-SELECTIVE_PRECISION.json,WEAK,P1_E038,POSOLOGIE,75mg | posologie,1,traitement_a_pour_posologie,TRAITEMENT,POSOLOGIE,0.5,posologie,8,7
C_000609,img20250709_16510509_trace_sepsis_V1.6-V6.5-SELECTIVE_PRECISION.json,WEAK,P1_E039,POSOLOGIE,110mg | posologie,1,traitement_a_pour_posologie,TRAITEMENT,POSOLOGIE,0.5,posologie,8,7
C_000610,img20250709_16510509_trace_sepsis_V1.6-V6.5-SELECTIVE_PRECISION.json,WEAK,P1_E040,POSOLOGIE,5mg | posologie,1,traitement_a_pour_posologie,TRAITEMENT,POSOLOGIE,0.5,posologie,8,7
C_000611,img20250709_16510509_trace_sepsis_V1.6-V6.5-SELECTIVE_PRECISION.json,WEAK,P1_E041,POSOLOGIE,40mg | posologie,1,traitement_a_pour_posologie,TRAITEMENT,POSOLOGIE,0.5,posologie,8,7
C_000612,img20250709_16510509_trace_sepsis_V1.6-V6.5-SELECTIVE_PRECISION.json,WEAK,P1_E042,POSOLOGIE,25mg | posologie,1,traitement_a_pour_posologie,TRAITEMENT,POSOLOGIE,0.5,posologie,8,7
C_000613,img20250709_16510509_trace_sepsis_V1.6-V6.5-SELECTIVE_PRECISION.json,WEAK,P1_E043,POSOLOGIE,10mg | posologie,1,traitement_a_pour_posologie,TRAITEMENT,POSOLOGIE,0.5,posologie,8,7
C_000614,img20250709_16510509_trace_sepsis_V1.6-V6.5-SELECTIVE_PRECISION.json,WEAK,P1_E044,POSOLOGIE,1/j | posologie,1,traitement_a_pour_posologie,TRAITEMENT,POSOLOGIE,0.5,posologie,8,7
C_000615,img20250709_16510509_trace_sepsis_V1.6-V6.5-SELECTIVE_PRECISION.json,WEAK,P2_E001,TRAITEMENT,LYRICA | traitement_habituel,2,traitement_administre_a,TRAITEMENT,DONNEE_PATIENT,0.5,traitement,8,1
C_000616,img20250709_16510509_trace_sepsis_V1.6-V6.5-SELECTIVE_PRECISION.json,WEAK,P2_E003,TRAITEMENT,JOSIR LP | traitement_habituel,2,traitement_administre_a,TRAITEMENT,DONNEE_PATIENT,0.5,traitement,8,1
C_000617,img20250709_16510509_trace_sepsis_V1.6-V6.5-SELECTIVE_PRECISION.json,WEAK,P2_E005,TRAITEMENT,DOLIRPANE | traitement_habituel,2,traitement_administre_a,TRAITEMENT,DONNEE_PATIENT,0.5,traitement,8,1
C_000618,img20250709_16510509_trace_sepsis_V1.6-V6.5-SELECTIVE_PRECISION.json,WEAK,P2_E007,TRAITEMENT,BRICANYL Atrovent | traitement_habituel,2,traitement_administre_a,TRAITEMENT,DONNEE_PATIENT,0.5,traitement,8,1
C_000619,img20250709_16510509_trace_sepsis_V1.6-V6.5-SELECTIVE_PRECISION.json,WEAK,P2_E011,TRAITEMENT,AUGMENTIN | antibiotique,2,antibiotique_inadequat_pour,TRAITEMENT,MICRO_ORGANISME,0.5,antibiotique,8,1
C_000620,img20250709_16510509_trace_sepsis_V1.6-V6.5-SELECTIVE_PRECISION.json,WEAK,P3_E031,TRAITEMENT,TIÉNAM | antibiotique,3,antibiotique_inadequat_pour,TRAITEMENT,MICRO_ORGANISME,0.5,antibiotique,5,1
C_000621,img20250709_16510509_trace_sepsis_V1.6-V6.5-SELECTIVE_PRECISION.json,WEAK,P3_E032,TRAITEMENT,AMIKLIN | antibiotique,3,antibiotique_inadequat_pour,TRAITEMENT,MICRO_ORGANISME,0.5,antibiotique,5,1
C_000622,img20250709_16510509_trace_sepsis_V1.6-V6.5-SELECTIVE_PRECISION.json,WEAK,P3_E037,POSOLOGIE,tiénam pendant 7 jours | 7 jours | 7 | duree_traitement,3,traitement_administre_a,TRAITEMENT,DONNEE_PATIENT,0.5,traitement,6,3
C_000623,img20250709_16510509_trace_sepsis_V1.6-V6.5-SELECTIVE_PRECISION.json,WEAK,P4_E006,TRAITEMENT,TIÉNAM | antibiotique,4,antibiotique_inadequat_pour,TRAITEMENT,MICRO_ORGANISME,0.5,antibiotique,10,1
C_000624,img20250709_16510509_trace_sepsis_V1.6-V6.5-SELECTIVE_PRECISION.json,WEAK,P4_E039,POSOLOGIE,"9,5g | posologie",4,traitement_a_pour_posologie,TRAITEMENT,POSOLOGIE,0.5,posologie,10,10
C_000625,img20250709_16510509_trace_sepsis_V1.6-V6.5-SELECTIVE_PRECISION.json,WEAK,P4_E042,POSOLOGIE,2L | posologie,4,traitement_a_pour_posologie,TRAITEMENT,POSOLOGIE,0.5,posologie,10,10
C_000626,img20250709_16510509_trace_sepsis_V1.6-V6.5-SELECTIVE_PRECISION.json,WEAK,P4_E043,POSOLOGIE,4/j | posologie,4,traitement_a_pour_posologie,TRAITEMENT,POSOLOGIE,0.5,posologie,10,10
C_000627,img20250709_16510509_trace_sepsis_V1.6-V6.5-SELECTIVE_PRECISION.json,WEAK,P4_E044,POSOLOGIE,3/j | posologie,4,traitement_a_pour_posologie,TRAITEMENT,POSOLOGIE,0.5,posologie,10,10
C_000628,img20250709_16520260_trace_sepsis_V1.6-V6.5-SELECTIVE_PRECISION.json,WEAK,P1_E018,TRAITEMENT,Diflu-k 600 mg 1-1-1 | Diflu-k | antibiotique,1,antibiotique_inadequat_pour,TRAITEMENT,MICRO_ORGANISME,0.5,antibiotique,5,4
C_000629,img20250709_16520260_trace_sepsis_V1.6-V6.5-SELECTIVE_PRECISION.json,WEAK,P1_E020,TRAITEMENT,Pyostacine 500 mg 1-0-1 | Pyostacine | antibiotique,1,antibiotique_inadequat_pour,TRAITEMENT,MICRO_ORGANISME,0.5,antibiotique,5,4
C_000630,img20250709_16520260_trace_sepsis_V1.6-V6.5-SELECTIVE_PRECISION.json,WEAK,P1_E034,POSOLOGIE,1-1-1 | posologie,1,traitement_a_pour_posologie,TRAITEMENT,POSOLOGIE,0.5,posologie,6,6
C_000631,img20250709_16520260_trace_sepsis_V1.6-V6.5-SELECTIVE_PRECISION.json,WEAK,P1_E035,POSOLOGIE,1-0-1 | posologie,1,traitement_a_pour_posologie,TRAITEMENT,POSOLOGIE,0.5,posologie,6,6
C_000632,img20250709_16520260_trace_sepsis_V1.6-V6.5-SELECTIVE_PRECISION.json,WEAK,P2_E043,POSOLOGIE,10.0 g | posologie,2,traitement_a_pour_posologie,TRAITEMENT,POSOLOGIE,0.5,posologie,1,2
C_000633,img20250709_16520260_trace_sepsis_V1.6-V6.5-SELECTIVE_PRECISION.json,WEAK,P2_E044,POSOLOGIE,2L/min | posologie,2,traitement_a_pour_posologie,TRAITEMENT,POSOLOGIE,0.5,posologie,1,2
C_000634,img20250709_16520260_trace_sepsis_V1.6-V6.5-SELECTIVE_PRECISION.json,WEAK,P2_E046,POSOLOGIE,O2 2L/min | 2L/min | posologie,2,traitement_a_pour_posologie,TRAITEMENT,POSOLOGIE,0.5,posologie,1,2
C_000635,img20250709_16520260_trace_sepsis_V1.6-V6.5-SELECTIVE_PRECISION.json,WEAK,P2_E048,BIOMARQUEUR,pCO2/T° patient 4.09 | autre_biomarqueur,2,biomarqueur_obtenu_a,BIOMARQUEUR,EVENEMENT_TEMPOREL,0.5,biomarqueur,10,10
C_000636,img20250709_16520260_trace_sepsis_V1.6-V6.5-SELECTIVE_PRECISION.json,WEAK,P2_E049,BIOMARQUEUR,pO2/T° patient 15.00 | autre_biomarqueur,2,biomarqueur_obtenu_a,BIOMARQUEUR,EVENEMENT_TEMPOREL,0.5,biomarqueur,10,10
C_000637,img20250709_16520260_trace_sepsis_V1.6-V6.5-SELECTIVE_PRECISION.json,WEAK,P3_E036,POSOLOGIE,43 g | posologie,3,traitement_a_pour_posologie,TRAITEMENT,POSOLOGIE,0.5,posologie,10,10
C_000638,img20250709_16520260_trace_sepsis_V1.6-V6.5-SELECTIVE_PRECISION.json,WEAK,P3_E039,BIOMARQUEUR,Cortisol T0 min 3157 | autre_biomarqueur,3,biomarqueur_obtenu_a,BIOMARQUEUR,EVENEMENT_TEMPOREL,0.5,biomarqueur,10,10
C_000639,img20250709_16520260_trace_sepsis_V1.6-V6.5-SELECTIVE_PRECISION.json,WEAK,P4_E021,TRAITEMENT,tazocilline | antibiotique,4,antibiotique_inadequat_pour,TRAITEMENT,MICRO_ORGANISME,0.5,antibiotique,8,4
C_000640,img20250709_16520260_trace_sepsis_V1.6-V6.5-SELECTIVE_PRECISION.json,WEAK,P4_E022,TRAITEMENT,rovamycine | antibiotique,4,antibiotique_inadequat_pour,TRAITEMENT,MICRO_ORGANISME,0.5,antibiotique,8,4
C_000641,img20250709_16520260_trace_sepsis_V1.6-V6.5-SELECTIVE_PRECISION.json,WEAK,P4_E023,TRAITEMENT,Gentalline | antibiotique,4,antibiotique_inadequat_pour,TRAITEMENT,MICRO_ORGANISME,0.5,antibiotique,8,4
C_000642,img20250709_16520260_trace_sepsis_V1.6-V6.5-SELECTIVE_PRECISION.json,WEAK,P6_E009,TRAITEMENT,Tazo | antibiotique,6,antibiotique_inadequat_pour,TRAITEMENT,MICRO_ORGANISME,0.5,antibiotique,10,4
C_000643,img20250709_16520260_trace_sepsis_V1.6-V6.5-SELECTIVE_PRECISION.json,WEAK,P6_E010,TRAITEMENT,Rova | antibiotique,6,antibiotique_inadequat_pour,TRAITEMENT,MICRO_ORGANISME,0.5,antibiotique,10,4
C_000644,img20250709_16520260_trace_sepsis_V1.6-V6.5-SELECTIVE_PRECISION.json,WEAK,P6_E011,TRAITEMENT,Genta | antibiotique,6,antibiotique_inadequat_pour,TRAITEMENT,MICRO_ORGANISME,0.5,antibiotique,10,4
C_000645,img20250709_16520260_trace_sepsis_V1.6-V6.5-SELECTIVE_PRECISION.json,WEAK,P6_E012,TRAITEMENT,Augmentin | antibiotique,6,antibiotique_inadequat_pour,TRAITEMENT,MICRO_ORGANISME,0.5,antibiotique,10,4
C_000646,img20250709_16520260_trace_sepsis_V1.6-V6.5-SELECTIVE_PRECISION.json,WEAK,P6_E013,POSOLOGIE,durée de l'antibiothérapie: 15jrs | 15jrs | 15 | duree_traitement,6,traitement_administre_a,TRAITEMENT,DONNEE_PATIENT,0.5,traitement,10,1
C_000647,img20250709_16520260_trace_sepsis_V1.6-V6.5-SELECTIVE_PRECISION.json,WEAK,P6_E043,POSOLOGIE,500 ml/jour | posologie,6,traitement_a_pour_posologie,TRAITEMENT,POSOLOGIE,0.5,posologie,10,8
C_000648,img20250709_16520260_trace_sepsis_V1.6-V6.5-SELECTIVE_PRECISION.json,WEAK,P6_E044,POSOLOGIE,1000 ml/jour | posologie,6,traitement_a_pour_posologie,TRAITEMENT,POSOLOGIE,0.5,posologie,10,8
C_000649,img20250709_16520260_trace_sepsis_V1.6-V6.5-SELECTIVE_PRECISION.json,WEAK,P6_E045,POSOLOGIE,850mL | posologie,6,traitement_a_pour_posologie,TRAITEMENT,POSOLOGIE,0.5,posologie,10,8
C_000650,img20250709_16520260_trace_sepsis_V1.6-V6.5-SELECTIVE_PRECISION.json,WEAK,P6_E046,POSOLOGIE,750 ml | posologie,6,traitement_a_pour_posologie,TRAITEMENT,POSOLOGIE,0.5,posologie,10,8
C_000651,img20250709_16523752_trace_sepsis_V1.6-V6.5-SELECTIVE_PRECISION.json,WEAK,P3_E042,POSOLOGIE,82 g | posologie,3,traitement_a_pour_posologie,TRAITEMENT,POSOLOGIE,0.5,posologie,10,10
C_000652,img20250709_16523752_trace_sepsis_V1.6-V6.5-SELECTIVE_PRECISION.json,WEAK,P3_E044,BIOMARQUEUR,pO2/T° patient 16.70 | autre_biomarqueur,3,biomarqueur_obtenu_a,BIOMARQUEUR,EVENEMENT_TEMPOREL,0.5,biomarqueur,10,4
C_000653,img20250709_16523752_trace_sepsis_V1.6-V6.5-SELECTIVE_PRECISION.json,WEAK,P4_E007,TRAITEMENT,TIENAM | antibiotique,4,antibiotique_inadequat_pour,TRAITEMENT,MICRO_ORGANISME,0.5,antibiotique,9,2
C_000654,img20250709_16523752_trace_sepsis_V1.6-V6.5-SELECTIVE_PRECISION.json,WEAK,P4_E008,TRAITEMENT,Ofloxacine | antibiotique,4,antibiotique_inadequat_pour,TRAITEMENT,MICRO_ORGANISME,0.5,antibiotique,9,2
C_000655,img20250709_16523752_trace_sepsis_V1.6-V6.5-SELECTIVE_PRECISION.json,WEAK,P4_E009,TRAITEMENT,vancomycine | antibiotique,4,antibiotique_inadequat_pour,TRAITEMENT,MICRO_ORGANISME,0.5,antibiotique,9,2
C_000656,img20250709_16523752_trace_sepsis_V1.6-V6.5-SELECTIVE_PRECISION.json,WEAK,P4_E024,TRAITEMENT,Bactrim | antibiotique,4,antibiotique_inadequat_pour,TRAITEMENT,MICRO_ORGANISME,0.5,antibiotique,9,2
C_000657,img20250709_16523752_trace_sepsis_V1.6-V6.5-SELECTIVE_PRECISION.json,STRONG,P4_E036,MICRO_ORGANISME,campylobacter | micro_organisme,4,micro_organisme_isole_dans,MICRO_ORGANISME,FOYER_INFECTIEUX,0.8167,micro | organisme,1,1
C_000658,img20250709_16523752_trace_sepsis_V1.6-V6.5-SELECTIVE_PRECISION.json,WEAK,P4_E053,POSOLOGIE,"3,2G | posologie",4,traitement_a_pour_posologie,TRAITEMENT,POSOLOGIE,0.5,posologie,10,4
C_000659,img20250709_16523752_trace_sepsis_V1.6-V6.5-SELECTIVE_PRECISION.json,WEAK,P4_E054,POSOLOGIE,72G | posologie,4,traitement_a_pour_posologie,TRAITEMENT,POSOLOGIE,0.5,posologie,10,4
C_000660,img20250709_16523752_trace_sepsis_V1.6-V6.5-SELECTIVE_PRECISION.json,WEAK,P4_E055,POSOLOGIE,10g | posologie,4,traitement_a_pour_posologie,TRAITEMENT,POSOLOGIE,0.5,posologie,10,4
C_000661,img20250709_16523752_trace_sepsis_V1.6-V6.5-SELECTIVE_PRECISION.json,WEAK,P4_E063,BIOMARQUEUR,Ratio Patient/Témoin 1.00 | autre_biomarqueur,4,biomarqueur_obtenu_a,BIOMARQUEUR,EVENEMENT_TEMPOREL,0.5,biomarqueur,8,1
C_000662,img20250709_16523752_trace_sepsis_V1.6-V6.5-SELECTIVE_PRECISION.json,WEAK,P5_E018,TRAITEMENT,simplification de l'antibiothérapie par TIÉNAM | antibiothérapie | antibiotique,5,antibiotique_inadequat_pour,TRAITEMENT,MICRO_ORGANISME,0.5,antibiotique,10,3
C_000663,img20250709_16523752_trace_sepsis_V1.6-V6.5-SELECTIVE_PRECISION.json,WEAK,P5_E019,TRAITEMENT,2 flashs d'aminoside | aminoside | antibiotique,5,antibiotique_inadequat_pour,TRAITEMENT,MICRO_ORGANISME,0.5,antibiotique,10,3
C_000664,img20250709_16523752_trace_sepsis_V1.6-V6.5-SELECTIVE_PRECISION.json,WEAK,P5_E028,TRAITEMENT,Bactrim forte 3cp/semaines | Bactrim | antibiotique,5,antibiotique_inadequat_pour,TRAITEMENT,MICRO_ORGANISME,0.5,antibiotique,10,3
C_000665,img20250709_16523752_trace_sepsis_V1.6-V6.5-SELECTIVE_PRECISION.json,WEAK,P5_E052,POSOLOGIE,4g | posologie,5,traitement_a_pour_posologie,TRAITEMENT,POSOLOGIE,0.5,posologie,10,10
C_000666,img20250709_16523752_trace_sepsis_V1.6-V6.5-SELECTIVE_PRECISION.json,WEAK,P5_E053,POSOLOGIE,1g | posologie,5,traitement_a_pour_posologie,TRAITEMENT,POSOLOGIE,0.5,posologie,10,10
C_000667,img20250709_16523752_trace_sepsis_V1.6-V6.5-SELECTIVE_PRECISION.json,WEAK,P5_E054,POSOLOGIE,2g | posologie,5,traitement_a_pour_posologie,TRAITEMENT,POSOLOGIE,0.5,posologie,10,10
C_000668,img20250709_16523752_trace_sepsis_V1.6-V6.5-SELECTIVE_PRECISION.json,WEAK,P5_E055,POSOLOGIE,1L | posologie,5,traitement_a_pour_posologie,TRAITEMENT,POSOLOGIE,0.5,posologie,10,10
C_000669,img20250709_16523752_trace_sepsis_V1.6-V6.5-SELECTIVE_PRECISION.json,WEAK,P5_E057,POSOLOGIE,1/j | posologie,5,traitement_a_pour_posologie,TRAITEMENT,POSOLOGIE,0.5,posologie,10,10
C_000670,img20250709_16531341_trace_sepsis_V1.6-V6.5-SELECTIVE_PRECISION.json,WEAK,P1_E041,POSOLOGIE,1-0-1 | posologie,1,traitement_a_pour_posologie,TRAITEMENT,POSOLOGIE,0.5,posologie,10,10
C_000671,img20250709_16531341_trace_sepsis_V1.6-V6.5-SELECTIVE_PRECISION.json,WEAK,P1_E044,POSOLOGIE,0-0-0 | posologie,1,traitement_a_pour_posologie,TRAITEMENT,POSOLOGIE,0.5,posologie,10,10
C_000672,img20250709_16531341_trace_sepsis_V1.6-V6.5-SELECTIVE_PRECISION.json,WEAK,P2_E058,POSOLOGIE,7g | posologie,2,traitement_a_pour_posologie,TRAITEMENT,POSOLOGIE,0.5,posologie,10,10
C_000673,img20250709_16531341_trace_sepsis_V1.6-V6.5-SELECTIVE_PRECISION.json,WEAK,P2_E059,POSOLOGIE,12L/min | posologie,2,traitement_a_pour_posologie,TRAITEMENT,POSOLOGIE,0.5,posologie,10,10
C_000674,img20250709_16531341_trace_sepsis_V1.6-V6.5-SELECTIVE_PRECISION.json,WEAK,P2_E060,POSOLOGIE,60 mg | posologie,2,traitement_a_pour_posologie,TRAITEMENT,POSOLOGIE,0.5,posologie,10,10
C_000675,img20250709_16531341_trace_sepsis_V1.6-V6.5-SELECTIVE_PRECISION.json,WEAK,P2_E061,POSOLOGIE,1 mg | posologie,2,traitement_a_pour_posologie,TRAITEMENT,POSOLOGIE,0.5,posologie,10,10
C_000676,img20250709_16531341_trace_sepsis_V1.6-V6.5-SELECTIVE_PRECISION.json,WEAK,P2_E062,POSOLOGIE,10g | posologie,2,traitement_a_pour_posologie,TRAITEMENT,POSOLOGIE,0.5,posologie,10,10
C_000677,img20250709_16531341_trace_sepsis_V1.6-V6.5-SELECTIVE_PRECISION.json,WEAK,P2_E063,POSOLOGIE,0.25MG | posologie,2,traitement_a_pour_posologie,TRAITEMENT,POSOLOGIE,0.5,posologie,10,10
C_000678,img20250709_16531341_trace_sepsis_V1.6-V6.5-SELECTIVE_PRECISION.json,WEAK,P2_E068,POSOLOGIE,9.9g | posologie,2,traitement_a_pour_posologie,TRAITEMENT,POSOLOGIE,0.5,posologie,10,10
C_000679,img20250709_16531341_trace_sepsis_V1.6-V6.5-SELECTIVE_PRECISION.json,WEAK,P2_E069,POSOLOGIE,0.5 mg | posologie,2,traitement_a_pour_posologie,TRAITEMENT,POSOLOGIE,0.5,posologie,10,10
C_000680,img20250709_16531341_trace_sepsis_V1.6-V6.5-SELECTIVE_PRECISION.json,WEAK,P2_E070,POSOLOGIE,0.25 mg | posologie,2,traitement_a_pour_posologie,TRAITEMENT,POSOLOGIE,0.5,posologie,10,10
C_000681,img20250709_16531341_trace_sepsis_V1.6-V6.5-SELECTIVE_PRECISION.json,WEAK,P2_E071,POSOLOGIE,250 ml | posologie,2,traitement_a_pour_posologie,TRAITEMENT,POSOLOGIE,0.5,posologie,10,10
C_000682,img20250709_16531341_trace_sepsis_V1.6-V6.5-SELECTIVE_PRECISION.json,WEAK,P3_E070,BIOMARQUEUR,pCO2/T° patient 3.86 | autre_biomarqueur,3,biomarqueur_obtenu_a,BIOMARQUEUR,EVENEMENT_TEMPOREL,0.5,biomarqueur,10,6
C_000683,img20250709_16531341_trace_sepsis_V1.6-V6.5-SELECTIVE_PRECISION.json,WEAK,P3_E071,BIOMARQUEUR,pO2/T° patient 8.02 | autre_biomarqueur,3,biomarqueur_obtenu_a,BIOMARQUEUR,EVENEMENT_TEMPOREL,0.5,biomarqueur,10,6
C_000684,img20250709_16531341_trace_sepsis_V1.6-V6.5-SELECTIVE_PRECISION.json,WEAK,P4_E016,TRAITEMENT,traitement anti-épileptique très lourd (Pentothal | Pentothal | autre,4,traitement_administre_a,TRAITEMENT,DONNEE_PATIENT,0.5,traitement,10,3
C_000685,img20250709_16531341_trace_sepsis_V1.6-V6.5-SELECTIVE_PRECISION.json,WEAK,P4_E057,POSOLOGIE,3 mg | posologie,4,traitement_a_pour_posologie,TRAITEMENT,POSOLOGIE,0.5,posologie,10,10
C_000686,img20250709_16545673_trace_sepsis_V1.6-V6.5-SELECTIVE_PRECISION.json,MEDIUM,P1_E016,LABEL_NOSOLOGIQUE,suspicion de tuberculose pulmonaire | suspicion_infection,1,presente_suspicion_infection,DONNEE_PATIENT,FOYER_INFECTIEUX,0.6833,infection | suspicion,2,3
C_000687,img20250709_16545673_trace_sepsis_V1.6-V6.5-SELECTIVE_PRECISION.json,WEAK,P1_E019,TRAITEMENT,Antigénuries Pneumocoque et Légionelle | antibiotique,1,antibiotique_inadequat_pour,TRAITEMENT,MICRO_ORGANISME,0.5,antibiotique,3,1
C_000688,img20250709_16545673_trace_sepsis_V1.6-V6.5-SELECTIVE_PRECISION.json,WEAK,P1_E031,POSOLOGIE,4L | posologie,1,traitement_a_pour_posologie,TRAITEMENT,POSOLOGIE,0.5,posologie,4,2
C_000689,img20250709_16545673_trace_sepsis_V1.6-V6.5-SELECTIVE_PRECISION.json,WEAK,P2_E050,POSOLOGIE,FiO2 : 100% | posologie,2,traitement_a_pour_posologie,TRAITEMENT,POSOLOGIE,0.5,posologie,5,3
C_000690,img20250709_16545673_trace_sepsis_V1.6-V6.5-SELECTIVE_PRECISION.json,WEAK,P3_E022,TRAITEMENT,Claforan | antibiotique,3,antibiotique_inadequat_pour,TRAITEMENT,MICRO_ORGANISME,0.5,antibiotique,8,2
C_000691,img20250709_16545673_trace_sepsis_V1.6-V6.5-SELECTIVE_PRECISION.json,WEAK,P3_E023,TRAITEMENT,Rovamycine | antibiotique,3,antibiotique_inadequat_pour,TRAITEMENT,MICRO_ORGANISME,0.5,antibiotique,8,2
C_000692,img20250709_16545673_trace_sepsis_V1.6-V6.5-SELECTIVE_PRECISION.json,WEAK,P3_E024,TRAITEMENT,Amiklin | antibiotique,3,antibiotique_inadequat_pour,TRAITEMENT,MICRO_ORGANISME,0.5,antibiotique,8,2
C_000693,img20250709_16545673_trace_sepsis_V1.6-V6.5-SELECTIVE_PRECISION.json,WEAK,P3_E029,TRAITEMENT,relais à J2 par Augmentin IV | Augmentin | antibiotique,3,antibiotique_inadequat_pour,TRAITEMENT,MICRO_ORGANISME,0.5,antibiotique,8,2
C_000694,img20250709_16545673_trace_sepsis_V1.6-V6.5-SELECTIVE_PRECISION.json,WEAK,P3_E030,TRAITEMENT,Imipenem+Amikacine | Amikacine | antibiotique,3,antibiotique_inadequat_pour,TRAITEMENT,MICRO_ORGANISME,0.5,antibiotique,8,2
C_000695,img20250709_16545673_trace_sepsis_V1.6-V6.5-SELECTIVE_PRECISION.json,WEAK,P3_E031,TRAITEMENT,relais par Ciflox et Ticarpen à J2 | Ciflox | antibiotique,3,antibiotique_inadequat_pour,TRAITEMENT,MICRO_ORGANISME,0.5,antibiotique,8,2
C_000696,img20250709_16545673_trace_sepsis_V1.6-V6.5-SELECTIVE_PRECISION.json,WEAK,P3_E046,BIOMARQUEUR,Ratio Patient/Témoin 1.32 | autre_biomarqueur,3,biomarqueur_obtenu_a,BIOMARQUEUR,EVENEMENT_TEMPOREL,0.5,biomarqueur,10,2
C_000697,img20250709_16545673_trace_sepsis_V1.6-V6.5-SELECTIVE_PRECISION.json,WEAK,P5_E003,POSOLOGIE,pour une durée de 16 jours | 16 jours | 16 | duree_traitement,5,traitement_administre_a,TRAITEMENT,DONNEE_PATIENT,0.5,traitement,10,1
C_000698,img20250709_16545673_trace_sepsis_V1.6-V6.5-SELECTIVE_PRECISION.json,WEAK,P5_E005,TRAITEMENT,ticarpen | antibiotique,5,antibiotique_inadequat_pour,TRAITEMENT,MICRO_ORGANISME,0.5,antibiotique,10,1
C_000699,img20250709_16545673_trace_sepsis_V1.6-V6.5-SELECTIVE_PRECISION.json,WEAK,P5_E035,POSOLOGIE,100 mg | posologie,5,traitement_a_pour_posologie,TRAITEMENT,POSOLOGIE,0.5,posologie,10,10
C_000700,img20250709_16545673_trace_sepsis_V1.6-V6.5-SELECTIVE_PRECISION.json,WEAK,P5_E036,POSOLOGIE,250 mg | posologie,5,traitement_a_pour_posologie,TRAITEMENT,POSOLOGIE,0.5,posologie,10,10
C_000701,img20250709_16545673_trace_sepsis_V1.6-V6.5-SELECTIVE_PRECISION.json,WEAK,P5_E038,POSOLOGIE,40 ml | posologie,5,traitement_a_pour_posologie,TRAITEMENT,POSOLOGIE,0.5,posologie,10,10
C_000702,img20250709_16545673_trace_sepsis_V1.6-V6.5-SELECTIVE_PRECISION.json,WEAK,P5_E039,POSOLOGIE,10 ml | posologie,5,traitement_a_pour_posologie,TRAITEMENT,POSOLOGIE,0.5,posologie,10,10
C_000703,img20250709_16553580_trace_sepsis_V1.6-V6.5-SELECTIVE_PRECISION.json,WEAK,P1_E018,TRAITEMENT,bactrim | antibiotique,1,antibiotique_inadequat_pour,TRAITEMENT,MICRO_ORGANISME,0.5,antibiotique,10,1
C_000704,img20250709_16553580_trace_sepsis_V1.6-V6.5-SELECTIVE_PRECISION.json,WEAK,P1_E019,TRAITEMENT,claventin | antibiotique,1,antibiotique_inadequat_pour,TRAITEMENT,MICRO_ORGANISME,0.5,antibiotique,10,1
C_000705,img20250709_16553580_trace_sepsis_V1.6-V6.5-SELECTIVE_PRECISION.json,WEAK,P2_E006,TRAITEMENT,mestinon | traitement_habituel,2,traitement_administre_a,TRAITEMENT,DONNEE_PATIENT,0.5,traitement,8,3
C_000706,img20250709_16553580_trace_sepsis_V1.6-V6.5-SELECTIVE_PRECISION.json,WEAK,P2_E008,TRAITEMENT,cortancyl | traitement_habituel,2,traitement_administre_a,TRAITEMENT,DONNEE_PATIENT,0.5,traitement,8,3
C_000707,img20250709_16553580_trace_sepsis_V1.6-V6.5-SELECTIVE_PRECISION.json,WEAK,P2_E010,TRAITEMENT,imurel | traitement_habituel,2,traitement_administre_a,TRAITEMENT,DONNEE_PATIENT,0.5,traitement,8,3
C_000708,img20250709_16553580_trace_sepsis_V1.6-V6.5-SELECTIVE_PRECISION.json,WEAK,P2_E012,TRAITEMENT,chlorure de sodium | traitement_habituel,2,traitement_administre_a,TRAITEMENT,DONNEE_PATIENT,0.5,traitement,8,3
C_000709,img20250709_16553580_trace_sepsis_V1.6-V6.5-SELECTIVE_PRECISION.json,WEAK,P2_E014,TRAITEMENT,diffuk | traitement_habituel,2,traitement_administre_a,TRAITEMENT,DONNEE_PATIENT,0.5,traitement,8,3
C_000710,img20250709_16553580_trace_sepsis_V1.6-V6.5-SELECTIVE_PRECISION.json,WEAK,P2_E016,TRAITEMENT,eau | traitement_habituel,2,traitement_administre_a,TRAITEMENT,DONNEE_PATIENT,0.5,traitement,8,3
C_000711,img20250709_16553580_trace_sepsis_V1.6-V6.5-SELECTIVE_PRECISION.json,WEAK,P2_E018,TRAITEMENT,fresubin Megareal | traitement_habituel,2,traitement_administre_a,TRAITEMENT,DONNEE_PATIENT,0.5,traitement,8,3
C_000712,img20250709_16553580_trace_sepsis_V1.6-V6.5-SELECTIVE_PRECISION.json,WEAK,P2_E020,TRAITEMENT,insulatard | traitement_habituel,2,traitement_administre_a,TRAITEMENT,DONNEE_PATIENT,0.5,traitement,8,3
C_000713,img20250709_16553580_trace_sepsis_V1.6-V6.5-SELECTIVE_PRECISION.json,WEAK,P2_E040,POSOLOGIE,8 UI | posologie,2,traitement_a_pour_posologie,TRAITEMENT,POSOLOGIE,0.5,posologie,9,8
C_000714,img20250709_16553580_trace_sepsis_V1.6-V6.5-SELECTIVE_PRECISION.json,WEAK,P3_E002,TRAITEMENT,cortancyl | traitement_habituel,3,traitement_administre_a,TRAITEMENT,DONNEE_PATIENT,0.5,traitement,10,1
C_000715,img20250709_16553580_trace_sepsis_V1.6-V6.5-SELECTIVE_PRECISION.json,WEAK,P3_E003,TRAITEMENT,imurel | traitement_habituel,3,traitement_administre_a,TRAITEMENT,DONNEE_PATIENT,0.5,traitement,10,1
C_000716,img20250709_16553580_trace_sepsis_V1.6-V6.5-SELECTIVE_PRECISION.json,WEAK,P3_E004,TRAITEMENT,Inexium | antibiotique,3,antibiotique_inadequat_pour,TRAITEMENT,MICRO_ORGANISME,0.5,antibiotique,10,1
C_000717,img20250709_16560274_trace_sepsis_V1.6-V6.5-SELECTIVE_PRECISION.json,WEAK,P1_E009,TRAITEMENT,mestinon | traitement_habituel,1,traitement_administre_a,TRAITEMENT,DONNEE_PATIENT,0.5,traitement,10,2
C_000718,img20250709_16560274_trace_sepsis_V1.6-V6.5-SELECTIVE_PRECISION.json,WEAK,P1_E011,TRAITEMENT,solupred orodispersible | traitement_habituel,1,traitement_administre_a,TRAITEMENT,DONNEE_PATIENT,0.5,traitement,10,2
C_000719,img20250709_16560274_trace_sepsis_V1.6-V6.5-SELECTIVE_PRECISION.json,WEAK,P1_E013,TRAITEMENT,esomeprazole | traitement_habituel,1,traitement_administre_a,TRAITEMENT,DONNEE_PATIENT,0.5,traitement,10,2
C_000720,img20250709_16560274_trace_sepsis_V1.6-V6.5-SELECTIVE_PRECISION.json,WEAK,P1_E015,TRAITEMENT,imurel | traitement_habituel,1,traitement_administre_a,TRAITEMENT,DONNEE_PATIENT,0.5,traitement,10,2
C_000721,img20250709_16560274_trace_sepsis_V1.6-V6.5-SELECTIVE_PRECISION.json,WEAK,P1_E017,TRAITEMENT,amlodipine | traitement_habituel,1,traitement_administre_a,TRAITEMENT,DONNEE_PATIENT,0.5,traitement,10,2
C_000722,img20250709_16560274_trace_sepsis_V1.6-V6.5-SELECTIVE_PRECISION.json,WEAK,P1_E019,TRAITEMENT,diffu k | traitement_habituel,1,traitement_administre_a,TRAITEMENT,DONNEE_PATIENT,0.5,traitement,10,2
C_000723,img20250709_16560274_trace_sepsis_V1.6-V6.5-SELECTIVE_PRECISION.json,WEAK,P1_E021,TRAITEMENT,calcidose vitamine D | traitement_habituel,1,traitement_administre_a,TRAITEMENT,DONNEE_PATIENT,0.5,traitement,10,2
C_000724,img20250709_16560274_trace_sepsis_V1.6-V6.5-SELECTIVE_PRECISION.json,WEAK,P1_E023,TRAITEMENT,insulatard flexpen | traitement_habituel,1,traitement_administre_a,TRAITEMENT,DONNEE_PATIENT,0.5,traitement,10,2
C_000725,img20250709_16560274_trace_sepsis_V1.6-V6.5-SELECTIVE_PRECISION.json,WEAK,P1_E025,TRAITEMENT,lovenox | traitement_habituel,1,traitement_administre_a,TRAITEMENT,DONNEE_PATIENT,0.5,traitement,10,2
C_000726,img20250709_16560274_trace_sepsis_V1.6-V6.5-SELECTIVE_PRECISION.json,WEAK,P1_E027,TRAITEMENT,cerulyse | traitement_habituel,1,traitement_administre_a,TRAITEMENT,DONNEE_PATIENT,0.5,traitement,10,2
C_000727,img20250709_16560274_trace_sepsis_V1.6-V6.5-SELECTIVE_PRECISION.json,WEAK,P1_E029,TRAITEMENT,econazole 1% | traitement_habituel,1,traitement_administre_a,TRAITEMENT,DONNEE_PATIENT,0.5,traitement,10,2
C_000728,img20250709_16560274_trace_sepsis_V1.6-V6.5-SELECTIVE_PRECISION.json,WEAK,P2_E041,POSOLOGIE,120 mg | posologie,2,traitement_a_pour_posologie,TRAITEMENT,POSOLOGIE,0.5,posologie,8,2
C_000729,img20250709_16560274_trace_sepsis_V1.6-V6.5-SELECTIVE_PRECISION.json,WEAK,P3_E041,POSOLOGIE,82 g | posologie,3,traitement_a_pour_posologie,TRAITEMENT,POSOLOGIE,0.5,posologie,1,10
C_000730,img20250709_16560274_trace_sepsis_V1.6-V6.5-SELECTIVE_PRECISION.json,WEAK,P4_E003,POSOLOGIE,4 premiers jours d'hospitalisation | 4 premiers jours | 4 | duree_traitement,4,traitement_administre_a,TRAITEMENT,DONNEE_PATIENT,0.5,traitement,10,1
C_000731,img20250709_16560274_trace_sepsis_V1.6-V6.5-SELECTIVE_PRECISION.json,WEAK,P4_E005,TRAITEMENT,Tazo | antibiotique,4,antibiotique_inadequat_pour,TRAITEMENT,MICRO_ORGANISME,0.5,antibiotique,10,4
C_000732,img20250709_16560274_trace_sepsis_V1.6-V6.5-SELECTIVE_PRECISION.json,WEAK,P4_E006,TRAITEMENT,Amiklin | antibiotique,4,antibiotique_inadequat_pour,TRAITEMENT,MICRO_ORGANISME,0.5,antibiotique,10,4
C_000733,img20250709_16560274_trace_sepsis_V1.6-V6.5-SELECTIVE_PRECISION.json,WEAK,P4_E007,TRAITEMENT,Augmentin | antibiotique,4,antibiotique_inadequat_pour,TRAITEMENT,MICRO_ORGANISME,0.5,antibiotique,10,4
C_000734,img20250709_16560274_trace_sepsis_V1.6-V6.5-SELECTIVE_PRECISION.json,WEAK,P4_E014,TRAITEMENT,Bactrim | antibiotique,4,antibiotique_inadequat_pour,TRAITEMENT,MICRO_ORGANISME,0.5,antibiotique,10,4
C_000735,img20250709_16560274_trace_sepsis_V1.6-V6.5-SELECTIVE_PRECISION.json,WEAK,P4_E015,TRAITEMENT,Claventin | antibiotique,4,antibiotique_inadequat_pour,TRAITEMENT,MICRO_ORGANISME,0.5,antibiotique,10,4
C_000736,img20250709_16560274_trace_sepsis_V1.6-V6.5-SELECTIVE_PRECISION.json,WEAK,P4_E016,POSOLOGIE,pendant 10 jours | 10 jours | 10 | duree_traitement,4,traitement_administre_a,TRAITEMENT,DONNEE_PATIENT,0.5,traitement,10,1
C_000737,img20250709_16560274_trace_sepsis_V1.6-V6.5-SELECTIVE_PRECISION.json,WEAK,P5_E005,TRAITEMENT,traité par Bactrim | Bactrim | antibiotique,5,antibiotique_inadequat_pour,TRAITEMENT,MICRO_ORGANISME,0.5,antibiotique,10,3
C_000738,img20250709_16560274_trace_sepsis_V1.6-V6.5-SELECTIVE_PRECISION.json,WEAK,P5_E006,TRAITEMENT,traité par ... Claventin | Claventin | antibiotique,5,antibiotique_inadequat_pour,TRAITEMENT,MICRO_ORGANISME,0.5,antibiotique,10,3
C_000739,img20250709_16560274_trace_sepsis_V1.6-V6.5-SELECTIVE_PRECISION.json,WEAK,P5_E020,POSOLOGIE,cortancyl 30 mg/J | 30 mg | 30 | duree_traitement,5,traitement_administre_a,TRAITEMENT,DONNEE_PATIENT,0.5,traitement,10,1
C_000740,img20250709_16560274_trace_sepsis_V1.6-V6.5-SELECTIVE_PRECISION.json,WEAK,P5_E022,POSOLOGIE,imurel 125 mg /J | 125 mg | 125 | duree_traitement,5,traitement_administre_a,TRAITEMENT,DONNEE_PATIENT,0.5,traitement,10,1
C_000741,img20250709_16560274_trace_sepsis_V1.6-V6.5-SELECTIVE_PRECISION.json,WEAK,P5_E042,POSOLOGIE,500 ml | posologie,5,traitement_a_pour_posologie,TRAITEMENT,POSOLOGIE,0.5,posologie,10,6
C_000742,img20250709_16560274_trace_sepsis_V1.6-V6.5-SELECTIVE_PRECISION.json,WEAK,P6_E015,POSOLOGIE,jusqu'au 14 janvier | duree_traitement,6,traitement_administre_a,TRAITEMENT,DONNEE_PATIENT,0.5,traitement,10,5
C_000743,img20250709_16560274_trace_sepsis_V1.6-V6.5-SELECTIVE_PRECISION.json,WEAK,P6_E022,POSOLOGIE,8 UI | posologie,6,traitement_a_pour_posologie,TRAITEMENT,POSOLOGIE,0.5,posologie,10,9
C_000744,img20250709_16560274_trace_sepsis_V1.6-V6.5-SELECTIVE_PRECISION.json,WEAK,P6_E023,POSOLOGIE,3/J | posologie,6,traitement_a_pour_posologie,TRAITEMENT,POSOLOGIE,0.5,posologie,10,9
C_000745,img20250709_16562087_trace_sepsis_V1.6-V6.5-SELECTIVE_PRECISION.json,WEAK,P1_E006,TRAITEMENT,Mestinon | traitement_habituel,1,traitement_administre_a,TRAITEMENT,DONNEE_PATIENT,0.5,traitement,1,2
C_000746,img20250709_16562087_trace_sepsis_V1.6-V6.5-SELECTIVE_PRECISION.json,WEAK,P1_E008,TRAITEMENT,Olmesartan | traitement_habituel,1,traitement_administre_a,TRAITEMENT,DONNEE_PATIENT,0.5,traitement,1,2
C_000747,img20250709_16562087_trace_sepsis_V1.6-V6.5-SELECTIVE_PRECISION.json,WEAK,P1_E023,POSOLOGIE,1-0-0 | posologie,1,traitement_a_pour_posologie,TRAITEMENT,POSOLOGIE,0.5,posologie,2,2
C_000748,img20250709_16562087_trace_sepsis_V1.6-V6.5-SELECTIVE_PRECISION.json,WEAK,P2_E027,POSOLOGIE,3 jours | posologie,2,traitement_a_pour_posologie,TRAITEMENT,POSOLOGIE,0.5,posologie,10,9
C_000749,img20250709_16562087_trace_sepsis_V1.6-V6.5-SELECTIVE_PRECISION.json,WEAK,P3_E036,POSOLOGIE,82 g | posologie,3,traitement_a_pour_posologie,TRAITEMENT,POSOLOGIE,0.5,posologie,10,9
C_000750,img20250709_16562087_trace_sepsis_V1.6-V6.5-SELECTIVE_PRECISION.json,WEAK,P4_E008,TRAITEMENT,tazocilline | antibiotique,4,antibiotique_inadequat_pour,TRAITEMENT,MICRO_ORGANISME,0.5,antibiotique,10,2
C_000751,img20250709_16562087_trace_sepsis_V1.6-V6.5-SELECTIVE_PRECISION.json,WEAK,P4_E009,TRAITEMENT,amiklin | antibiotique,4,antibiotique_inadequat_pour,TRAITEMENT,MICRO_ORGANISME,0.5,antibiotique,10,2
C_000752,img20250709_16562087_trace_sepsis_V1.6-V6.5-SELECTIVE_PRECISION.json,WEAK,P4_E010,POSOLOGIE,7 jours de tazocilline et ‘amiklin | 7 jours | 7 | duree_traitement,4,traitement_administre_a,TRAITEMENT,DONNEE_PATIENT,0.5,traitement,10,5
C_000753,img20250709_16562087_trace_sepsis_V1.6-V6.5-SELECTIVE_PRECISION.json,WEAK,P4_E011,TRAITEMENT,tienam | antibiotique,4,antibiotique_inadequat_pour,TRAITEMENT,MICRO_ORGANISME,0.5,antibiotique,10,2
C_000754,img20250709_16562087_trace_sepsis_V1.6-V6.5-SELECTIVE_PRECISION.json,WEAK,P4_E012,TRAITEMENT,fortum | antibiotique,4,antibiotique_inadequat_pour,TRAITEMENT,MICRO_ORGANISME,0.5,antibiotique,10,2
C_000755,img20250709_16562087_trace_sepsis_V1.6-V6.5-SELECTIVE_PRECISION.json,WEAK,P4_E013,TRAITEMENT,claventin | antibiotique,4,antibiotique_inadequat_pour,TRAITEMENT,MICRO_ORGANISME,0.5,antibiotique,10,2
C_000756,img20250709_16562087_trace_sepsis_V1.6-V6.5-SELECTIVE_PRECISION.json,WEAK,P4_E014,POSOLOGIE,2 jours de tienam/amiklin | 2 jours | 2 | duree_traitement,4,traitement_administre_a,TRAITEMENT,DONNEE_PATIENT,0.5,traitement,10,5
C_000757,img20250709_16562087_trace_sepsis_V1.6-V6.5-SELECTIVE_PRECISION.json,WEAK,P4_E015,POSOLOGIE,puis 4 jours de claventin | 4 jours | 4 | duree_traitement,4,traitement_administre_a,TRAITEMENT,DONNEE_PATIENT,0.5,traitement,10,5
C_000758,img20250709_16562087_trace_sepsis_V1.6-V6.5-SELECTIVE_PRECISION.json,WEAK,P4_E017,POSOLOGIE,Traitement 15 jours par claventin | 15 jours | 15 | duree_traitement,4,traitement_administre_a,TRAITEMENT,DONNEE_PATIENT,0.5,traitement,10,5
C_000759,img20250709_16562087_trace_sepsis_V1.6-V6.5-SELECTIVE_PRECISION.json,WEAK,P4_E023,TRAITEMENT,3 jours d'antibioprophylaxie par augmentin | augmentin | antibiotique,4,antibiotique_inadequat_pour,TRAITEMENT,MICRO_ORGANISME,0.5,antibiotique,10,2
C_000760,img20250709_16562087_trace_sepsis_V1.6-V6.5-SELECTIVE_PRECISION.json,WEAK,P4_E024,POSOLOGIE,3 jours d'antibioprophylaxie par augmentin | 3 jours | 3 | duree_traitement,4,traitement_administre_a,TRAITEMENT,DONNEE_PATIENT,0.5,traitement,10,5
C_000761,img20250709_16573733_trace_sepsis_V1.6-V6.5-SELECTIVE_PRECISION.json,WEAK,P2_E008,TRAITEMENT,Tazocilline | antibiotique,2,antibiotique_inadequat_pour,TRAITEMENT,MICRO_ORGANISME,0.5,antibiotique,10,1
C_000762,img20250709_16573733_trace_sepsis_V1.6-V6.5-SELECTIVE_PRECISION.json,WEAK,P2_E009,TRAITEMENT,Amiklin | antibiotique,2,antibiotique_inadequat_pour,TRAITEMENT,MICRO_ORGANISME,0.5,antibiotique,10,1
C_000763,img20250709_16573733_trace_sepsis_V1.6-V6.5-SELECTIVE_PRECISION.json,WEAK,P2_E043,POSOLOGIE,Reprise chirurgicale (Pr Faye) : drainage mise à plat de la cellulite abdominale (durée 2h) | durée 2h | 2 | duree_traitement,2,traitement_administre_a,TRAITEMENT,DONNEE_PATIENT,0.5,traitement,10,1
C_000764,img20250709_16573733_trace_sepsis_V1.6-V6.5-SELECTIVE_PRECISION.json,WEAK,P2_E055,POSOLOGIE,7.2G | posologie,2,traitement_a_pour_posologie,TRAITEMENT,POSOLOGIE,0.5,posologie,10,4
C_000765,img20250709_16573733_trace_sepsis_V1.6-V6.5-SELECTIVE_PRECISION.json,WEAK,P2_E056,POSOLOGIE,10.6g | posologie,2,traitement_a_pour_posologie,TRAITEMENT,POSOLOGIE,0.5,posologie,10,4
C_000766,img20250709_16573733_trace_sepsis_V1.6-V6.5-SELECTIVE_PRECISION.json,WEAK,P2_E060,BIOMARQUEUR,GB = 7 | autre_biomarqueur,2,biomarqueur_obtenu_a,BIOMARQUEUR,EVENEMENT_TEMPOREL,0.5,biomarqueur,10,9
C_000767,img20250709_16573733_trace_sepsis_V1.6-V6.5-SELECTIVE_PRECISION.json,WEAK,P3_E052,POSOLOGIE,82 g | posologie,3,traitement_a_pour_posologie,TRAITEMENT,POSOLOGIE,0.5,posologie,2,1
C_000768,img20250709_16573733_trace_sepsis_V1.6-V6.5-SELECTIVE_PRECISION.json,WEAK,P4_E043,BIOMARQUEUR,Cortisol T0 min 1059 | autre_biomarqueur,4,biomarqueur_obtenu_a,BIOMARQUEUR,EVENEMENT_TEMPOREL,0.5,biomarqueur,10,2
C_000769,img20250709_16573733_trace_sepsis_V1.6-V6.5-SELECTIVE_PRECISION.json,WEAK,P4_E044,BIOMARQUEUR,Cortisol T60 min 1220 | autre_biomarqueur,4,biomarqueur_obtenu_a,BIOMARQUEUR,EVENEMENT_TEMPOREL,0.5,biomarqueur,10,2
C_000770,img20250709_16573733_trace_sepsis_V1.6-V6.5-SELECTIVE_PRECISION.json,WEAK,P4_E045,BIOMARQUEUR,Ratio Patient/Témoin 1.33 | autre_biomarqueur,4,biomarqueur_obtenu_a,BIOMARQUEUR,EVENEMENT_TEMPOREL,0.5,biomarqueur,10,2
C_000771,img20250709_16573733_trace_sepsis_V1.6-V6.5-SELECTIVE_PRECISION.json,WEAK,P5_E008,TRAITEMENT,Poursuite antibiothérapie par Tazocilline | antibiothérapie | antibiotique,5,antibiotique_inadequat_pour,TRAITEMENT,MICRO_ORGANISME,0.5,antibiotique,10,1
C_000772,img20250709_16573733_trace_sepsis_V1.6-V6.5-SELECTIVE_PRECISION.json,WEAK,P5_E009,TRAITEMENT,amikacine | antibiotique,5,antibiotique_inadequat_pour,TRAITEMENT,MICRO_ORGANISME,0.5,antibiotique,10,1
C_000773,img20250709_16573733_trace_sepsis_V1.6-V6.5-SELECTIVE_PRECISION.json,WEAK,P5_E010,TRAITEMENT,ajout de métronidazole | métronidazole | antibiotique,5,antibiotique_inadequat_pour,TRAITEMENT,MICRO_ORGANISME,0.5,antibiotique,10,1
C_000774,img20250709_16573733_trace_sepsis_V1.6-V6.5-SELECTIVE_PRECISION.json,WEAK,P5_E021,POSOLOGIE,pour une durée totale de 11 jours | durée totale de 11 jours | 11 | duree_traitement,5,traitement_administre_a,TRAITEMENT,DONNEE_PATIENT,0.5,traitement,10,2
C_000775,img20250709_16573733_trace_sepsis_V1.6-V6.5-SELECTIVE_PRECISION.json,WEAK,P5_E045,POSOLOGIE,7.4g | posologie,5,traitement_a_pour_posologie,TRAITEMENT,POSOLOGIE,0.5,posologie,10,4
C_000776,img20250709_16573733_trace_sepsis_V1.6-V6.5-SELECTIVE_PRECISION.json,WEAK,P5_E046,POSOLOGIE,3 jours | posologie,5,traitement_a_pour_posologie,TRAITEMENT,POSOLOGIE,0.5,posologie,10,4
C_000777,img20250709_16573733_trace_sepsis_V1.6-V6.5-SELECTIVE_PRECISION.json,WEAK,P6_E002,POSOLOGIE,Levothyrox 12.5microg/jour | 12.5microg/jour | duree_traitement,6,traitement_administre_a,TRAITEMENT,DONNEE_PATIENT,0.5,traitement,10,1
C_000778,img20250709_16573733_trace_sepsis_V1.6-V6.5-SELECTIVE_PRECISION.json,WEAK,P6_E043,POSOLOGIE,500 ml | posologie,6,traitement_a_pour_posologie,TRAITEMENT,POSOLOGIE,0.5,posologie,10,10
C_000779,img20250709_16583921_trace_sepsis_V1.6-V6.5-SELECTIVE_PRECISION.json,WEAK,P1_E002,TRAITEMENT,Keppra | traitement_habituel,1,traitement_administre_a,TRAITEMENT,DONNEE_PATIENT,0.5,traitement,10,2
C_000780,img20250709_16583921_trace_sepsis_V1.6-V6.5-SELECTIVE_PRECISION.json,WEAK,P2_E035,POSOLOGIE,1 mg | posologie,2,traitement_a_pour_posologie,TRAITEMENT,POSOLOGIE,0.5,posologie,5,7
C_000781,img20250709_16583921_trace_sepsis_V1.6-V6.5-SELECTIVE_PRECISION.json,WEAK,P2_E036,POSOLOGIE,1600 mg | posologie,2,traitement_a_pour_posologie,TRAITEMENT,POSOLOGIE,0.5,posologie,5,7
C_000782,img20250709_16583921_trace_sepsis_V1.6-V6.5-SELECTIVE_PRECISION.json,WEAK,P2_E038,SIGNE_VITAL,FC (bpm) : 97 | signe_vital,2,signe_vital_supporte_defaillance_organe,SIGNE_VITAL,DEFAILLANCE_ORGANE,0.48,signe | vital,10,1
C_000783,img20250709_16583921_trace_sepsis_V1.6-V6.5-SELECTIVE_PRECISION.json,WEAK,P3_E043,POSOLOGIE,82 g | posologie,3,traitement_a_pour_posologie,TRAITEMENT,POSOLOGIE,0.5,posologie,10,1
C_000784,img20250709_16583921_trace_sepsis_V1.6-V6.5-SELECTIVE_PRECISION.json,WEAK,P3_E047,BIOMARQUEUR,pO2/T° patient 24.90 | autre_biomarqueur,3,biomarqueur_obtenu_a,BIOMARQUEUR,EVENEMENT_TEMPOREL,0.5,biomarqueur,10,10
C_000785,img20250709_16583921_trace_sepsis_V1.6-V6.5-SELECTIVE_PRECISION.json,WEAK,P3_E049,BIOMARQUEUR,Ratio Patient/Témoin 0.70 | autre_biomarqueur,3,biomarqueur_obtenu_a,BIOMARQUEUR,EVENEMENT_TEMPOREL,0.5,biomarqueur,10,10
C_000786,img20250709_16583921_trace_sepsis_V1.6-V6.5-SELECTIVE_PRECISION.json,WEAK,P4_E012,TRAITEMENT,Tazocilline | antibiotique,4,antibiotique_inadequat_pour,TRAITEMENT,MICRO_ORGANISME,0.5,antibiotique,5,3
C_000787,img20250709_16583921_trace_sepsis_V1.6-V6.5-SELECTIVE_PRECISION.json,WEAK,P4_E013,TRAITEMENT,Amiklin | antibiotique,4,antibiotique_inadequat_pour,TRAITEMENT,MICRO_ORGANISME,0.5,antibiotique,5,3
C_000788,img20250709_16583921_trace_sepsis_V1.6-V6.5-SELECTIVE_PRECISION.json,WEAK,P5_E006,TRAITEMENT,Tazocilline | antibiotique,5,antibiotique_inadequat_pour,TRAITEMENT,MICRO_ORGANISME,0.5,antibiotique,10,2
C_000789,img20250709_16583921_trace_sepsis_V1.6-V6.5-SELECTIVE_PRECISION.json,WEAK,P5_E007,TRAITEMENT,Amiklin | antibiotique,5,antibiotique_inadequat_pour,TRAITEMENT,MICRO_ORGANISME,0.5,antibiotique,10,2
C_000790,img20250709_16583921_trace_sepsis_V1.6-V6.5-SELECTIVE_PRECISION.json,WEAK,P5_E008,POSOLOGIE,Amiklin 7 jours | 7 jours | 7 | duree_traitement,5,traitement_administre_a,TRAITEMENT,DONNEE_PATIENT,0.5,traitement,10,3
C_000791,img20250709_16583921_trace_sepsis_V1.6-V6.5-SELECTIVE_PRECISION.json,WEAK,P5_E017,TRAITEMENT,traitement habituel par Keppra | Keppra | autre,5,traitement_administre_a,TRAITEMENT,DONNEE_PATIENT,0.5,traitement,10,3
C_000792,img20250709_16583921_trace_sepsis_V1.6-V6.5-SELECTIVE_PRECISION.json,WEAK,P5_E027,TRAITEMENT,traitement par Valium | Valium | autre,5,traitement_administre_a,TRAITEMENT,DONNEE_PATIENT,0.5,traitement,10,3
C_000793,img20250709_16583921_trace_sepsis_V1.6-V6.5-SELECTIVE_PRECISION.json,WEAK,P5_E034,TRAITEMENT,traitement par IPP IVSE | IPP | autre,5,traitement_administre_a,TRAITEMENT,DONNEE_PATIENT,0.5,traitement,10,3
C_000794,img20250709_16583921_trace_sepsis_V1.6-V6.5-SELECTIVE_PRECISION.json,WEAK,P5_E039,TRAITEMENT,Claventin | antibiotique,5,antibiotique_inadequat_pour,TRAITEMENT,MICRO_ORGANISME,0.5,antibiotique,10,2
C_000795,img20250709_16583921_trace_sepsis_V1.6-V6.5-SELECTIVE_PRECISION.json,WEAK,P5_E073,POSOLOGIE,9 g | posologie,5,traitement_a_pour_posologie,TRAITEMENT,POSOLOGIE,0.5,posologie,10,5
C_000796,img20250709_16583921_trace_sepsis_V1.6-V6.5-SELECTIVE_PRECISION.json,WEAK,P5_E074,POSOLOGIE,3 jours | posologie,5,traitement_a_pour_posologie,TRAITEMENT,POSOLOGIE,0.5,posologie,10,5
C_000797,img20250709_16583921_trace_sepsis_V1.6-V6.5-SELECTIVE_PRECISION.json,WEAK,P6_E003,POSOLOGIE,15 Kg | 15 | duree_traitement,6,traitement_administre_a,TRAITEMENT,DONNEE_PATIENT,0.5,traitement,9,9
C_000798,img20250709_16583921_trace_sepsis_V1.6-V6.5-SELECTIVE_PRECISION.json,WEAK,P6_E006,TRAITEMENT,antibiotique,6,antibiotique_inadequat_pour,TRAITEMENT,MICRO_ORGANISME,0.5,antibiotique,8,1
C_000799,img20250709_16583921_trace_sepsis_V1.6-V6.5-SELECTIVE_PRECISION.json,WEAK,P6_E017,POSOLOGIE,21 mg | 21 | duree_traitement,6,traitement_administre_a,TRAITEMENT,DONNEE_PATIENT,0.5,traitement,9,9
C_000800,img20250709_16583921_trace_sepsis_V1.6-V6.5-SELECTIVE_PRECISION.json,WEAK,P6_E025,POSOLOGIE,"0,5 L | posologie",6,traitement_a_pour_posologie,TRAITEMENT,POSOLOGIE,0.5,posologie,9,6
C_000801,img20250709_17005010_trace_sepsis_V1.6-V6.5-SELECTIVE_PRECISION.json,WEAK,P1_E021,TRAITEMENT,Tazocilline | antibiotique,1,antibiotique_inadequat_pour,TRAITEMENT,MICRO_ORGANISME,0.5,antibiotique,8,2
C_000802,img20250709_17005010_trace_sepsis_V1.6-V6.5-SELECTIVE_PRECISION.json,WEAK,P1_E022,TRAITEMENT,Flagyl | antibiotique,1,antibiotique_inadequat_pour,TRAITEMENT,MICRO_ORGANISME,0.5,antibiotique,8,2
C_000803,img20250709_17005010_trace_sepsis_V1.6-V6.5-SELECTIVE_PRECISION.json,WEAK,P1_E023,TRAITEMENT,gentamycine | antibiotique,1,antibiotique_inadequat_pour,TRAITEMENT,MICRO_ORGANISME,0.5,antibiotique,8,2
C_000804,img20250709_17005010_trace_sepsis_V1.6-V6.5-SELECTIVE_PRECISION.json,WEAK,P1_E032,POSOLOGIE,"4,2 g | posologie",1,traitement_a_pour_posologie,TRAITEMENT,POSOLOGIE,0.5,posologie,9,3
C_000805,img20250709_17005010_trace_sepsis_V1.6-V6.5-SELECTIVE_PRECISION.json,WEAK,P1_E034,POSOLOGIE,1-0-0 | posologie,1,traitement_a_pour_posologie,TRAITEMENT,POSOLOGIE,0.5,posologie,9,3
C_000806,img20250709_17005010_trace_sepsis_V1.6-V6.5-SELECTIVE_PRECISION.json,WEAK,P1_E035,POSOLOGIE,1-0-1 | posologie,1,traitement_a_pour_posologie,TRAITEMENT,POSOLOGIE,0.5,posologie,9,3
C_000807,img20250709_17005010_trace_sepsis_V1.6-V6.5-SELECTIVE_PRECISION.json,WEAK,P2_E001,TRAITEMENT,Tazocilline | antibiotique,2,antibiotique_inadequat_pour,TRAITEMENT,MICRO_ORGANISME,0.5,antibiotique,6,2
C_000808,img20250709_17005010_trace_sepsis_V1.6-V6.5-SELECTIVE_PRECISION.json,WEAK,P2_E003,TRAITEMENT,Flagyl | antibiotique,2,antibiotique_inadequat_pour,TRAITEMENT,MICRO_ORGANISME,0.5,antibiotique,6,2
C_000809,img20250709_17005010_trace_sepsis_V1.6-V6.5-SELECTIVE_PRECISION.json,WEAK,P2_E005,TRAITEMENT,gentamycine | antibiotique,2,antibiotique_inadequat_pour,TRAITEMENT,MICRO_ORGANISME,0.5,antibiotique,6,2
C_000810,img20250709_17005010_trace_sepsis_V1.6-V6.5-SELECTIVE_PRECISION.json,WEAK,P3_E037,POSOLOGIE,82 g | posologie,3,traitement_a_pour_posologie,TRAITEMENT,POSOLOGIE,0.5,posologie,10,1
C_000811,img20250709_17005010_trace_sepsis_V1.6-V6.5-SELECTIVE_PRECISION.json,WEAK,P3_E038,BIOMARQUEUR,pCO2/T° patient 4.42 | autre_biomarqueur,3,biomarqueur_obtenu_a,BIOMARQUEUR,EVENEMENT_TEMPOREL,0.5,biomarqueur,10,5
C_000812,img20250709_17005010_trace_sepsis_V1.6-V6.5-SELECTIVE_PRECISION.json,WEAK,P4_E008,TRAITEMENT,Tazocilline | antibiotique,4,antibiotique_inadequat_pour,TRAITEMENT,MICRO_ORGANISME,0.5,antibiotique,10,2
C_000813,img20250709_17005010_trace_sepsis_V1.6-V6.5-SELECTIVE_PRECISION.json,WEAK,P4_E009,TRAITEMENT,gentamycine | antibiotique,4,antibiotique_inadequat_pour,TRAITEMENT,MICRO_ORGANISME,0.5,antibiotique,10,2
C_000814,img20250709_17005010_trace_sepsis_V1.6-V6.5-SELECTIVE_PRECISION.json,WEAK,P4_E010,TRAITEMENT,Flagyl | antibiotique,4,antibiotique_inadequat_pour,TRAITEMENT,MICRO_ORGANISME,0.5,antibiotique,10,2
C_000815,img20250709_17005010_trace_sepsis_V1.6-V6.5-SELECTIVE_PRECISION.json,WEAK,P4_E034,POSOLOGIE,7l | posologie,4,traitement_a_pour_posologie,TRAITEMENT,POSOLOGIE,0.5,posologie,10,10
