document,relation_id,relation_type,mismatch_kind,source_id,source_text,source_type_observed,source_type_expected,target_id,target_text,target_type_observed,target_type_expected
img20250709_16142502_trace_sepsis_V1.6-V6.5-SELECTIVE_PRECISION.json,R_V69K_00096,traitement_administre_a,TARGET_MISMATCH,P6_E028,amykacine | antibiotique,TRAITEMENT,TRAITEMENT,P6_E017,nouvel épisode de choc septique | choc_septique,LABEL_NOSOLOGIQUE,DONNEE_PATIENT
img20250709_16154161_trace_sepsis_V1.6-V6.5-SELECTIVE_PRECISION.json,R_V69K_00107,presente_symptome,TARGET_MISMATCH,P2_E029,extrémités chaudes | extremites_froides,DONNEE_PATIENT,DONNEE_PATIENT,P2_E038,Le patient | patient,DONNEE_PATIENT,SYMPTOME
img20250709_16154161_trace_sepsis_V1.6-V6.5-SELECTIVE_PRECISION.json,R_V69K_00108,presente_symptome,TARGET_MISMATCH,P2_E050,souffle perçus | souffle_perçus,DONNEE_PATIENT,DONNEE_PATIENT,P2_E038,Le patient | patient,DONNEE_PATIENT,SYMPTOME
img20250709_16183704_trace_sepsis_V1.6-V6.5-SELECTIVE_PRECISION.json,R_V69K_00093,presente_symptome,TARGET_MISMATCH,P5_E033,Patient de 57 ans | 57 | age,DONNEE_PATIENT,DONNEE_PATIENT,P5_E014,oxygénodépendant | SpO2,SIGNE_VITAL,SYMPTOME
img20250709_16190789_trace_sepsis_V1.6-V6.5-SELECTIVE_PRECISION.json,R_V69K_00007,traitement_administre_a,TARGET_MISMATCH,P2_E020,Une corticothérapie intraveineuse à forte dose est débutée | corticothérapie intraveineuse | corticoide,TRAITEMENT,TRAITEMENT,P2_E034,Le patient | patient,SYMPTOME,DONNEE_PATIENT
img20250709_16190789_trace_sepsis_V1.6-V6.5-SELECTIVE_PRECISION.json,R_V69K_00008,service_medical_accueille,TARGET_MISMATCH,P2_E022,réanimation à Garches | réanimation,SERVICE_MEDICAL,SERVICE_MEDICAL,P2_E034,Le patient | patient,SYMPTOME,DONNEE_PATIENT
img20250709_16190789_trace_sepsis_V1.6-V6.5-SELECTIVE_PRECISION.json,R_V69K_00009,presente_symptome,SOURCE_MISMATCH,P2_E034,Le patient | patient,SYMPTOME,DONNEE_PATIENT,P2_E007,paresthésies des 4 membres | paresthesies,SYMPTOME,SYMPTOME
img20250709_16190789_trace_sepsis_V1.6-V6.5-SELECTIVE_PRECISION.json,R_V69K_00010,presente_symptome,SOURCE_MISMATCH,P2_E034,Le patient | patient,SYMPTOME,DONNEE_PATIENT,P2_E008,parésie | parese,SYMPTOME,SYMPTOME
img20250709_16190789_trace_sepsis_V1.6-V6.5-SELECTIVE_PRECISION.json,R_V69K_00011,presente_symptome,SOURCE_MISMATCH,P2_E034,Le patient | patient,SYMPTOME,DONNEE_PATIENT,P2_E009,perte de la marche | perte_marche,SYMPTOME,SYMPTOME
img20250709_16190789_trace_sepsis_V1.6-V6.5-SELECTIVE_PRECISION.json,R_V69K_00012,presente_symptome,SOURCE_MISMATCH,P2_E034,Le patient | patient,SYMPTOME,DONNEE_PATIENT,P2_E010,trouble de la déglutition | trouble_deglutition,SYMPTOME,SYMPTOME
img20250709_16190789_trace_sepsis_V1.6-V6.5-SELECTIVE_PRECISION.json,R_V69K_00013,presente_symptome,SOURCE_MISMATCH,P2_E034,Le patient | patient,SYMPTOME,DONNEE_PATIENT,P2_E011,hypoesthésie | hypoesthesie,SYMPTOME,SYMPTOME
img20250709_16190789_trace_sepsis_V1.6-V6.5-SELECTIVE_PRECISION.json,R_V69K_00014,presente_symptome,SOURCE_MISMATCH,P2_E034,Le patient | patient,SYMPTOME,DONNEE_PATIENT,P2_E012,"paresthésies des 2 mains, des 2 pieds et du pénis | paresthesies",SYMPTOME,SYMPTOME
img20250709_16190789_trace_sepsis_V1.6-V6.5-SELECTIVE_PRECISION.json,R_V69K_00015,presente_symptome,SOURCE_MISMATCH,P2_E034,Le patient | patient,SYMPTOME,DONNEE_PATIENT,P2_E026,sensation de peau cartonnée des 4 membres | sensation_peau_cartonnee,SYMPTOME,SYMPTOME
img20250709_16190789_trace_sepsis_V1.6-V6.5-SELECTIVE_PRECISION.json,R_V69K_00016,presente_symptome,SOURCE_MISMATCH,P2_E034,Le patient | patient,SYMPTOME,DONNEE_PATIENT,P2_E027,trouble du tact épicritique | trouble_tact_epicritique,SYMPTOME,SYMPTOME
img20250709_16190789_trace_sepsis_V1.6-V6.5-SELECTIVE_PRECISION.json,R_V69K_00017,service_medical_accueille,TARGET_MISMATCH,P2_E036,hôpital Mondor le,SERVICE_MEDICAL,SERVICE_MEDICAL,P2_E034,Le patient | patient,SYMPTOME,DONNEE_PATIENT
img20250709_16190789_trace_sepsis_V1.6-V6.5-SELECTIVE_PRECISION.json,R_V69K_00098,a_pour_contexte_acquisition,SOURCE_MISMATCH,P6_E038,Le patient | patient,DONNEE_PATIENT,COMORBIDITE_ANTECEDENT,P6_E029,infection nosocomiale : oui | nosocomial,CONTEXTE_ACQUISITION,CONTEXTE_ACQUISITION
img20250709_16190789_trace_sepsis_V1.6-V6.5-SELECTIVE_PRECISION.json,R_V69K_00103,presente_symptome,BOTH_MISMATCH,P2_E034,Le patient | patient,SYMPTOME,DONNEE_PATIENT,P5_E003,déficit sensitivomoteur complet des 4 membres | deficit_sensitivo_moteur,DEFAILLANCE_ORGANE,SYMPTOME
img20250709_16190789_trace_sepsis_V1.6-V6.5-SELECTIVE_PRECISION.json,R_V69K_00107,a_pour_contexte_acquisition,SOURCE_MISMATCH,P2_E034,Le patient | patient,SYMPTOME,COMORBIDITE_ANTECEDENT,P6_E030,portage de bactéries multirésistantes : oui | portage_bacteries_multiresistantes,CONTEXTE_ACQUISITION,CONTEXTE_ACQUISITION
img20250709_16193836_trace_sepsis_V1.6-V6.5-SELECTIVE_PRECISION.json,R_V69K_00014,presente_suspicion_infection,SOURCE_MISMATCH,P2_E046,Patient | patient,SYMPTOME,DONNEE_PATIENT,P2_E007,infection urinaire haute à proteus mirabilis et enterococcus faecalis,FOYER_INFECTIEUX,FOYER_INFECTIEUX
img20250709_16193836_trace_sepsis_V1.6-V6.5-SELECTIVE_PRECISION.json,R_V69K_00015,presente_dysfonction_organe,SOURCE_MISMATCH,P2_E046,Patient | patient,SYMPTOME,DONNEE_PATIENT,P2_E021,insuffisance rénale aiguë | renal,DEFAILLANCE_ORGANE,DEFAILLANCE_ORGANE
img20250709_16193836_trace_sepsis_V1.6-V6.5-SELECTIVE_PRECISION.json,R_V69K_00016,presente_symptome,SOURCE_MISMATCH,P2_E046,Patient | patient,SYMPTOME,DONNEE_PATIENT,P2_E037,SFU,SYMPTOME,SYMPTOME
img20250709_16193836_trace_sepsis_V1.6-V6.5-SELECTIVE_PRECISION.json,R_V69K_00017,presente_symptome,SOURCE_MISMATCH,P2_E046,Patient | patient,SYMPTOME,DONNEE_PATIENT,P2_E035,toux productive | toux,SYMPTOME,SYMPTOME
img20250709_16193836_trace_sepsis_V1.6-V6.5-SELECTIVE_PRECISION.json,R_V69K_00018,presente_symptome,SOURCE_MISMATCH,P2_E046,Patient | patient,SYMPTOME,DONNEE_PATIENT,P2_E036,crépitants en base pulmonaire gauche | crepitants,SYMPTOME,SYMPTOME
img20250709_16193836_trace_sepsis_V1.6-V6.5-SELECTIVE_PRECISION.json,R_V69K_00019,presente_symptome,SOURCE_MISMATCH,P2_E046,Patient | patient,SYMPTOME,DONNEE_PATIENT,P2_E038,syndrome confusionnel | syndrome_confusionnel,SYMPTOME,SYMPTOME
img20250709_16193836_trace_sepsis_V1.6-V6.5-SELECTIVE_PRECISION.json,R_V69K_00020,presente_symptome,SOURCE_MISMATCH,P2_E046,Patient | patient,SYMPTOME,DONNEE_PATIENT,P2_E014,marbrures,SYMPTOME,SYMPTOME
img20250709_16193836_trace_sepsis_V1.6-V6.5-SELECTIVE_PRECISION.json,R_V69K_00021,presente_symptome,SOURCE_MISMATCH,P2_E046,Patient | patient,SYMPTOME,DONNEE_PATIENT,P2_E026,oligurie,SYMPTOME,SYMPTOME
img20250709_16193836_trace_sepsis_V1.6-V6.5-SELECTIVE_PRECISION.json,R_V69K_00022,presente_symptome,SOURCE_MISMATCH,P2_E046,Patient | patient,SYMPTOME,DONNEE_PATIENT,P2_E060,altération de l’état général | symptome,SYMPTOME,SYMPTOME
img20250709_16193836_trace_sepsis_V1.6-V6.5-SELECTIVE_PRECISION.json,R_V69K_00023,traitement_administre_a,TARGET_MISMATCH,P2_E054,Amiklin | amiklin,TRAITEMENT,TRAITEMENT,P2_E046,Patient | patient,SYMPTOME,DONNEE_PATIENT
img20250709_16193836_trace_sepsis_V1.6-V6.5-SELECTIVE_PRECISION.json,R_V69K_00024,traitement_administre_a,TARGET_MISMATCH,P2_E015,remplissage vasculaire de 1000cc de sérum physiologique | remplissage vasculaire | remplissage_vasculaire,TRAITEMENT,TRAITEMENT,P2_E046,Patient | patient,SYMPTOME,DONNEE_PATIENT
img20250709_16193836_trace_sepsis_V1.6-V6.5-SELECTIVE_PRECISION.json,R_V69K_00025,traitement_administre_a,TARGET_MISMATCH,P2_E028,remplissage par sérum physiologique 500 ml | remplissage_vasculaire,TRAITEMENT,TRAITEMENT,P2_E046,Patient | patient,SYMPTOME,DONNEE_PATIENT
img20250709_16193836_trace_sepsis_V1.6-V6.5-SELECTIVE_PRECISION.json,R_V69K_00028,service_medical_accueille,TARGET_MISMATCH,P2_E012,service de maladies infectieuses,SERVICE_MEDICAL,SERVICE_MEDICAL,P2_E046,Patient | patient,SYMPTOME,DONNEE_PATIENT
img20250709_16193836_trace_sepsis_V1.6-V6.5-SELECTIVE_PRECISION.json,R_V69K_00029,a_pour_label_nosologique,SOURCE_MISMATCH,P2_E046,Patient | patient,SYMPTOME,DONNEE_PATIENT,P2_E025,sepsis sévère | sepsis_severe,LABEL_NOSOLOGIQUE,LABEL_NOSOLOGIQUE
img20250709_16193836_trace_sepsis_V1.6-V6.5-SELECTIVE_PRECISION.json,R_V69K_00030,presente_symptome,BOTH_MISMATCH,P2_E046,Patient | patient,SYMPTOME,DONNEE_PATIENT,P2_E044,ralentissement psychomoteur | autre,DEFAILLANCE_ORGANE,SYMPTOME
img20250709_16193836_trace_sepsis_V1.6-V6.5-SELECTIVE_PRECISION.json,R_V69K_00031,presente_symptome,SOURCE_MISMATCH,P2_E046,Patient | patient,SYMPTOME,DONNEE_PATIENT,P2_E003,perte d'autonomie avec perte de la marche | perte_poids,SYMPTOME,SYMPTOME
img20250709_16193836_trace_sepsis_V1.6-V6.5-SELECTIVE_PRECISION.json,R_V69K_00032,presente_symptome,SOURCE_MISMATCH,P2_E046,Patient | patient,SYMPTOME,DONNEE_PATIENT,P2_E004,lombalgies chroniques | douleur_lombaire,SYMPTOME,SYMPTOME
img20250709_16193836_trace_sepsis_V1.6-V6.5-SELECTIVE_PRECISION.json,R_V69K_00033,service_medical_accueille,TARGET_MISMATCH,P2_E009,service de médecine et SSR | SSR,SERVICE_MEDICAL,SERVICE_MEDICAL,P2_E046,Patient | patient,SYMPTOME,DONNEE_PATIENT
img20250709_16193836_trace_sepsis_V1.6-V6.5-SELECTIVE_PRECISION.json,R_V69K_00034,service_medical_accueille,TARGET_MISMATCH,P2_E010,Institut Marcel Riviere,SERVICE_MEDICAL,SERVICE_MEDICAL,P2_E046,Patient | patient,SYMPTOME,DONNEE_PATIENT
img20250709_16193836_trace_sepsis_V1.6-V6.5-SELECTIVE_PRECISION.json,R_V69K_00035,service_medical_accueille,TARGET_MISMATCH,P2_E011,centre gériatrique Denis Forestier,SERVICE_MEDICAL,SERVICE_MEDICAL,P2_E046,Patient | patient,SYMPTOME,DONNEE_PATIENT
img20250709_16193836_trace_sepsis_V1.6-V6.5-SELECTIVE_PRECISION.json,R_V69K_00036,traitement_administre_a,TARGET_MISMATCH,P2_E002,hormonothérapie (Zytiga) | Zytiga | traitement_habituel,TRAITEMENT,TRAITEMENT,P2_E046,Patient | patient,SYMPTOME,DONNEE_PATIENT
img20250709_16201504_trace_sepsis_V1.6-V6.5-SELECTIVE_PRECISION.json,R_V69K_00138,presente_symptome,TARGET_MISMATCH,P1_E016,Patient | patient,DONNEE_PATIENT,DONNEE_PATIENT,P2_E016,fébrile à 40° | 40 | temperature_corporelle,SIGNE_VITAL,SYMPTOME
img20250709_16205810_trace_sepsis_V1.6-V6.5-SELECTIVE_PRECISION.json,R_V69K_00001,presente_dysfonction_organe,SOURCE_MISMATCH,P1_E028,Patient | patient,SYMPTOME,DONNEE_PATIENT,P1_E026,Detresse respiratoire aigue | respiratoire,DEFAILLANCE_ORGANE,DEFAILLANCE_ORGANE
img20250709_16205810_trace_sepsis_V1.6-V6.5-SELECTIVE_PRECISION.json,R_V69K_00002,traitement_administre_a,TARGET_MISMATCH,P1_E016,Symbicort | traitement_habituel,TRAITEMENT,TRAITEMENT,P1_E028,Patient | patient,SYMPTOME,DONNEE_PATIENT
img20250709_16205810_trace_sepsis_V1.6-V6.5-SELECTIVE_PRECISION.json,R_V69K_00004,traitement_administre_a,TARGET_MISMATCH,P1_E018,Bricanyl | traitement_habituel,TRAITEMENT,TRAITEMENT,P1_E028,Patient | patient,SYMPTOME,DONNEE_PATIENT
img20250709_16205810_trace_sepsis_V1.6-V6.5-SELECTIVE_PRECISION.json,R_V69K_00005,traitement_administre_a,TARGET_MISMATCH,P1_E020,Singulair | traitement_habituel,TRAITEMENT,TRAITEMENT,P1_E028,Patient | patient,SYMPTOME,DONNEE_PATIENT
img20250709_16205810_trace_sepsis_V1.6-V6.5-SELECTIVE_PRECISION.json,R_V69K_00007,traitement_administre_a,TARGET_MISMATCH,P1_E022,triatec | traitement_habituel,TRAITEMENT,TRAITEMENT,P1_E028,Patient | patient,SYMPTOME,DONNEE_PATIENT
img20250709_16205810_trace_sepsis_V1.6-V6.5-SELECTIVE_PRECISION.json,R_V69K_00009,traitement_administre_a,TARGET_MISMATCH,P1_E024,Doliprane | traitement_habituel,TRAITEMENT,TRAITEMENT,P1_E028,Patient | patient,SYMPTOME,DONNEE_PATIENT
img20250709_16205810_trace_sepsis_V1.6-V6.5-SELECTIVE_PRECISION.json,R_V69K_00010,traitement_administre_a,TARGET_MISMATCH,P1_E030,oxygénothérapie,TRAITEMENT,TRAITEMENT,P1_E028,Patient | patient,SYMPTOME,DONNEE_PATIENT
img20250709_16205810_trace_sepsis_V1.6-V6.5-SELECTIVE_PRECISION.json,R_V69K_00011,presente_suspicion_infection,SOURCE_MISMATCH,P1_E028,Patient | patient,SYMPTOME,DONNEE_PATIENT,P1_E033,Pneumopathie | pneumopathie,FOYER_INFECTIEUX,FOYER_INFECTIEUX
img20250709_16205810_trace_sepsis_V1.6-V6.5-SELECTIVE_PRECISION.json,R_V69K_00060,a_pour_label_nosologique,SOURCE_MISMATCH,P5_E015,Le patient | patient,DEFAILLANCE_ORGANE,DONNEE_PATIENT,P5_E002,choc septique | choc_septique,LABEL_NOSOLOGIQUE,LABEL_NOSOLOGIQUE
img20250709_16205810_trace_sepsis_V1.6-V6.5-SELECTIVE_PRECISION.json,R_V69K_00061,presente_dysfonction_organe,SOURCE_MISMATCH,P5_E015,Le patient | patient,DEFAILLANCE_ORGANE,DONNEE_PATIENT,P5_E003,SDRA | respiratoire,DEFAILLANCE_ORGANE,DEFAILLANCE_ORGANE
img20250709_16205810_trace_sepsis_V1.6-V6.5-SELECTIVE_PRECISION.json,R_V69K_00062,presente_symptome,SOURCE_MISMATCH,P5_E015,Le patient | patient,DEFAILLANCE_ORGANE,DONNEE_PATIENT,P5_E009,vomissement | vomissements,SYMPTOME,SYMPTOME
img20250709_16205810_trace_sepsis_V1.6-V6.5-SELECTIVE_PRECISION.json,R_V69K_00063,presente_symptome,SOURCE_MISMATCH,P5_E015,Le patient | patient,DEFAILLANCE_ORGANE,DONNEE_PATIENT,P5_E012,perte de contact de quelques secondes | perte_de_contact,SYMPTOME,SYMPTOME
img20250709_16205810_trace_sepsis_V1.6-V6.5-SELECTIVE_PRECISION.json,R_V69K_00064,presente_symptome,SOURCE_MISMATCH,P5_E015,Le patient | patient,DEFAILLANCE_ORGANE,DONNEE_PATIENT,P5_E013,seconde perte de contact | perte_de_contact,SYMPTOME,SYMPTOME
img20250709_16205810_trace_sepsis_V1.6-V6.5-SELECTIVE_PRECISION.json,R_V69K_00066,patient_a_pour_evolution,SOURCE_MISMATCH,P5_E015,Le patient | patient,DEFAILLANCE_ORGANE,DONNEE_PATIENT,P5_E019,Décès | evolution_clinique,EVOLUTION_PRONOSTIC,EVOLUTION_PRONOSTIC
img20250709_16205810_trace_sepsis_V1.6-V6.5-SELECTIVE_PRECISION.json,R_V69K_00067,presente_suspicion_infection,SOURCE_MISMATCH,P5_E015,Le patient | patient,DEFAILLANCE_ORGANE,DONNEE_PATIENT,P5_E020,Pneumopathie | pneumopathie,FOYER_INFECTIEUX,FOYER_INFECTIEUX
img20250709_16205810_trace_sepsis_V1.6-V6.5-SELECTIVE_PRECISION.json,R_V69K_00068,traitement_administre_a,TARGET_MISMATCH,P5_E006,diurétiques | diuretique,TRAITEMENT,TRAITEMENT,P5_E015,Le patient | patient,DEFAILLANCE_ORGANE,DONNEE_PATIENT
img20250709_16205810_trace_sepsis_V1.6-V6.5-SELECTIVE_PRECISION.json,R_V69K_00070,traitement_administre_a,TARGET_MISMATCH,P5_E007,IEC | autre,TRAITEMENT,TRAITEMENT,P5_E015,Le patient | patient,DEFAILLANCE_ORGANE,DONNEE_PATIENT
img20250709_16205810_trace_sepsis_V1.6-V6.5-SELECTIVE_PRECISION.json,R_V69K_00071,service_medical_accueille,TARGET_MISMATCH,P5_E016,réanimation,SERVICE_MEDICAL,SERVICE_MEDICAL,P5_E015,Le patient | patient,DEFAILLANCE_ORGANE,DONNEE_PATIENT
img20250709_16205810_trace_sepsis_V1.6-V6.5-SELECTIVE_PRECISION.json,R_V69K_00072,traitement_administre_a,TARGET_MISMATCH,P5_E017,Transfusion sanguine | Transfusion | transfusion_sanguine,TRAITEMENT,TRAITEMENT,P5_E015,Le patient | patient,DEFAILLANCE_ORGANE,DONNEE_PATIENT
img20250709_16205810_trace_sepsis_V1.6-V6.5-SELECTIVE_PRECISION.json,R_V69K_00073,presente_dysfonction_organe,BOTH_MISMATCH,P5_E015,Le patient | patient,DEFAILLANCE_ORGANE,DONNEE_PATIENT,P5_E004,ACR,LABEL_NOSOLOGIQUE,DEFAILLANCE_ORGANE
img20250709_16205810_trace_sepsis_V1.6-V6.5-SELECTIVE_PRECISION.json,R_V69K_00074,a_pour_label_nosologique,SOURCE_MISMATCH,P5_E015,Le patient | patient,DEFAILLANCE_ORGANE,DONNEE_PATIENT,P5_E005,IDM massif | IDM,LABEL_NOSOLOGIQUE,LABEL_NOSOLOGIQUE
img20250709_16205810_trace_sepsis_V1.6-V6.5-SELECTIVE_PRECISION.json,R_V69K_00075,presente_symptome,SOURCE_MISMATCH,P5_E015,Le patient | patient,DEFAILLANCE_ORGANE,DONNEE_PATIENT,P5_E010,prise de poids de 10 kg | 10 | perte_poids,SYMPTOME,SYMPTOME
img20250709_16205810_trace_sepsis_V1.6-V6.5-SELECTIVE_PRECISION.json,R_V69K_00078,presente_symptome,BOTH_MISMATCH,P1_E028,Patient | patient,SYMPTOME,DONNEE_PATIENT,P2_E034,tachycardie sinusale | frequence_cardiaque,SIGNE_VITAL,SYMPTOME
img20250709_16205810_trace_sepsis_V1.6-V6.5-SELECTIVE_PRECISION.json,R_V69K_00079,imagerie_objective_comorbidite,TARGET_MISMATCH,P4_E034,TDM cérébral | TDM,IMAGERIE_PROCEDURE,IMAGERIE_PROCEDURE,P4_E048,lacunes anciennes,LABEL_NOSOLOGIQUE,COMORBIDITE_ANTECEDENT
img20250709_16205810_trace_sepsis_V1.6-V6.5-SELECTIVE_PRECISION.json,R_V69K_00080,patient_a_pour_evolution,TARGET_MISMATCH,P4_E049,le patient | patient,DONNEE_PATIENT,DONNEE_PATIENT,P4_E045,diminution du syndrome inflammatoire biologique | globules_blancs,BIOMARQUEUR,EVOLUTION_PRONOSTIC
img20250709_16205810_trace_sepsis_V1.6-V6.5-SELECTIVE_PRECISION.json,R_V69K_00081,presente_symptome,TARGET_MISMATCH,P4_E049,le patient | patient,DONNEE_PATIENT,DONNEE_PATIENT,P5_E008,bradycardie sinusale | frequence_cardiaque,SIGNE_VITAL,SYMPTOME
img20250709_16223922_trace_sepsis_V1.6-V6.5-SELECTIVE_PRECISION.json,R_V69K_00014,presente_symptome,TARGET_MISMATCH,P2_E061,la patiente | patient,DONNEE_PATIENT,DONNEE_PATIENT,P2_E047,poussée hypertensive,LABEL_NOSOLOGIQUE,SYMPTOME
img20250709_16223922_trace_sepsis_V1.6-V6.5-SELECTIVE_PRECISION.json,R_V69K_00080,presente_symptome,TARGET_MISMATCH,P2_E061,la patiente | patient,DONNEE_PATIENT,DONNEE_PATIENT,P2_E007,fébrile à 38.5° | 38.5 | temperature_corporelle,SIGNE_VITAL,SYMPTOME
img20250709_16223922_trace_sepsis_V1.6-V6.5-SELECTIVE_PRECISION.json,R_V69K_00088,imagerie_objective_comorbidite,TARGET_MISMATCH,P2_E017,échographie cardiaque | echographie,IMAGERIE_PROCEDURE,IMAGERIE_PROCEDURE,P2_E052,rétrécissement aortique lâche,SYMPTOME,COMORBIDITE_ANTECEDENT
img20250709_16223922_trace_sepsis_V1.6-V6.5-SELECTIVE_PRECISION.json,R_V69K_00089,presente_symptome,TARGET_MISMATCH,P5_E033,patiente | patient,DONNEE_PATIENT,DONNEE_PATIENT,P5_E031,"Troubles de la repolarisation avec sous-décalage du segment ST, en inféro-latéral | troponine",BIOMARQUEUR,SYMPTOME
img20250709_16233563_trace_sepsis_V1.6-V6.5-SELECTIVE_PRECISION.json,R_V69K_00102,imagerie_objective_comorbidite,TARGET_MISMATCH,P6_E031,FOGD | fibroscopie_oesogastroduodenale,IMAGERIE_PROCEDURE,IMAGERIE_PROCEDURE,P6_E032,gastrite chronique,LABEL_NOSOLOGIQUE,COMORBIDITE_ANTECEDENT
img20250709_16254831_trace_sepsis_V1.6-V6.5-SELECTIVE_PRECISION.json,R_V69K_00054,micro_organisme_isole_dans,SOURCE_MISMATCH,P4_E014,KLEBSIELLE PNEUMONIAE | klebsiella_pneumoniae,FOYER_INFECTIEUX,MICRO_ORGANISME,P4_E013,ECBU positifs à KLEBSIELLE PNEUMONIAE et PROTEUS VULGARIS | infection_urinaire,FOYER_INFECTIEUX,FOYER_INFECTIEUX
img20250709_16254831_trace_sepsis_V1.6-V6.5-SELECTIVE_PRECISION.json,R_V69K_00055,micro_organisme_isole_dans,SOURCE_MISMATCH,P4_E015,PROTEUS VULGARIS | proteus_mirabilis,FOYER_INFECTIEUX,MICRO_ORGANISME,P4_E013,ECBU positifs à KLEBSIELLE PNEUMONIAE et PROTEUS VULGARIS | infection_urinaire,FOYER_INFECTIEUX,FOYER_INFECTIEUX
img20250709_16254831_trace_sepsis_V1.6-V6.5-SELECTIVE_PRECISION.json,R_V69K_00090,micro_organisme_isole_dans,BOTH_MISMATCH,P4_E014,KLEBSIELLE PNEUMONIAE | klebsiella_pneumoniae,FOYER_INFECTIEUX,MICRO_ORGANISME,P4_E034,hémocultures | hemocultures,IMAGERIE_PROCEDURE,FOYER_INFECTIEUX
img20250709_16254831_trace_sepsis_V1.6-V6.5-SELECTIVE_PRECISION.json,R_V69K_00091,micro_organisme_isole_dans,BOTH_MISMATCH,P4_E015,PROTEUS VULGARIS | proteus_mirabilis,FOYER_INFECTIEUX,MICRO_ORGANISME,P4_E034,hémocultures | hemocultures,IMAGERIE_PROCEDURE,FOYER_INFECTIEUX
img20250709_16270030_trace_sepsis_V1.6-V6.5-SELECTIVE_PRECISION.json,R_V69K_00003,traitement_administre_a,SOURCE_MISMATCH,P1_E010,5FU | antibiotique,LABEL_NOSOLOGIQUE,TRAITEMENT,P1_E015,Patient | patient,DONNEE_PATIENT,DONNEE_PATIENT
img20250709_16270030_trace_sepsis_V1.6-V6.5-SELECTIVE_PRECISION.json,R_V69K_00004,traitement_administre_a,SOURCE_MISMATCH,P1_E011,Cisplatine | antibiotique,LABEL_NOSOLOGIQUE,TRAITEMENT,P1_E015,Patient | patient,DONNEE_PATIENT,DONNEE_PATIENT
img20250709_16270030_trace_sepsis_V1.6-V6.5-SELECTIVE_PRECISION.json,R_V69K_00012,presente_symptome,TARGET_MISMATCH,P2_E054,Le patient | patient,DONNEE_PATIENT,DONNEE_PATIENT,P2_E022,polypnée à 35 cycles/min | 35 | polypnee,SIGNE_VITAL,SYMPTOME
img20250709_16270030_trace_sepsis_V1.6-V6.5-SELECTIVE_PRECISION.json,R_V69K_00036,traitement_a_pour_posologie,TARGET_MISMATCH,P2_E005,voluven | cristalloide,TRAITEMENT,TRAITEMENT,P2_E026,2L de voluven | volume,TRAITEMENT,POSOLOGIE
img20250709_16270030_trace_sepsis_V1.6-V6.5-SELECTIVE_PRECISION.json,R_V69K_00083,traitement_indique_par_label_nosologique,BOTH_MISMATCH,P1_E010,5FU | antibiotique,LABEL_NOSOLOGIQUE,TRAITEMENT,P1_E004,Carcinome épidermoïde larynx (paroi gauche) T3N2M0,COMORBIDITE_ANTECEDENT,LABEL_NOSOLOGIQUE
img20250709_16270030_trace_sepsis_V1.6-V6.5-SELECTIVE_PRECISION.json,R_V69K_00084,traitement_indique_par_label_nosologique,BOTH_MISMATCH,P1_E011,Cisplatine | antibiotique,LABEL_NOSOLOGIQUE,TRAITEMENT,P1_E004,Carcinome épidermoïde larynx (paroi gauche) T3N2M0,COMORBIDITE_ANTECEDENT,LABEL_NOSOLOGIQUE
img20250709_16270030_trace_sepsis_V1.6-V6.5-SELECTIVE_PRECISION.json,R_V69K_00089,presente_symptome,TARGET_MISMATCH,P2_E054,Le patient | patient,DONNEE_PATIENT,DONNEE_PATIENT,P2_E036,oxygénodépendant | oxygenotherapie,TRAITEMENT,SYMPTOME
img20250709_16270030_trace_sepsis_V1.6-V6.5-SELECTIVE_PRECISION.json,R_V69K_00092,imagerie_objective_foyer,BOTH_MISMATCH,P4_E029,Radiographie pulmonaire | radiographie,FOYER_INFECTIEUX,IMAGERIE_PROCEDURE,P4_E030,Opacités bilatérales des bases | dyspnee,SYMPTOME,FOYER_INFECTIEUX
img20250709_16271908_trace_sepsis_V1.6-V6.5-SELECTIVE_PRECISION.json,R_V69K_00074,imagerie_objective_foyer,BOTH_MISMATCH,P4_E027,Radiographie pulmonaire | radiographie,FOYER_INFECTIEUX,IMAGERIE_PROCEDURE,P4_E028,Opacités alvéolaires bilatérales prédominant aux bases | dyspnee,SYMPTOME,FOYER_INFECTIEUX
img20250709_16281006_trace_sepsis_V1.6-V6.5-SELECTIVE_PRECISION.json,R_V69K_00045,presente_symptome,TARGET_MISMATCH,P5_E055,patiente | patient,DONNEE_PATIENT,DONNEE_PATIENT,P5_E044,thrombopénie | plaquettes,BIOMARQUEUR,SYMPTOME
img20250709_16281006_trace_sepsis_V1.6-V6.5-SELECTIVE_PRECISION.json,R_V69K_00057,micro_organisme_isole_dans,SOURCE_MISMATCH,P5_E029,Pneumocoque | Streptococcus_pneumoniae,FOYER_INFECTIEUX,MICRO_ORGANISME,P5_E027,image lobaire inférieure gauche | pneumopathie,FOYER_INFECTIEUX,FOYER_INFECTIEUX
img20250709_16281006_trace_sepsis_V1.6-V6.5-SELECTIVE_PRECISION.json,R_V69K_00081,a_pour_label_nosologique,TARGET_MISMATCH,P6_E042,La patiente | patient,DONNEE_PATIENT,DONNEE_PATIENT,P6_E037,Haemophilus,FOYER_INFECTIEUX,LABEL_NOSOLOGIQUE
img20250709_16281006_trace_sepsis_V1.6-V6.5-SELECTIVE_PRECISION.json,R_V69K_00082,presente_dysfonction_organe,TARGET_MISMATCH,P6_E042,La patiente | patient,DONNEE_PATIENT,DONNEE_PATIENT,P6_E038,collapsus de reventilation,LABEL_NOSOLOGIQUE,DEFAILLANCE_ORGANE
img20250709_16281006_trace_sepsis_V1.6-V6.5-SELECTIVE_PRECISION.json,R_V69K_00091,a_pour_contexte_acquisition,SOURCE_MISMATCH,P6_E002,pneumopathie nosocomiale | pneumopathie_nosocomiale,LABEL_NOSOLOGIQUE,COMORBIDITE_ANTECEDENT,P6_E023,Infection nosocomiale : oui | oui | infection_nosocomiale,CONTEXTE_ACQUISITION,CONTEXTE_ACQUISITION
img20250709_16281006_trace_sepsis_V1.6-V6.5-SELECTIVE_PRECISION.json,R_V69K_00101,micro_organisme_isole_dans,BOTH_MISMATCH,P5_E029,Pneumocoque | Streptococcus_pneumoniae,FOYER_INFECTIEUX,MICRO_ORGANISME,P6_E001,Pneumopathie lobaire inférieure gauche communautaire | pneumopathie_communautaire,LABEL_NOSOLOGIQUE,FOYER_INFECTIEUX
img20250709_16281006_trace_sepsis_V1.6-V6.5-SELECTIVE_PRECISION.json,R_V69K_00102,micro_organisme_isole_dans,TARGET_MISMATCH,P5_E021,H. Parainfluenzae | Haemophilus_parainfluenzae,MICRO_ORGANISME,MICRO_ORGANISME,P6_E001,Pneumopathie lobaire inférieure gauche communautaire | pneumopathie_communautaire,LABEL_NOSOLOGIQUE,FOYER_INFECTIEUX
img20250709_16283177_trace_sepsis_V1.6-V6.5-SELECTIVE_PRECISION.json,R_V69K_00001,a_pour_label_nosologique,SOURCE_MISMATCH,P1_E019,Patient | patient,SYMPTOME,DONNEE_PATIENT,P1_E001,sepsis sévère | sepsis_severe,LABEL_NOSOLOGIQUE,LABEL_NOSOLOGIQUE
img20250709_16283177_trace_sepsis_V1.6-V6.5-SELECTIVE_PRECISION.json,R_V69K_00002,presente_suspicion_infection,SOURCE_MISMATCH,P1_E019,Patient | patient,SYMPTOME,DONNEE_PATIENT,P1_E002,pleurésie purulente,FOYER_INFECTIEUX,FOYER_INFECTIEUX
img20250709_16283177_trace_sepsis_V1.6-V6.5-SELECTIVE_PRECISION.json,R_V69K_00003,traitement_administre_a,TARGET_MISMATCH,P1_E013,Skénan | antalgique,TRAITEMENT,TRAITEMENT,P1_E019,Patient | patient,SYMPTOME,DONNEE_PATIENT
img20250709_16283177_trace_sepsis_V1.6-V6.5-SELECTIVE_PRECISION.json,R_V69K_00005,traitement_administre_a,TARGET_MISMATCH,P1_E015,Actiskenan | antalgique,TRAITEMENT,TRAITEMENT,P1_E019,Patient | patient,SYMPTOME,DONNEE_PATIENT
img20250709_16283177_trace_sepsis_V1.6-V6.5-SELECTIVE_PRECISION.json,R_V69K_00006,traitement_administre_a,TARGET_MISMATCH,P1_E016,Mecir LP | autre,TRAITEMENT,TRAITEMENT,P1_E019,Patient | patient,SYMPTOME,DONNEE_PATIENT
img20250709_16283177_trace_sepsis_V1.6-V6.5-SELECTIVE_PRECISION.json,R_V69K_00008,service_medical_accueille,TARGET_MISMATCH,P1_E020,réanimation,SERVICE_MEDICAL,SERVICE_MEDICAL,P1_E019,Patient | patient,SYMPTOME,DONNEE_PATIENT
img20250709_16283177_trace_sepsis_V1.6-V6.5-SELECTIVE_PRECISION.json,R_V69K_00077,traitement_administre_a,TARGET_MISMATCH,P5_E026,VANCOMYCINE | antibiotique,TRAITEMENT,TRAITEMENT,P5_E035,Patient | patient,FOYER_INFECTIEUX,DONNEE_PATIENT
img20250709_16283177_trace_sepsis_V1.6-V6.5-SELECTIVE_PRECISION.json,R_V69K_00078,traitement_administre_a,TARGET_MISMATCH,P5_E025,vasopresseurs (noradrénaline) | noradrénaline | vasopresseur,TRAITEMENT,TRAITEMENT,P5_E035,Patient | patient,FOYER_INFECTIEUX,DONNEE_PATIENT
img20250709_16283177_trace_sepsis_V1.6-V6.5-SELECTIVE_PRECISION.json,R_V69K_00079,traitement_administre_a,TARGET_MISMATCH,P5_E024,remplissage | remplissage_vasculaire,TRAITEMENT,TRAITEMENT,P5_E035,Patient | patient,FOYER_INFECTIEUX,DONNEE_PATIENT
img20250709_16283177_trace_sepsis_V1.6-V6.5-SELECTIVE_PRECISION.json,R_V69K_00080,traitement_administre_a,TARGET_MISMATCH,P5_E030,Décision de reprise chirurgicale | chirurgie,TRAITEMENT,TRAITEMENT,P5_E035,Patient | patient,FOYER_INFECTIEUX,DONNEE_PATIENT
img20250709_16283177_trace_sepsis_V1.6-V6.5-SELECTIVE_PRECISION.json,R_V69K_00081,traitement_administre_a,TARGET_MISMATCH,P5_E031,ablation de matériel | chirurgie,TRAITEMENT,TRAITEMENT,P5_E035,Patient | patient,FOYER_INFECTIEUX,DONNEE_PATIENT
img20250709_16283177_trace_sepsis_V1.6-V6.5-SELECTIVE_PRECISION.json,R_V69K_00082,traitement_administre_a,TARGET_MISMATCH,P5_E032,retrait du matériel et un lavage | chirurgie,TRAITEMENT,TRAITEMENT,P5_E035,Patient | patient,FOYER_INFECTIEUX,DONNEE_PATIENT
img20250709_16283177_trace_sepsis_V1.6-V6.5-SELECTIVE_PRECISION.json,R_V69K_00083,traitement_administre_a,TARGET_MISMATCH,P5_E033,transfusion de 2 culots globulaires | transfusion | 2 | transfusion_CGR,TRAITEMENT,TRAITEMENT,P5_E035,Patient | patient,FOYER_INFECTIEUX,DONNEE_PATIENT
img20250709_16283177_trace_sepsis_V1.6-V6.5-SELECTIVE_PRECISION.json,R_V69K_00084,traitement_administre_a,TARGET_MISMATCH,P5_E034,4 PFC | 4 | transfusion_PFC,TRAITEMENT,TRAITEMENT,P5_E035,Patient | patient,FOYER_INFECTIEUX,DONNEE_PATIENT
img20250709_16283177_trace_sepsis_V1.6-V6.5-SELECTIVE_PRECISION.json,R_V69K_00085,presente_suspicion_infection,BOTH_MISMATCH,P5_E035,Patient | patient,FOYER_INFECTIEUX,DONNEE_PATIENT,P5_E029,Cicatrice inflammatoire avec écoulement purulent | douleur_lombaire,SYMPTOME,FOYER_INFECTIEUX
img20250709_16283177_trace_sepsis_V1.6-V6.5-SELECTIVE_PRECISION.json,R_V69K_00086,presente_symptome,SOURCE_MISMATCH,P5_E035,Patient | patient,FOYER_INFECTIEUX,DONNEE_PATIENT,P5_E023,emphysème sous cutané | emphyseme_sous_cutane,SYMPTOME,SYMPTOME
img20250709_16283177_trace_sepsis_V1.6-V6.5-SELECTIVE_PRECISION.json,R_V69K_00087,presente_symptome,SOURCE_MISMATCH,P5_E035,Patient | patient,FOYER_INFECTIEUX,DONNEE_PATIENT,P5_E022,opacité non systématisée en base droite | dyspnee,SYMPTOME,SYMPTOME
img20250709_16283177_trace_sepsis_V1.6-V6.5-SELECTIVE_PRECISION.json,R_V69K_00088,patient_a_pour_evolution,BOTH_MISMATCH,P5_E035,Patient | patient,FOYER_INFECTIEUX,DONNEE_PATIENT,P5_E028,diminution du syndrome inflammatoire biologique | alteration_etat_general,SYMPTOME,EVOLUTION_PRONOSTIC
img20250709_16283177_trace_sepsis_V1.6-V6.5-SELECTIVE_PRECISION.json,R_V69K_00141,presente_symptome,SOURCE_MISMATCH,P1_E019,Patient | patient,SYMPTOME,DONNEE_PATIENT,P3_E021,extrémités chaudes,SYMPTOME,SYMPTOME
img20250709_16283177_trace_sepsis_V1.6-V6.5-SELECTIVE_PRECISION.json,R_V69K_00145,presente_symptome,BOTH_MISMATCH,P1_E019,Patient | patient,SYMPTOME,DONNEE_PATIENT,P6_E025,hémorragie digestif | pression_arterielle_systolique,SIGNE_VITAL,SYMPTOME
img20250709_16295211_trace_sepsis_V1.6-V6.5-SELECTIVE_PRECISION.json,R_V69K_00106,service_medical_accueille,TARGET_MISMATCH,P2_E011,soins continus A.Paré,SERVICE_MEDICAL,SERVICE_MEDICAL,P2_E061,Mr Kokolo | age,DEFAILLANCE_ORGANE,DONNEE_PATIENT
img20250709_16295211_trace_sepsis_V1.6-V6.5-SELECTIVE_PRECISION.json,R_V69K_00107,service_medical_accueille,TARGET_MISMATCH,P1_E021,réanimation,SERVICE_MEDICAL,SERVICE_MEDICAL,P2_E061,Mr Kokolo | age,DEFAILLANCE_ORGANE,DONNEE_PATIENT
img20250709_16295211_trace_sepsis_V1.6-V6.5-SELECTIVE_PRECISION.json,R_V69K_00108,traitement_administre_a,TARGET_MISMATCH,P1_E010,Dalacine | antibiotique,TRAITEMENT,TRAITEMENT,P2_E061,Mr Kokolo | age,DEFAILLANCE_ORGANE,DONNEE_PATIENT
img20250709_16295211_trace_sepsis_V1.6-V6.5-SELECTIVE_PRECISION.json,R_V69K_00109,traitement_administre_a,TARGET_MISMATCH,P1_E005,Clamoxyl | antibiotique,TRAITEMENT,TRAITEMENT,P2_E061,Mr Kokolo | age,DEFAILLANCE_ORGANE,DONNEE_PATIENT
img20250709_16295211_trace_sepsis_V1.6-V6.5-SELECTIVE_PRECISION.json,R_V69K_00110,traitement_administre_a,TARGET_MISMATCH,P1_E023,Vancomycine | vancomycine,TRAITEMENT,TRAITEMENT,P2_E061,Mr Kokolo | age,DEFAILLANCE_ORGANE,DONNEE_PATIENT
img20250709_16295211_trace_sepsis_V1.6-V6.5-SELECTIVE_PRECISION.json,R_V69K_00111,traitement_administre_a,TARGET_MISMATCH,P2_E008,TAZOCILLINE | antibiotique,TRAITEMENT,TRAITEMENT,P2_E061,Mr Kokolo | age,DEFAILLANCE_ORGANE,DONNEE_PATIENT
img20250709_16295211_trace_sepsis_V1.6-V6.5-SELECTIVE_PRECISION.json,R_V69K_00112,traitement_administre_a,TARGET_MISMATCH,P2_E009,CIFLOX | antibiotique,TRAITEMENT,TRAITEMENT,P2_E061,Mr Kokolo | age,DEFAILLANCE_ORGANE,DONNEE_PATIENT
img20250709_16295211_trace_sepsis_V1.6-V6.5-SELECTIVE_PRECISION.json,R_V69K_00113,presente_symptome,BOTH_MISMATCH,P2_E061,Mr Kokolo | age,DEFAILLANCE_ORGANE,DONNEE_PATIENT,P2_E023,pic fébrile à 39.4 | 39.4 | temperature_corporelle,SIGNE_VITAL,SYMPTOME
img20250709_16295211_trace_sepsis_V1.6-V6.5-SELECTIVE_PRECISION.json,R_V69K_00114,a_pour_label_nosologique,SOURCE_MISMATCH,P2_E061,Mr Kokolo | age,DEFAILLANCE_ORGANE,DONNEE_PATIENT,P2_E010,DRESS,LABEL_NOSOLOGIQUE,LABEL_NOSOLOGIQUE
img20250709_16295211_trace_sepsis_V1.6-V6.5-SELECTIVE_PRECISION.json,R_V69K_00115,a_pour_label_nosologique,SOURCE_MISMATCH,P2_E061,Mr Kokolo | age,DEFAILLANCE_ORGANE,DONNEE_PATIENT,P2_E013,septicémie à candida,LABEL_NOSOLOGIQUE,LABEL_NOSOLOGIQUE
img20250709_16295211_trace_sepsis_V1.6-V6.5-SELECTIVE_PRECISION.json,R_V69K_00116,a_pour_label_nosologique,SOURCE_MISMATCH,P2_E061,Mr Kokolo | age,DEFAILLANCE_ORGANE,DONNEE_PATIENT,P2_E055,sepsis sévère,LABEL_NOSOLOGIQUE,LABEL_NOSOLOGIQUE
img20250709_16295211_trace_sepsis_V1.6-V6.5-SELECTIVE_PRECISION.json,R_V69K_00117,presente_dysfonction_organe,SOURCE_MISMATCH,P2_E061,Mr Kokolo | age,DEFAILLANCE_ORGANE,DONNEE_PATIENT,P2_E029,DRA | respiratoire,DEFAILLANCE_ORGANE,DEFAILLANCE_ORGANE
img20250709_16295211_trace_sepsis_V1.6-V6.5-SELECTIVE_PRECISION.json,R_V69K_00118,presente_dysfonction_organe,BOTH_MISMATCH,P2_E061,Mr Kokolo | age,DEFAILLANCE_ORGANE,DONNEE_PATIENT,P2_E059,acidose métabolique | metabolique,LABEL_NOSOLOGIQUE,DEFAILLANCE_ORGANE
img20250709_16295211_trace_sepsis_V1.6-V6.5-SELECTIVE_PRECISION.json,R_V69K_00119,presente_dysfonction_organe,SOURCE_MISMATCH,P2_E061,Mr Kokolo | age,DEFAILLANCE_ORGANE,DONNEE_PATIENT,P2_E057,défaillance multiviscérale | multiviscerale,DEFAILLANCE_ORGANE,DEFAILLANCE_ORGANE
img20250709_16295211_trace_sepsis_V1.6-V6.5-SELECTIVE_PRECISION.json,R_V69K_00120,presente_symptome,SOURCE_MISMATCH,P2_E061,Mr Kokolo | age,DEFAILLANCE_ORGANE,DONNEE_PATIENT,P2_E027,frissons,SYMPTOME,SYMPTOME
img20250709_16295211_trace_sepsis_V1.6-V6.5-SELECTIVE_PRECISION.json,R_V69K_00121,presente_symptome,SOURCE_MISMATCH,P2_E061,Mr Kokolo | age,DEFAILLANCE_ORGANE,DONNEE_PATIENT,P2_E028,encombrement bronchique | encombrement,SYMPTOME,SYMPTOME
img20250709_16295211_trace_sepsis_V1.6-V6.5-SELECTIVE_PRECISION.json,R_V69K_00122,presente_symptome,SOURCE_MISMATCH,P2_E061,Mr Kokolo | age,DEFAILLANCE_ORGANE,DONNEE_PATIENT,P2_E030,tirage sus claviculaire | tirage,SYMPTOME,SYMPTOME
img20250709_16295211_trace_sepsis_V1.6-V6.5-SELECTIVE_PRECISION.json,R_V69K_00123,presente_symptome,SOURCE_MISMATCH,P2_E061,Mr Kokolo | age,DEFAILLANCE_ORGANE,DONNEE_PATIENT,P2_E033,trouble de la conscience | trouble_de_la_conscience,SYMPTOME,SYMPTOME
img20250709_16295211_trace_sepsis_V1.6-V6.5-SELECTIVE_PRECISION.json,R_V69K_00124,presente_symptome,SOURCE_MISMATCH,P2_E061,Mr Kokolo | age,DEFAILLANCE_ORGANE,DONNEE_PATIENT,P2_E036,ronchis diffus | ronchis,SYMPTOME,SYMPTOME
img20250709_16295211_trace_sepsis_V1.6-V6.5-SELECTIVE_PRECISION.json,R_V69K_00125,presente_symptome,SOURCE_MISMATCH,P2_E061,Mr Kokolo | age,DEFAILLANCE_ORGANE,DONNEE_PATIENT,P2_E037,sécrétions jaunâtres épaisses | toux,SYMPTOME,SYMPTOME
img20250709_16295211_trace_sepsis_V1.6-V6.5-SELECTIVE_PRECISION.json,R_V69K_00128,biomarqueur_supporte_defaillance_organe,BOTH_MISMATCH,P2_E039,GDS pH 7.22 | 7.22 | pH_arteriel,DEFAILLANCE_ORGANE,BIOMARQUEUR,P2_E059,acidose métabolique | metabolique,LABEL_NOSOLOGIQUE,DEFAILLANCE_ORGANE
img20250709_16295211_trace_sepsis_V1.6-V6.5-SELECTIVE_PRECISION.json,R_V69K_00129,biomarqueur_supporte_defaillance_organe,BOTH_MISMATCH,P2_E041,bicar 12.5 | 12.5 | bicarbonates,DEFAILLANCE_ORGANE,BIOMARQUEUR,P2_E059,acidose métabolique | metabolique,LABEL_NOSOLOGIQUE,DEFAILLANCE_ORGANE
img20250709_16295211_trace_sepsis_V1.6-V6.5-SELECTIVE_PRECISION.json,R_V69K_00134,traitement_administre_a,TARGET_MISMATCH,P2_E015,fluconazole | antibiotique,TRAITEMENT,TRAITEMENT,P2_E061,Mr Kokolo | age,DEFAILLANCE_ORGANE,DONNEE_PATIENT
img20250709_16295211_trace_sepsis_V1.6-V6.5-SELECTIVE_PRECISION.json,R_V69K_00141,traitement_administre_a,TARGET_MISMATCH,P2_E032,O2 5L puis masque haute concentration 15L | 5 | debit,TRAITEMENT,TRAITEMENT,P2_E061,Mr Kokolo | age,DEFAILLANCE_ORGANE,DONNEE_PATIENT
img20250709_16295211_trace_sepsis_V1.6-V6.5-SELECTIVE_PRECISION.json,R_V69K_00142,micro_organisme_isole_dans,BOTH_MISMATCH,P7_E039,2 colonie d'enterobacter cloacae BLSE | enterobacter_cloacae_BLSE,FOYER_INFECTIEUX,MICRO_ORGANISME,P7_E034,ECBU positif à la pose de la sonde Urinaire | ECBU,IMAGERIE_PROCEDURE,FOYER_INFECTIEUX
img20250709_16301193_trace_sepsis_V1.6-V6.5-SELECTIVE_PRECISION.json,R_V69K_00047,a_pour_label_nosologique,SOURCE_MISMATCH,P5_E046,La patiente | patient,LABEL_NOSOLOGIQUE,DONNEE_PATIENT,P5_E022,Choc septique | choc_septique,LABEL_NOSOLOGIQUE,LABEL_NOSOLOGIQUE
img20250709_16301193_trace_sepsis_V1.6-V6.5-SELECTIVE_PRECISION.json,R_V69K_00048,presente_suspicion_infection,SOURCE_MISMATCH,P5_E046,La patiente | patient,LABEL_NOSOLOGIQUE,DONNEE_PATIENT,P5_E023,point de départ probablement urinaire,FOYER_INFECTIEUX,FOYER_INFECTIEUX
img20250709_16301193_trace_sepsis_V1.6-V6.5-SELECTIVE_PRECISION.json,R_V69K_00049,a_pour_label_nosologique,SOURCE_MISMATCH,P5_E046,La patiente | patient,LABEL_NOSOLOGIQUE,DONNEE_PATIENT,P5_E008,syndrome hépato-rénal | hepatique,LABEL_NOSOLOGIQUE,LABEL_NOSOLOGIQUE
img20250709_16301193_trace_sepsis_V1.6-V6.5-SELECTIVE_PRECISION.json,R_V69K_00050,traitement_administre_a,TARGET_MISMATCH,P5_E033,diffu K 2 2 2 | diffu K | supplementation_electrolytique,TRAITEMENT,TRAITEMENT,P5_E046,La patiente | patient,LABEL_NOSOLOGIQUE,DONNEE_PATIENT
img20250709_16301193_trace_sepsis_V1.6-V6.5-SELECTIVE_PRECISION.json,R_V69K_00051,traitement_administre_a,TARGET_MISMATCH,P5_E034,pariet 20 mg/j | pariet | autre,TRAITEMENT,TRAITEMENT,P5_E046,La patiente | patient,LABEL_NOSOLOGIQUE,DONNEE_PATIENT
img20250709_16301193_trace_sepsis_V1.6-V6.5-SELECTIVE_PRECISION.json,R_V69K_00053,traitement_administre_a,TARGET_MISMATCH,P5_E021,Un traitement par Venlafaxine LP 37.5 | Venlafaxine LP 37.5 | autre,TRAITEMENT,TRAITEMENT,P5_E046,La patiente | patient,LABEL_NOSOLOGIQUE,DONNEE_PATIENT
img20250709_16301193_trace_sepsis_V1.6-V6.5-SELECTIVE_PRECISION.json,R_V69K_00054,traitement_administre_a,TARGET_MISMATCH,P5_E038,glucose 500 ml /j | glucose 500 ml | nutrition_parenterale,TRAITEMENT,TRAITEMENT,P5_E046,La patiente | patient,LABEL_NOSOLOGIQUE,DONNEE_PATIENT
img20250709_16301193_trace_sepsis_V1.6-V6.5-SELECTIVE_PRECISION.json,R_V69K_00055,traitement_administre_a,TARGET_MISMATCH,P5_E039,10amp de vitamine B1 | vitamine B1 | autre,TRAITEMENT,TRAITEMENT,P5_E046,La patiente | patient,LABEL_NOSOLOGIQUE,DONNEE_PATIENT
img20250709_16301193_trace_sepsis_V1.6-V6.5-SELECTIVE_PRECISION.json,R_V69K_00056,traitement_administre_a,TARGET_MISMATCH,P5_E040,1 amp de nicotinamide | nicotinamide | autre,TRAITEMENT,TRAITEMENT,P5_E046,La patiente | patient,LABEL_NOSOLOGIQUE,DONNEE_PATIENT
img20250709_16301193_trace_sepsis_V1.6-V6.5-SELECTIVE_PRECISION.json,R_V69K_00057,traitement_administre_a,TARGET_MISMATCH,P5_E027,Poursuite du traitement par calciparine | calciparine | anticoagulant,TRAITEMENT,TRAITEMENT,P5_E046,La patiente | patient,LABEL_NOSOLOGIQUE,DONNEE_PATIENT
img20250709_16301193_trace_sepsis_V1.6-V6.5-SELECTIVE_PRECISION.json,R_V69K_00060,presente_symptome,SOURCE_MISMATCH,P5_E046,La patiente | patient,LABEL_NOSOLOGIQUE,DONNEE_PATIENT,P5_E002,asthénie | asthenie,SYMPTOME,SYMPTOME
img20250709_16301193_trace_sepsis_V1.6-V6.5-SELECTIVE_PRECISION.json,R_V69K_00061,presente_symptome,SOURCE_MISMATCH,P5_E046,La patiente | patient,LABEL_NOSOLOGIQUE,DONNEE_PATIENT,P5_E025,Décompensation oedemato-ascitique | oedemes,SYMPTOME,SYMPTOME
img20250709_16301193_trace_sepsis_V1.6-V6.5-SELECTIVE_PRECISION.json,R_V69K_00062,a_pour_label_nosologique,BOTH_MISMATCH,P5_E046,La patiente | patient,LABEL_NOSOLOGIQUE,DONNEE_PATIENT,P5_E028,Hypokaliémie | hypokaliemie,SYMPTOME,LABEL_NOSOLOGIQUE
img20250709_16301193_trace_sepsis_V1.6-V6.5-SELECTIVE_PRECISION.json,R_V69K_00063,a_pour_label_nosologique,SOURCE_MISMATCH,P5_E046,La patiente | patient,LABEL_NOSOLOGIQUE,DONNEE_PATIENT,P5_E044,syndrome dépressif,LABEL_NOSOLOGIQUE,LABEL_NOSOLOGIQUE
img20250709_16301193_trace_sepsis_V1.6-V6.5-SELECTIVE_PRECISION.json,R_V69K_00064,a_pour_label_nosologique,SOURCE_MISMATCH,P5_E046,La patiente | patient,LABEL_NOSOLOGIQUE,DONNEE_PATIENT,P5_E048,hyponatrémie,LABEL_NOSOLOGIQUE,LABEL_NOSOLOGIQUE
img20250709_16301193_trace_sepsis_V1.6-V6.5-SELECTIVE_PRECISION.json,R_V69K_00065,traitement_administre_a,TARGET_MISMATCH,P5_E047,Transfusion sanguine | Transfusion | transfusion_sanguine,TRAITEMENT,TRAITEMENT,P5_E046,La patiente | patient,LABEL_NOSOLOGIQUE,DONNEE_PATIENT
img20250709_16301193_trace_sepsis_V1.6-V6.5-SELECTIVE_PRECISION.json,R_V69K_00069,traitement_administre_a,TARGET_MISMATCH,P5_E031,claforan 1g toutes les 8h (J6) | claforan | antibiotique,TRAITEMENT,TRAITEMENT,P5_E046,La patiente | patient,LABEL_NOSOLOGIQUE,DONNEE_PATIENT
img20250709_16301193_trace_sepsis_V1.6-V6.5-SELECTIVE_PRECISION.json,R_V69K_00070,traitement_administre_a,TARGET_MISMATCH,P5_E036,Venlafaxine lp37.5mg/j | Venlafaxine lp37.5mg | autre,TRAITEMENT,TRAITEMENT,P5_E046,La patiente | patient,LABEL_NOSOLOGIQUE,DONNEE_PATIENT
img20250709_16304515_trace_sepsis_V1.6-V6.5-SELECTIVE_PRECISION.json,R_V69K_00001,a_pour_label_nosologique,SOURCE_MISMATCH,P1_E015,Patient | patient,SYMPTOME,DONNEE_PATIENT,P1_E005,sepsis sévère | sepsis_severe,LABEL_NOSOLOGIQUE,LABEL_NOSOLOGIQUE
img20250709_16304515_trace_sepsis_V1.6-V6.5-SELECTIVE_PRECISION.json,R_V69K_00002,presente_suspicion_infection,SOURCE_MISMATCH,P1_E015,Patient | patient,SYMPTOME,DONNEE_PATIENT,P1_E006,pneumopathie aiguë communautaire | pneumopathie_communautaire,FOYER_INFECTIEUX,FOYER_INFECTIEUX
img20250709_16304515_trace_sepsis_V1.6-V6.5-SELECTIVE_PRECISION.json,R_V69K_00003,presente_symptome,SOURCE_MISMATCH,P1_E015,Patient | patient,SYMPTOME,DONNEE_PATIENT,P1_E007,dyspnée d'aggravation progressive | dyspnee,SYMPTOME,SYMPTOME
img20250709_16304515_trace_sepsis_V1.6-V6.5-SELECTIVE_PRECISION.json,R_V69K_00004,presente_symptome,SOURCE_MISMATCH,P1_E015,Patient | patient,SYMPTOME,DONNEE_PATIENT,P1_E008,dyspnée de repos | dyspnee,SYMPTOME,SYMPTOME
img20250709_16304515_trace_sepsis_V1.6-V6.5-SELECTIVE_PRECISION.json,R_V69K_00005,presente_symptome,SOURCE_MISMATCH,P1_E015,Patient | patient,SYMPTOME,DONNEE_PATIENT,P1_E009,orthopnée | orthopnee,SYMPTOME,SYMPTOME
img20250709_16304515_trace_sepsis_V1.6-V6.5-SELECTIVE_PRECISION.json,R_V69K_00006,presente_symptome,SOURCE_MISMATCH,P1_E015,Patient | patient,SYMPTOME,DONNEE_PATIENT,P1_E010,dyspnée fébrile à 39 ° | 39 | fievre,SYMPTOME,SYMPTOME
img20250709_16304515_trace_sepsis_V1.6-V6.5-SELECTIVE_PRECISION.json,R_V69K_00007,service_medical_accueille,TARGET_MISMATCH,P1_E016,réanimation,SERVICE_MEDICAL,SERVICE_MEDICAL,P1_E015,Patient | patient,SYMPTOME,DONNEE_PATIENT
img20250709_16304515_trace_sepsis_V1.6-V6.5-SELECTIVE_PRECISION.json,R_V69K_00025,traitement_administre_a,SOURCE_MISMATCH,P5_E006,Amoxicilline | antibiotique,LABEL_NOSOLOGIQUE,TRAITEMENT,P5_E038,patient,DONNEE_PATIENT,DONNEE_PATIENT
img20250709_16304515_trace_sepsis_V1.6-V6.5-SELECTIVE_PRECISION.json,R_V69K_00026,traitement_a_pour_posologie,SOURCE_MISMATCH,P5_E006,Amoxicilline | antibiotique,LABEL_NOSOLOGIQUE,TRAITEMENT,P5_E007,Amoxicilline à dose méningée 12g/j | 12g | 12 | dose,POSOLOGIE,POSOLOGIE
img20250709_16304515_trace_sepsis_V1.6-V6.5-SELECTIVE_PRECISION.json,R_V69K_00027,traitement_administre_a,SOURCE_MISMATCH,P5_E008,Vancomycine | antibiotique,LABEL_NOSOLOGIQUE,TRAITEMENT,P5_E038,patient,DONNEE_PATIENT,DONNEE_PATIENT
img20250709_16304515_trace_sepsis_V1.6-V6.5-SELECTIVE_PRECISION.json,R_V69K_00064,presente_symptome,BOTH_MISMATCH,P1_E015,Patient | patient,SYMPTOME,DONNEE_PATIENT,P2_E012,tachypnée 50cpm | 50 | frequence_respiratoire,SIGNE_VITAL,SYMPTOME
img20250709_16304515_trace_sepsis_V1.6-V6.5-SELECTIVE_PRECISION.json,R_V69K_00065,imagerie_objective_foyer,BOTH_MISMATCH,P4_E024,Radiographie pulmonaire | radiographie,FOYER_INFECTIEUX,IMAGERIE_PROCEDURE,P4_E025,opacités pulmonaires droites diffuses | dyspnee,SYMPTOME,FOYER_INFECTIEUX
img20250709_16304515_trace_sepsis_V1.6-V6.5-SELECTIVE_PRECISION.json,R_V69K_00066,traitement_indique_par_label_nosologique,BOTH_MISMATCH,P5_E006,Amoxicilline | antibiotique,LABEL_NOSOLOGIQUE,TRAITEMENT,P5_E034,choc septique à point de départ pulmonaire | cardiovasculaire,DEFAILLANCE_ORGANE,LABEL_NOSOLOGIQUE
img20250709_16304515_trace_sepsis_V1.6-V6.5-SELECTIVE_PRECISION.json,R_V69K_00067,traitement_indique_par_label_nosologique,BOTH_MISMATCH,P5_E008,Vancomycine | antibiotique,LABEL_NOSOLOGIQUE,TRAITEMENT,P5_E034,choc septique à point de départ pulmonaire | cardiovasculaire,DEFAILLANCE_ORGANE,LABEL_NOSOLOGIQUE
img20250709_16313543_trace_sepsis_V1.6-V6.5-SELECTIVE_PRECISION.json,R_V69K_00001,a_pour_label_nosologique,SOURCE_MISMATCH,P1_E018,Patient : SOR [?] GER [?],SYMPTOME,DONNEE_PATIENT,P1_E011,tuberculose pulmonaire | tuberculose,LABEL_NOSOLOGIQUE,LABEL_NOSOLOGIQUE
img20250709_16313543_trace_sepsis_V1.6-V6.5-SELECTIVE_PRECISION.json,R_V69K_00002,presente_suspicion_infection,SOURCE_MISMATCH,P1_E018,Patient : SOR [?] GER [?],SYMPTOME,DONNEE_PATIENT,P1_E012,surinfection broncho-pulmonaire,FOYER_INFECTIEUX,FOYER_INFECTIEUX
img20250709_16313543_trace_sepsis_V1.6-V6.5-SELECTIVE_PRECISION.json,R_V69K_00003,presente_dysfonction_organe,SOURCE_MISMATCH,P1_E018,Patient : SOR [?] GER [?],SYMPTOME,DONNEE_PATIENT,P1_E013,Détresse respiratoire aiguë | respiratoire,DEFAILLANCE_ORGANE,DEFAILLANCE_ORGANE
img20250709_16313543_trace_sepsis_V1.6-V6.5-SELECTIVE_PRECISION.json,R_V69K_00004,service_medical_accueille,TARGET_MISMATCH,P1_E010,Garches,SERVICE_MEDICAL,SERVICE_MEDICAL,P1_E018,Patient : SOR [?] GER [?],SYMPTOME,DONNEE_PATIENT
img20250709_16313543_trace_sepsis_V1.6-V6.5-SELECTIVE_PRECISION.json,R_V69K_00005,presente_symptome,SOURCE_MISMATCH,P1_E018,Patient : SOR [?] GER [?],SYMPTOME,DONNEE_PATIENT,P1_E002,asthénie | asthenie,SYMPTOME,SYMPTOME
img20250709_16313543_trace_sepsis_V1.6-V6.5-SELECTIVE_PRECISION.json,R_V69K_00006,presente_symptome,SOURCE_MISMATCH,P1_E018,Patient : SOR [?] GER [?],SYMPTOME,DONNEE_PATIENT,P1_E003,dyspnée d'effort (NYHA stade 2) | dyspnee,SYMPTOME,SYMPTOME
img20250709_16313543_trace_sepsis_V1.6-V6.5-SELECTIVE_PRECISION.json,R_V69K_00007,presente_symptome,SOURCE_MISMATCH,P1_E018,Patient : SOR [?] GER [?],SYMPTOME,DONNEE_PATIENT,P1_E014,sueurs nocturnes | sueurs_nocturnes,SYMPTOME,SYMPTOME
img20250709_16313543_trace_sepsis_V1.6-V6.5-SELECTIVE_PRECISION.json,R_V69K_00008,presente_symptome,SOURCE_MISMATCH,P1_E018,Patient : SOR [?] GER [?],SYMPTOME,DONNEE_PATIENT,P1_E015,fièvre | fievre,SYMPTOME,SYMPTOME
img20250709_16313543_trace_sepsis_V1.6-V6.5-SELECTIVE_PRECISION.json,R_V69K_00060,traitement_administre_a,TARGET_MISMATCH,P5_E001,Fortum | antibiotique,TRAITEMENT,TRAITEMENT,P5_E042,patient,LABEL_NOSOLOGIQUE,DONNEE_PATIENT
img20250709_16313543_trace_sepsis_V1.6-V6.5-SELECTIVE_PRECISION.json,R_V69K_00061,traitement_administre_a,TARGET_MISMATCH,P5_E003,Amiklin | antibiotique,TRAITEMENT,TRAITEMENT,P5_E042,patient,LABEL_NOSOLOGIQUE,DONNEE_PATIENT
img20250709_16313543_trace_sepsis_V1.6-V6.5-SELECTIVE_PRECISION.json,R_V69K_00063,traitement_administre_a,TARGET_MISMATCH,P5_E005,noradrénaline | vasopresseur,TRAITEMENT,TRAITEMENT,P5_E042,patient,LABEL_NOSOLOGIQUE,DONNEE_PATIENT
img20250709_16313543_trace_sepsis_V1.6-V6.5-SELECTIVE_PRECISION.json,R_V69K_00064,traitement_administre_a,TARGET_MISMATCH,P5_E007,adrénaline | vasopresseur,TRAITEMENT,TRAITEMENT,P5_E042,patient,LABEL_NOSOLOGIQUE,DONNEE_PATIENT
img20250709_16313543_trace_sepsis_V1.6-V6.5-SELECTIVE_PRECISION.json,R_V69K_00066,traitement_administre_a,TARGET_MISMATCH,P5_E012,NO | NO_inhale,TRAITEMENT,TRAITEMENT,P5_E042,patient,LABEL_NOSOLOGIQUE,DONNEE_PATIENT
img20250709_16313543_trace_sepsis_V1.6-V6.5-SELECTIVE_PRECISION.json,R_V69K_00068,traitement_administre_a,TARGET_MISMATCH,P5_E018,hémodiafiltration | epuration_extra_renale,TRAITEMENT,TRAITEMENT,P5_E042,patient,LABEL_NOSOLOGIQUE,DONNEE_PATIENT
img20250709_16313543_trace_sepsis_V1.6-V6.5-SELECTIVE_PRECISION.json,R_V69K_00069,traitement_administre_a,TARGET_MISMATCH,P5_E023,perfusion d'albumine | albumine | colloide,TRAITEMENT,TRAITEMENT,P5_E042,patient,LABEL_NOSOLOGIQUE,DONNEE_PATIENT
img20250709_16313543_trace_sepsis_V1.6-V6.5-SELECTIVE_PRECISION.json,R_V69K_00070,traitement_administre_a,TARGET_MISMATCH,P5_E024,nutrition entérale hyperprotidique | nutrition_enterale,TRAITEMENT,TRAITEMENT,P5_E042,patient,LABEL_NOSOLOGIQUE,DONNEE_PATIENT
img20250709_16313543_trace_sepsis_V1.6-V6.5-SELECTIVE_PRECISION.json,R_V69K_00071,traitement_administre_a,TARGET_MISMATCH,P5_E021,cordarone | antiarythmique,TRAITEMENT,TRAITEMENT,P5_E042,patient,LABEL_NOSOLOGIQUE,DONNEE_PATIENT
img20250709_16313543_trace_sepsis_V1.6-V6.5-SELECTIVE_PRECISION.json,R_V69K_00072,traitement_administre_a,TARGET_MISMATCH,P5_E028,inhibiteurs de la pompe à protons | autre,TRAITEMENT,TRAITEMENT,P5_E042,patient,LABEL_NOSOLOGIQUE,DONNEE_PATIENT
img20250709_16313543_trace_sepsis_V1.6-V6.5-SELECTIVE_PRECISION.json,R_V69K_00073,traitement_administre_a,TARGET_MISMATCH,P5_E009,quadrithérapie antituberculeuse | antibiotique,TRAITEMENT,TRAITEMENT,P5_E042,patient,LABEL_NOSOLOGIQUE,DONNEE_PATIENT
img20250709_16313543_trace_sepsis_V1.6-V6.5-SELECTIVE_PRECISION.json,R_V69K_00074,traitement_administre_a,TARGET_MISMATCH,P5_E033,traitement antituberculeux | antibiotique,TRAITEMENT,TRAITEMENT,P5_E042,patient,LABEL_NOSOLOGIQUE,DONNEE_PATIENT
img20250709_16313543_trace_sepsis_V1.6-V6.5-SELECTIVE_PRECISION.json,R_V69K_00075,presente_dysfonction_organe,SOURCE_MISMATCH,P5_E042,patient,LABEL_NOSOLOGIQUE,DONNEE_PATIENT,P5_E010,SDRA | respiratoire,DEFAILLANCE_ORGANE,DEFAILLANCE_ORGANE
img20250709_16313543_trace_sepsis_V1.6-V6.5-SELECTIVE_PRECISION.json,R_V69K_00077,presente_dysfonction_organe,SOURCE_MISMATCH,P5_E042,patient,LABEL_NOSOLOGIQUE,DONNEE_PATIENT,P5_E015,insuffisance rénale | renal,DEFAILLANCE_ORGANE,DEFAILLANCE_ORGANE
img20250709_16313543_trace_sepsis_V1.6-V6.5-SELECTIVE_PRECISION.json,R_V69K_00080,a_pour_label_nosologique,SOURCE_MISMATCH,P5_E042,patient,LABEL_NOSOLOGIQUE,DONNEE_PATIENT,P5_E040,acidose métabolique | metabolique,LABEL_NOSOLOGIQUE,LABEL_NOSOLOGIQUE
img20250709_16313543_trace_sepsis_V1.6-V6.5-SELECTIVE_PRECISION.json,R_V69K_00081,a_pour_label_nosologique,BOTH_MISMATCH,P5_E042,patient,LABEL_NOSOLOGIQUE,DONNEE_PATIENT,P5_E019,HTAP | cardiaque,DEFAILLANCE_ORGANE,LABEL_NOSOLOGIQUE
img20250709_16313543_trace_sepsis_V1.6-V6.5-SELECTIVE_PRECISION.json,R_V69K_00082,a_pour_label_nosologique,SOURCE_MISMATCH,P5_E042,patient,LABEL_NOSOLOGIQUE,DONNEE_PATIENT,P5_E020,ACFA,LABEL_NOSOLOGIQUE,LABEL_NOSOLOGIQUE
img20250709_16313543_trace_sepsis_V1.6-V6.5-SELECTIVE_PRECISION.json,R_V69K_00083,a_pour_label_nosologique,SOURCE_MISMATCH,P5_E042,patient,LABEL_NOSOLOGIQUE,DONNEE_PATIENT,P5_E027,syndrome d'activation macrophagique | syndrome_activation_macrophagique,LABEL_NOSOLOGIQUE,LABEL_NOSOLOGIQUE
img20250709_16313543_trace_sepsis_V1.6-V6.5-SELECTIVE_PRECISION.json,R_V69K_00084,presente_symptome,SOURCE_MISMATCH,P5_E042,patient,LABEL_NOSOLOGIQUE,DONNEE_PATIENT,P5_E030,épisode de méléna | méléna,SYMPTOME,SYMPTOME
img20250709_16313543_trace_sepsis_V1.6-V6.5-SELECTIVE_PRECISION.json,R_V69K_00085,a_pour_label_nosologique,BOTH_MISMATCH,P5_E042,patient,LABEL_NOSOLOGIQUE,DONNEE_PATIENT,P5_E039,ulcère gastrique,SYMPTOME,LABEL_NOSOLOGIQUE
img20250709_16313543_trace_sepsis_V1.6-V6.5-SELECTIVE_PRECISION.json,R_V69K_00086,presente_symptome,SOURCE_MISMATCH,P5_E042,patient,LABEL_NOSOLOGIQUE,DONNEE_PATIENT,P5_E035,tachyarythmie,SYMPTOME,SYMPTOME
img20250709_16313543_trace_sepsis_V1.6-V6.5-SELECTIVE_PRECISION.json,R_V69K_00087,presente_symptome,SOURCE_MISMATCH,P5_E042,patient,LABEL_NOSOLOGIQUE,DONNEE_PATIENT,P5_E036,collapsus des cavités gauches | collapsus,SYMPTOME,SYMPTOME
img20250709_16313543_trace_sepsis_V1.6-V6.5-SELECTIVE_PRECISION.json,R_V69K_00088,presente_symptome,SOURCE_MISMATCH,P5_E042,patient,LABEL_NOSOLOGIQUE,DONNEE_PATIENT,P5_E037,désaturation brutale | désaturation,SYMPTOME,SYMPTOME
img20250709_16313543_trace_sepsis_V1.6-V6.5-SELECTIVE_PRECISION.json,R_V69K_00089,presente_symptome,SOURCE_MISMATCH,P5_E042,patient,LABEL_NOSOLOGIQUE,DONNEE_PATIENT,P5_E038,perte de contact avec patient vigile | perte de contact,SYMPTOME,SYMPTOME
img20250709_16313543_trace_sepsis_V1.6-V6.5-SELECTIVE_PRECISION.json,R_V69K_00090,presente_dysfonction_organe,SOURCE_MISMATCH,P5_E042,patient,LABEL_NOSOLOGIQUE,DONNEE_PATIENT,P5_E053,arrêts cardiaques | arrêts_cardiaques,DEFAILLANCE_ORGANE,DEFAILLANCE_ORGANE
img20250709_16313543_trace_sepsis_V1.6-V6.5-SELECTIVE_PRECISION.json,R_V69K_00091,traitement_administre_a,TARGET_MISMATCH,P5_E052,trachéotomie,TRAITEMENT,TRAITEMENT,P5_E042,patient,LABEL_NOSOLOGIQUE,DONNEE_PATIENT
img20250709_16313543_trace_sepsis_V1.6-V6.5-SELECTIVE_PRECISION.json,R_V69K_00093,traitement_administre_a,TARGET_MISMATCH,P5_E006,remplissage vasculaire | remplissage_vasculaire,TRAITEMENT,TRAITEMENT,P5_E042,patient,LABEL_NOSOLOGIQUE,DONNEE_PATIENT
img20250709_16313543_trace_sepsis_V1.6-V6.5-SELECTIVE_PRECISION.json,R_V69K_00094,traitement_administre_a,TARGET_MISMATCH,P5_E034,traitement intraveineux | antibiotique,TRAITEMENT,TRAITEMENT,P5_E042,patient,LABEL_NOSOLOGIQUE,DONNEE_PATIENT
img20250709_16313543_trace_sepsis_V1.6-V6.5-SELECTIVE_PRECISION.json,R_V69K_00098,traitement_administre_a,TARGET_MISMATCH,P6_E008,intubation et ventilation mécanique | ventilation mécanique | ventilation_mecanique,TRAITEMENT,TRAITEMENT,P6_E025,Patient | patient,LABEL_NOSOLOGIQUE,DONNEE_PATIENT
img20250709_16313543_trace_sepsis_V1.6-V6.5-SELECTIVE_PRECISION.json,R_V69K_00099,traitement_administre_a,TARGET_MISMATCH,P6_E009,trachéotomie | tracheotomie,TRAITEMENT,TRAITEMENT,P6_E025,Patient | patient,LABEL_NOSOLOGIQUE,DONNEE_PATIENT
img20250709_16313543_trace_sepsis_V1.6-V6.5-SELECTIVE_PRECISION.json,R_V69K_00100,traitement_administre_a,TARGET_MISMATCH,P6_E010,noradrénaline | vasopresseur,TRAITEMENT,TRAITEMENT,P6_E025,Patient | patient,LABEL_NOSOLOGIQUE,DONNEE_PATIENT
img20250709_16313543_trace_sepsis_V1.6-V6.5-SELECTIVE_PRECISION.json,R_V69K_00101,traitement_administre_a,TARGET_MISMATCH,P6_E015,Transfusion sanguine : oui - Produits ou dérivés sanguins utilisés : CGR | Transfusion | transfusion_CGR,TRAITEMENT,TRAITEMENT,P6_E025,Patient | patient,LABEL_NOSOLOGIQUE,DONNEE_PATIENT
img20250709_16313543_trace_sepsis_V1.6-V6.5-SELECTIVE_PRECISION.json,R_V69K_00102,a_pour_label_nosologique,SOURCE_MISMATCH,P6_E025,Patient | patient,LABEL_NOSOLOGIQUE,DONNEE_PATIENT,P6_E001,tuberculose pulmonaire | tuberculose,LABEL_NOSOLOGIQUE,LABEL_NOSOLOGIQUE
img20250709_16313543_trace_sepsis_V1.6-V6.5-SELECTIVE_PRECISION.json,R_V69K_00103,presente_suspicion_infection,SOURCE_MISMATCH,P6_E025,Patient | patient,LABEL_NOSOLOGIQUE,DONNEE_PATIENT,P6_E002,surinfection à pyocyanique | pneumopathie_infectieuse,FOYER_INFECTIEUX,FOYER_INFECTIEUX
img20250709_16313543_trace_sepsis_V1.6-V6.5-SELECTIVE_PRECISION.json,R_V69K_00104,presente_dysfonction_organe,SOURCE_MISMATCH,P6_E025,Patient | patient,LABEL_NOSOLOGIQUE,DONNEE_PATIENT,P6_E012,défaillance multiviscérale | respiratoire,DEFAILLANCE_ORGANE,DEFAILLANCE_ORGANE
img20250709_16313543_trace_sepsis_V1.6-V6.5-SELECTIVE_PRECISION.json,R_V69K_00105,presente_dysfonction_organe,SOURCE_MISMATCH,P6_E025,Patient | patient,LABEL_NOSOLOGIQUE,DONNEE_PATIENT,P6_E013,Insuffisance rénale | renal,DEFAILLANCE_ORGANE,DEFAILLANCE_ORGANE
img20250709_16313543_trace_sepsis_V1.6-V6.5-SELECTIVE_PRECISION.json,R_V69K_00106,a_pour_label_nosologique,SOURCE_MISMATCH,P6_E025,Patient | patient,LABEL_NOSOLOGIQUE,DONNEE_PATIENT,P6_E014,état de choc septique | choc_septique,LABEL_NOSOLOGIQUE,LABEL_NOSOLOGIQUE
img20250709_16313543_trace_sepsis_V1.6-V6.5-SELECTIVE_PRECISION.json,R_V69K_00107,presente_symptome,SOURCE_MISMATCH,P6_E025,Patient | patient,LABEL_NOSOLOGIQUE,DONNEE_PATIENT,P6_E021,d'origine hypoxique | hypoxie,SYMPTOME,SYMPTOME
img20250709_16313543_trace_sepsis_V1.6-V6.5-SELECTIVE_PRECISION.json,R_V69K_00108,presente_dysfonction_organe,SOURCE_MISMATCH,P6_E025,Patient | patient,LABEL_NOSOLOGIQUE,DONNEE_PATIENT,P6_E020,détresse respiratoire aiguë | respiratoire,DEFAILLANCE_ORGANE,DEFAILLANCE_ORGANE
img20250709_16313543_trace_sepsis_V1.6-V6.5-SELECTIVE_PRECISION.json,R_V69K_00109,a_pour_label_nosologique,BOTH_MISMATCH,P6_E025,Patient | patient,LABEL_NOSOLOGIQUE,DONNEE_PATIENT,P6_E022,HTAP secondaire aux lésions pulmonaires | autre,DEFAILLANCE_ORGANE,LABEL_NOSOLOGIQUE
img20250709_16313543_trace_sepsis_V1.6-V6.5-SELECTIVE_PRECISION.json,R_V69K_00110,a_pour_label_nosologique,SOURCE_MISMATCH,P6_E025,Patient | patient,LABEL_NOSOLOGIQUE,DONNEE_PATIENT,P6_E031,choc septique | choc_septique,LABEL_NOSOLOGIQUE,LABEL_NOSOLOGIQUE
img20250709_16313543_trace_sepsis_V1.6-V6.5-SELECTIVE_PRECISION.json,R_V69K_00111,traitement_administre_a,TARGET_MISMATCH,P6_E004,traitement adapté de la tuberculose | antibiotique,TRAITEMENT,TRAITEMENT,P6_E025,Patient | patient,LABEL_NOSOLOGIQUE,DONNEE_PATIENT
img20250709_16313543_trace_sepsis_V1.6-V6.5-SELECTIVE_PRECISION.json,R_V69K_00112,traitement_administre_a,TARGET_MISMATCH,P6_E005,adaptation des traitements antibiotiques | antibiotique,TRAITEMENT,TRAITEMENT,P6_E025,Patient | patient,LABEL_NOSOLOGIQUE,DONNEE_PATIENT
img20250709_16313543_trace_sepsis_V1.6-V6.5-SELECTIVE_PRECISION.json,R_V69K_00113,traitement_administre_a,TARGET_MISMATCH,P6_E006,corticothérapie à 1mg/kg | corticothérapie | corticoide,TRAITEMENT,TRAITEMENT,P6_E025,Patient | patient,LABEL_NOSOLOGIQUE,DONNEE_PATIENT
img20250709_16313543_trace_sepsis_V1.6-V6.5-SELECTIVE_PRECISION.json,R_V69K_00114,traitement_administre_a,TARGET_MISMATCH,P6_E029,intubation,TRAITEMENT,TRAITEMENT,P6_E025,Patient | patient,LABEL_NOSOLOGIQUE,DONNEE_PATIENT
img20250709_16313543_trace_sepsis_V1.6-V6.5-SELECTIVE_PRECISION.json,R_V69K_00128,service_medical_accueille,TARGET_MISMATCH,P2_E014,USI Pneumologie à l'HEGP,SERVICE_MEDICAL,SERVICE_MEDICAL,P1_E018,Patient : SOR [?] GER [?],SYMPTOME,DONNEE_PATIENT
img20250709_16313543_trace_sepsis_V1.6-V6.5-SELECTIVE_PRECISION.json,R_V69K_00129,service_medical_accueille,TARGET_MISMATCH,P1_E001,CRH réanimation de Bover Marc | réanimation,SERVICE_MEDICAL,SERVICE_MEDICAL,P1_E018,Patient : SOR [?] GER [?],SYMPTOME,DONNEE_PATIENT
img20250709_16313543_trace_sepsis_V1.6-V6.5-SELECTIVE_PRECISION.json,R_V69K_00130,traitement_administre_a,TARGET_MISMATCH,P2_E041,amlodipine 5mg | amlodipine | autre,TRAITEMENT,TRAITEMENT,P1_E018,Patient : SOR [?] GER [?],SYMPTOME,DONNEE_PATIENT
img20250709_16313543_trace_sepsis_V1.6-V6.5-SELECTIVE_PRECISION.json,R_V69K_00132,presente_symptome,BOTH_MISMATCH,P1_E018,Patient : SOR [?] GER [?],SYMPTOME,DONNEE_PATIENT,P1_E017,perte d'environ 20 kg | poids_kg,DONNEE_PATIENT,SYMPTOME
img20250709_16321359_trace_sepsis_V1.6-V6.5-SELECTIVE_PRECISION.json,R_V69K_00003,a_pour_label_nosologique,TARGET_MISMATCH,P1_E024,Patient | patient,DONNEE_PATIENT,DONNEE_PATIENT,P1_E004,bronchite | toux,SYMPTOME,LABEL_NOSOLOGIQUE
img20250709_16321359_trace_sepsis_V1.6-V6.5-SELECTIVE_PRECISION.json,R_V69K_00040,a_pour_label_nosologique,SOURCE_MISMATCH,P4_E036,La patiente | patient,DEFAILLANCE_ORGANE,DONNEE_PATIENT,P4_E001,choc septique | sepsis,LABEL_NOSOLOGIQUE,LABEL_NOSOLOGIQUE
img20250709_16321359_trace_sepsis_V1.6-V6.5-SELECTIVE_PRECISION.json,R_V69K_00041,presente_suspicion_infection,SOURCE_MISMATCH,P4_E036,La patiente | patient,DEFAILLANCE_ORGANE,DONNEE_PATIENT,P4_E002,point de départ pulmonaire | pneumopathie_infectieuse,FOYER_INFECTIEUX,FOYER_INFECTIEUX
img20250709_16321359_trace_sepsis_V1.6-V6.5-SELECTIVE_PRECISION.json,R_V69K_00042,presente_dysfonction_organe,SOURCE_MISMATCH,P4_E036,La patiente | patient,DEFAILLANCE_ORGANE,DONNEE_PATIENT,P4_E031,défaillance hépatique avec insuffisance hépatique avec cytolyse | hepatique,DEFAILLANCE_ORGANE,DEFAILLANCE_ORGANE
img20250709_16321359_trace_sepsis_V1.6-V6.5-SELECTIVE_PRECISION.json,R_V69K_00043,traitement_administre_a,TARGET_MISMATCH,P4_E003,Tazocilline | antibiotique,TRAITEMENT,TRAITEMENT,P4_E036,La patiente | patient,DEFAILLANCE_ORGANE,DONNEE_PATIENT
img20250709_16321359_trace_sepsis_V1.6-V6.5-SELECTIVE_PRECISION.json,R_V69K_00044,traitement_administre_a,TARGET_MISMATCH,P4_E004,Rovamycine | antibiotique,TRAITEMENT,TRAITEMENT,P4_E036,La patiente | patient,DEFAILLANCE_ORGANE,DONNEE_PATIENT
img20250709_16321359_trace_sepsis_V1.6-V6.5-SELECTIVE_PRECISION.json,R_V69K_00045,traitement_administre_a,TARGET_MISMATCH,P4_E007,introduction d'amikacine | amikacine | antibiotique,TRAITEMENT,TRAITEMENT,P4_E036,La patiente | patient,DEFAILLANCE_ORGANE,DONNEE_PATIENT
img20250709_16321359_trace_sepsis_V1.6-V6.5-SELECTIVE_PRECISION.json,R_V69K_00048,traitement_administre_a,TARGET_MISMATCH,P4_E042,anticoagulation,TRAITEMENT,TRAITEMENT,P4_E036,La patiente | patient,DEFAILLANCE_ORGANE,DONNEE_PATIENT
img20250709_16321359_trace_sepsis_V1.6-V6.5-SELECTIVE_PRECISION.json,R_V69K_00049,traitement_administre_a,TARGET_MISMATCH,P4_E017,remplissage vasculaire | remplissage_vasculaire,TRAITEMENT,TRAITEMENT,P4_E036,La patiente | patient,DEFAILLANCE_ORGANE,DONNEE_PATIENT
img20250709_16321359_trace_sepsis_V1.6-V6.5-SELECTIVE_PRECISION.json,R_V69K_00050,traitement_administre_a,TARGET_MISMATCH,P4_E018,noradrénaline | vasopresseur,TRAITEMENT,TRAITEMENT,P4_E036,La patiente | patient,DEFAILLANCE_ORGANE,DONNEE_PATIENT
img20250709_16321359_trace_sepsis_V1.6-V6.5-SELECTIVE_PRECISION.json,R_V69K_00051,traitement_administre_a,TARGET_MISMATCH,P4_E019,adrénaline | vasopresseur,TRAITEMENT,TRAITEMENT,P4_E036,La patiente | patient,DEFAILLANCE_ORGANE,DONNEE_PATIENT
img20250709_16321359_trace_sepsis_V1.6-V6.5-SELECTIVE_PRECISION.json,R_V69K_00052,traitement_administre_a,TARGET_MISMATCH,P4_E020,Intubée en mode VAC | Intubé | ventilation_mecanique,TRAITEMENT,TRAITEMENT,P4_E036,La patiente | patient,DEFAILLANCE_ORGANE,DONNEE_PATIENT
img20250709_16321359_trace_sepsis_V1.6-V6.5-SELECTIVE_PRECISION.json,R_V69K_00054,presente_symptome,SOURCE_MISMATCH,P4_E036,La patiente | patient,DEFAILLANCE_ORGANE,DONNEE_PATIENT,P4_E032,signes de nécrose acrale | nécrose_acrale,SYMPTOME,SYMPTOME
img20250709_16321359_trace_sepsis_V1.6-V6.5-SELECTIVE_PRECISION.json,R_V69K_00055,presente_symptome,SOURCE_MISMATCH,P4_E036,La patiente | patient,DEFAILLANCE_ORGANE,DONNEE_PATIENT,P4_E033,hypoxie majeure | hypoxie_majeure,SYMPTOME,SYMPTOME
img20250709_16321359_trace_sepsis_V1.6-V6.5-SELECTIVE_PRECISION.json,R_V69K_00056,traitement_administre_a,TARGET_MISMATCH,P4_E029,dialyse en continue | epuration_extra_renale,TRAITEMENT,TRAITEMENT,P4_E036,La patiente | patient,DEFAILLANCE_ORGANE,DONNEE_PATIENT
img20250709_16321359_trace_sepsis_V1.6-V6.5-SELECTIVE_PRECISION.json,R_V69K_00057,patient_a_pour_evolution,SOURCE_MISMATCH,P4_E036,La patiente | patient,DEFAILLANCE_ORGANE,DONNEE_PATIENT,P4_E049,Décès | evolution_clinique,EVOLUTION_PRONOSTIC,EVOLUTION_PRONOSTIC
img20250709_16321359_trace_sepsis_V1.6-V6.5-SELECTIVE_PRECISION.json,R_V69K_00058,presente_dysfonction_organe,BOTH_MISMATCH,P4_E036,La patiente | patient,DEFAILLANCE_ORGANE,DONNEE_PATIENT,P4_E039,anurie | renal,SYMPTOME,DEFAILLANCE_ORGANE
img20250709_16321359_trace_sepsis_V1.6-V6.5-SELECTIVE_PRECISION.json,R_V69K_00059,presente_dysfonction_organe,SOURCE_MISMATCH,P4_E036,La patiente | patient,DEFAILLANCE_ORGANE,DONNEE_PATIENT,P4_E041,CIVD | hematologique,DEFAILLANCE_ORGANE,DEFAILLANCE_ORGANE
img20250709_16321359_trace_sepsis_V1.6-V6.5-SELECTIVE_PRECISION.json,R_V69K_00060,presente_symptome,SOURCE_MISMATCH,P4_E036,La patiente | patient,DEFAILLANCE_ORGANE,DONNEE_PATIENT,P4_E043,désaturation,SYMPTOME,SYMPTOME
img20250709_16321359_trace_sepsis_V1.6-V6.5-SELECTIVE_PRECISION.json,R_V69K_00061,patient_a_pour_evolution,SOURCE_MISMATCH,P4_E036,La patiente | patient,DEFAILLANCE_ORGANE,DONNEE_PATIENT,P4_E047,se normalise avec une patiente qui reste anurique durant tout le séjour | evolution_clinique,EVOLUTION_PRONOSTIC,EVOLUTION_PRONOSTIC
img20250709_16321359_trace_sepsis_V1.6-V6.5-SELECTIVE_PRECISION.json,R_V69K_00067,traitement_administre_a,TARGET_MISMATCH,P4_E025,curarisation,TRAITEMENT,TRAITEMENT,P4_E036,La patiente | patient,DEFAILLANCE_ORGANE,DONNEE_PATIENT
img20250709_16321359_trace_sepsis_V1.6-V6.5-SELECTIVE_PRECISION.json,,presente_dysfonction_organe,SOURCE_MISMATCH,P4_E036,La patiente | patient,DEFAILLANCE_ORGANE,DONNEE_PATIENT,P4_V75_001,défaillance multiviscérale,DEFAILLANCE_ORGANE,DEFAILLANCE_ORGANE
img20250709_16331952_trace_sepsis_V1.6-V6.5-SELECTIVE_PRECISION.json,R_V69K_00001,a_pour_label_nosologique,SOURCE_MISMATCH,P1_E020,Patient | patient,SYMPTOME,DONNEE_PATIENT,P1_E001,choc septique | choc_septique,LABEL_NOSOLOGIQUE,LABEL_NOSOLOGIQUE
img20250709_16331952_trace_sepsis_V1.6-V6.5-SELECTIVE_PRECISION.json,R_V69K_00002,presente_symptome,SOURCE_MISMATCH,P1_E020,Patient | patient,SYMPTOME,DONNEE_PATIENT,P1_E002,asthénie | asthenie,SYMPTOME,SYMPTOME
img20250709_16331952_trace_sepsis_V1.6-V6.5-SELECTIVE_PRECISION.json,R_V69K_00003,presente_symptome,SOURCE_MISMATCH,P1_E020,Patient | patient,SYMPTOME,DONNEE_PATIENT,P1_E003,douloureuses | douleur,SYMPTOME,SYMPTOME
img20250709_16331952_trace_sepsis_V1.6-V6.5-SELECTIVE_PRECISION.json,R_V69K_00004,presente_symptome,SOURCE_MISMATCH,P1_E020,Patient | patient,SYMPTOME,DONNEE_PATIENT,P1_E017,insomniantes | insomnie,SYMPTOME,SYMPTOME
img20250709_16331952_trace_sepsis_V1.6-V6.5-SELECTIVE_PRECISION.json,R_V69K_00005,traitement_administre_a,TARGET_MISMATCH,P1_E004,KLIPAL | antalgique,TRAITEMENT,TRAITEMENT,P1_E020,Patient | patient,SYMPTOME,DONNEE_PATIENT
img20250709_16331952_trace_sepsis_V1.6-V6.5-SELECTIVE_PRECISION.json,R_V69K_00006,traitement_administre_a,TARGET_MISMATCH,P1_E012,BIPROFENIDE 100lp 1.0.1 au long cours pour douleurs articulaires | BIPROFENIDE 100lp 1.0.1 | traitement_habituel,TRAITEMENT,TRAITEMENT,P1_E020,Patient | patient,SYMPTOME,DONNEE_PATIENT
img20250709_16331952_trace_sepsis_V1.6-V6.5-SELECTIVE_PRECISION.json,R_V69K_00007,traitement_administre_a,TARGET_MISMATCH,P1_E013,IANSOPRAZOLE30 | traitement_habituel,TRAITEMENT,TRAITEMENT,P1_E020,Patient | patient,SYMPTOME,DONNEE_PATIENT
img20250709_16331952_trace_sepsis_V1.6-V6.5-SELECTIVE_PRECISION.json,R_V69K_00008,traitement_administre_a,TARGET_MISMATCH,P1_E014,OKIMUS | traitement_habituel,TRAITEMENT,TRAITEMENT,P1_E020,Patient | patient,SYMPTOME,DONNEE_PATIENT
img20250709_16331952_trace_sepsis_V1.6-V6.5-SELECTIVE_PRECISION.json,R_V69K_00009,traitement_administre_a,TARGET_MISMATCH,P1_E015,URBANYL | traitement_habituel,TRAITEMENT,TRAITEMENT,P1_E020,Patient | patient,SYMPTOME,DONNEE_PATIENT
img20250709_16331952_trace_sepsis_V1.6-V6.5-SELECTIVE_PRECISION.json,R_V69K_00010,traitement_administre_a,TARGET_MISMATCH,P1_E016,IXPRIM | traitement_habituel,TRAITEMENT,TRAITEMENT,P1_E020,Patient | patient,SYMPTOME,DONNEE_PATIENT
img20250709_16331952_trace_sepsis_V1.6-V6.5-SELECTIVE_PRECISION.json,R_V69K_00045,a_pour_label_nosologique,SOURCE_MISMATCH,P4_E032,patient,DEFAILLANCE_ORGANE,DONNEE_PATIENT,P4_E006,choc septique | choc_septique,LABEL_NOSOLOGIQUE,LABEL_NOSOLOGIQUE
img20250709_16331952_trace_sepsis_V1.6-V6.5-SELECTIVE_PRECISION.json,R_V69K_00046,presente_dysfonction_organe,SOURCE_MISMATCH,P4_E032,patient,DEFAILLANCE_ORGANE,DONNEE_PATIENT,P4_E007,SDRA | respiratoire,DEFAILLANCE_ORGANE,DEFAILLANCE_ORGANE
img20250709_16331952_trace_sepsis_V1.6-V6.5-SELECTIVE_PRECISION.json,R_V69K_00047,presente_dysfonction_organe,SOURCE_MISMATCH,P4_E032,patient,DEFAILLANCE_ORGANE,DONNEE_PATIENT,P4_E008,IRA | renal,DEFAILLANCE_ORGANE,DEFAILLANCE_ORGANE
img20250709_16331952_trace_sepsis_V1.6-V6.5-SELECTIVE_PRECISION.json,R_V69K_00048,presente_dysfonction_organe,SOURCE_MISMATCH,P4_E032,patient,DEFAILLANCE_ORGANE,DONNEE_PATIENT,P4_E036,insuffisance rénale | renal,DEFAILLANCE_ORGANE,DEFAILLANCE_ORGANE
img20250709_16331952_trace_sepsis_V1.6-V6.5-SELECTIVE_PRECISION.json,R_V69K_00049,presente_dysfonction_organe,BOTH_MISMATCH,P4_E032,patient,DEFAILLANCE_ORGANE,DONNEE_PATIENT,P4_E029,anurie | renal,SYMPTOME,DEFAILLANCE_ORGANE
img20250709_16331952_trace_sepsis_V1.6-V6.5-SELECTIVE_PRECISION.json,R_V69K_00050,traitement_administre_a,TARGET_MISMATCH,P4_E009,amoxicilline | antibiotique,TRAITEMENT,TRAITEMENT,P4_E032,patient,DEFAILLANCE_ORGANE,DONNEE_PATIENT
img20250709_16331952_trace_sepsis_V1.6-V6.5-SELECTIVE_PRECISION.json,R_V69K_00051,traitement_administre_a,TARGET_MISMATCH,P4_E010,dalacine | antibiotique,TRAITEMENT,TRAITEMENT,P4_E032,patient,DEFAILLANCE_ORGANE,DONNEE_PATIENT
img20250709_16331952_trace_sepsis_V1.6-V6.5-SELECTIVE_PRECISION.json,R_V69K_00052,traitement_administre_a,TARGET_MISMATCH,P4_E016,amox | antibiotique,TRAITEMENT,TRAITEMENT,P4_E032,patient,DEFAILLANCE_ORGANE,DONNEE_PATIENT
img20250709_16331952_trace_sepsis_V1.6-V6.5-SELECTIVE_PRECISION.json,R_V69K_00053,traitement_administre_a,TARGET_MISMATCH,P4_E017,clindamycine | antibiotique,TRAITEMENT,TRAITEMENT,P4_E032,patient,DEFAILLANCE_ORGANE,DONNEE_PATIENT
img20250709_16331952_trace_sepsis_V1.6-V6.5-SELECTIVE_PRECISION.json,R_V69K_00054,traitement_administre_a,TARGET_MISMATCH,P4_E013,remplissage vasculaire | remplissage_vasculaire,TRAITEMENT,TRAITEMENT,P4_E032,patient,DEFAILLANCE_ORGANE,DONNEE_PATIENT
img20250709_16331952_trace_sepsis_V1.6-V6.5-SELECTIVE_PRECISION.json,R_V69K_00055,traitement_administre_a,TARGET_MISMATCH,P4_E014,noradrénaline | vasopresseur,TRAITEMENT,TRAITEMENT,P4_E032,patient,DEFAILLANCE_ORGANE,DONNEE_PATIENT
img20250709_16331952_trace_sepsis_V1.6-V6.5-SELECTIVE_PRECISION.json,R_V69K_00056,traitement_administre_a,TARGET_MISMATCH,P4_E015,Epuration extra rénal | epuration_extra_renale,TRAITEMENT,TRAITEMENT,P4_E032,patient,DEFAILLANCE_ORGANE,DONNEE_PATIENT
img20250709_16331952_trace_sepsis_V1.6-V6.5-SELECTIVE_PRECISION.json,R_V69K_00057,traitement_administre_a,TARGET_MISMATCH,P4_E024,Aponévrotomies de décharges | chirurgie,TRAITEMENT,TRAITEMENT,P4_E032,patient,DEFAILLANCE_ORGANE,DONNEE_PATIENT
img20250709_16331952_trace_sepsis_V1.6-V6.5-SELECTIVE_PRECISION.json,R_V69K_00058,presente_suspicion_infection,SOURCE_MISMATCH,P4_E032,patient,DEFAILLANCE_ORGANE,DONNEE_PATIENT,P4_E030,dermo-hypodermite du membre supérieur droit,FOYER_INFECTIEUX,FOYER_INFECTIEUX
img20250709_16331952_trace_sepsis_V1.6-V6.5-SELECTIVE_PRECISION.json,R_V69K_00091,traitement_administre_a,TARGET_MISMATCH,P6_E001,Tienam | antibiotique,TRAITEMENT,TRAITEMENT,P6_E028,le patient | patient,SYMPTOME,DONNEE_PATIENT
img20250709_16331952_trace_sepsis_V1.6-V6.5-SELECTIVE_PRECISION.json,R_V69K_00092,traitement_administre_a,TARGET_MISMATCH,P6_E002,Vancomycine | antibiotique,TRAITEMENT,TRAITEMENT,P6_E028,le patient | patient,SYMPTOME,DONNEE_PATIENT
img20250709_16331952_trace_sepsis_V1.6-V6.5-SELECTIVE_PRECISION.json,R_V69K_00093,traitement_administre_a,TARGET_MISMATCH,P6_E003,Flagyl | antibiotique,TRAITEMENT,TRAITEMENT,P6_E028,le patient | patient,SYMPTOME,DONNEE_PATIENT
img20250709_16331952_trace_sepsis_V1.6-V6.5-SELECTIVE_PRECISION.json,R_V69K_00094,traitement_administre_a,TARGET_MISMATCH,P6_E004,Triflucan | antifongique,TRAITEMENT,TRAITEMENT,P6_E028,le patient | patient,SYMPTOME,DONNEE_PATIENT
img20250709_16331952_trace_sepsis_V1.6-V6.5-SELECTIVE_PRECISION.json,R_V69K_00095,traitement_administre_a,TARGET_MISMATCH,P6_E006,reprise transitoire de la dialyse | dialyse | autre,TRAITEMENT,TRAITEMENT,P6_E028,le patient | patient,SYMPTOME,DONNEE_PATIENT
img20250709_16331952_trace_sepsis_V1.6-V6.5-SELECTIVE_PRECISION.json,R_V69K_00096,traitement_administre_a,TARGET_MISMATCH,P6_E015,reprise progressive de l'alimentation entérale | nutrition_enterale,TRAITEMENT,TRAITEMENT,P6_E028,le patient | patient,SYMPTOME,DONNEE_PATIENT
img20250709_16331952_trace_sepsis_V1.6-V6.5-SELECTIVE_PRECISION.json,R_V69K_00097,traitement_administre_a,TARGET_MISMATCH,P6_E017,Switch Tienam pour Tazocilline | Tazocilline | antibiotique,TRAITEMENT,TRAITEMENT,P6_E028,le patient | patient,SYMPTOME,DONNEE_PATIENT
img20250709_16331952_trace_sepsis_V1.6-V6.5-SELECTIVE_PRECISION.json,R_V69K_00099,presente_symptome,SOURCE_MISMATCH,P6_E028,le patient | patient,SYMPTOME,DONNEE_PATIENT,P6_E007,fièvre persistante | fievre,SYMPTOME,SYMPTOME
img20250709_16331952_trace_sepsis_V1.6-V6.5-SELECTIVE_PRECISION.json,R_V69K_00100,presente_symptome,SOURCE_MISMATCH,P6_E028,le patient | patient,SYMPTOME,DONNEE_PATIENT,P6_E019,Patient à nouveau fébrile depuis le 23/02/13 | fievre,SYMPTOME,SYMPTOME
img20250709_16331952_trace_sepsis_V1.6-V6.5-SELECTIVE_PRECISION.json,R_V69K_00101,presente_symptome,SOURCE_MISMATCH,P6_E028,le patient | patient,SYMPTOME,DONNEE_PATIENT,P6_E023,Abdomen restant douloureux | douleur,SYMPTOME,SYMPTOME
img20250709_16331952_trace_sepsis_V1.6-V6.5-SELECTIVE_PRECISION.json,R_V69K_00102,presente_symptome,SOURCE_MISMATCH,P6_E028,le patient | patient,SYMPTOME,DONNEE_PATIENT,P6_E024,Patient à nouveau fébrile | fievre,SYMPTOME,SYMPTOME
img20250709_16331952_trace_sepsis_V1.6-V6.5-SELECTIVE_PRECISION.json,R_V69K_00103,a_pour_label_nosologique,SOURCE_MISMATCH,P6_E028,le patient | patient,SYMPTOME,DONNEE_PATIENT,P6_E027,septicémie à acinitobacter baumanii,LABEL_NOSOLOGIQUE,LABEL_NOSOLOGIQUE
img20250709_16331952_trace_sepsis_V1.6-V6.5-SELECTIVE_PRECISION.json,R_V69K_00104,service_medical_accueille,TARGET_MISMATCH,P6_E005,ambroise Paré,SERVICE_MEDICAL,SERVICE_MEDICAL,P6_E028,le patient | patient,SYMPTOME,DONNEE_PATIENT
img20250709_16331952_trace_sepsis_V1.6-V6.5-SELECTIVE_PRECISION.json,R_V69K_00105,a_pour_label_nosologique,SOURCE_MISMATCH,P6_E028,le patient | patient,SYMPTOME,DONNEE_PATIENT,P6_E022,Le patient présente une septicémie à acinitobacter baumanii,LABEL_NOSOLOGIQUE,LABEL_NOSOLOGIQUE
img20250709_16331952_trace_sepsis_V1.6-V6.5-SELECTIVE_PRECISION.json,R_V69K_00106,a_pour_label_nosologique,SOURCE_MISMATCH,P6_E028,le patient | patient,SYMPTOME,DONNEE_PATIENT,P6_E026,ostéome en cours de formation,LABEL_NOSOLOGIQUE,LABEL_NOSOLOGIQUE
img20250709_16331952_trace_sepsis_V1.6-V6.5-SELECTIVE_PRECISION.json,R_V69K_00107,presente_suspicion_infection,SOURCE_MISMATCH,P6_E028,le patient | patient,SYMPTOME,DONNEE_PATIENT,P6_E016,abcès de paroi superficiel,FOYER_INFECTIEUX,FOYER_INFECTIEUX
img20250709_16331952_trace_sepsis_V1.6-V6.5-SELECTIVE_PRECISION.json,R_V69K_00108,presente_dysfonction_organe,SOURCE_MISMATCH,P6_E028,le patient | patient,SYMPTOME,DONNEE_PATIENT,P6_E009,infarctus splénique,DEFAILLANCE_ORGANE,DEFAILLANCE_ORGANE
img20250709_16331952_trace_sepsis_V1.6-V6.5-SELECTIVE_PRECISION.json,R_V69K_00109,presente_symptome,SOURCE_MISMATCH,P6_E028,le patient | patient,SYMPTOME,DONNEE_PATIENT,P6_E010,vésicule biliaire distendue,SYMPTOME,SYMPTOME
img20250709_16331952_trace_sepsis_V1.6-V6.5-SELECTIVE_PRECISION.json,R_V69K_00110,presente_dysfonction_organe,SOURCE_MISMATCH,P6_E028,le patient | patient,SYMPTOME,DONNEE_PATIENT,P6_E013,infarctus splénique connu | infarctus splénique,DEFAILLANCE_ORGANE,DEFAILLANCE_ORGANE
img20250709_16331952_trace_sepsis_V1.6-V6.5-SELECTIVE_PRECISION.json,R_V69K_00111,presente_symptome,BOTH_MISMATCH,P6_E028,le patient | patient,SYMPTOME,DONNEE_PATIENT,P6_E014,lésion spontanément dense d'environ 25 mm du muscle piriforme gauche | lésion du muscle piriforme,DEFAILLANCE_ORGANE,SYMPTOME
img20250709_16331952_trace_sepsis_V1.6-V6.5-SELECTIVE_PRECISION.json,R_V69K_00112,traitement_administre_a,TARGET_MISMATCH,P6_E035,augmentin,TRAITEMENT,TRAITEMENT,P6_E028,le patient | patient,SYMPTOME,DONNEE_PATIENT
img20250709_16331952_trace_sepsis_V1.6-V6.5-SELECTIVE_PRECISION.json,R_V69K_00158,service_medical_accueille,TARGET_MISMATCH,P1_E021,réanimation,SERVICE_MEDICAL,SERVICE_MEDICAL,P1_E020,Patient | patient,SYMPTOME,DONNEE_PATIENT
img20250709_16331952_trace_sepsis_V1.6-V6.5-SELECTIVE_PRECISION.json,R_V69K_00159,traitement_administre_a,TARGET_MISMATCH,P6_E001,Tienam | antibiotique,TRAITEMENT,TRAITEMENT,P1_E020,Patient | patient,SYMPTOME,DONNEE_PATIENT
img20250709_16331952_trace_sepsis_V1.6-V6.5-SELECTIVE_PRECISION.json,R_V69K_00160,a_pour_label_nosologique,SOURCE_MISMATCH,P1_E020,Patient | patient,SYMPTOME,DONNEE_PATIENT,P8_E021,septicémie à acinetobacter baumani | sepsis,LABEL_NOSOLOGIQUE,LABEL_NOSOLOGIQUE
img20250709_16331952_trace_sepsis_V1.6-V6.5-SELECTIVE_PRECISION.json,R_V69K_00164,presente_symptome,BOTH_MISMATCH,P1_E020,Patient | patient,SYMPTOME,DONNEE_PATIENT,P4_E022,douleurs articulaires | douleurs_articulaires,COMORBIDITE_ANTECEDENT,SYMPTOME
img20250709_16331952_trace_sepsis_V1.6-V6.5-SELECTIVE_PRECISION.json,R_V69K_00165,presente_symptome,BOTH_MISMATCH,P4_E031,patient de 60 ans | 60 | age,SYMPTOME,DONNEE_PATIENT,P4_E022,douleurs articulaires | douleurs_articulaires,COMORBIDITE_ANTECEDENT,SYMPTOME
img20250709_16331952_trace_sepsis_V1.6-V6.5-SELECTIVE_PRECISION.json,R_V69K_00166,presente_symptome,SOURCE_MISMATCH,P4_E031,patient de 60 ans | 60 | age,SYMPTOME,DONNEE_PATIENT,P4_E029,anurie | renal,SYMPTOME,SYMPTOME
img20250709_16360688_trace_sepsis_V1.6-V6.5-SELECTIVE_PRECISION.json,R_V69K_00028,a_pour_label_nosologique,BOTH_MISMATCH,P2_E060,patient,DEFAILLANCE_ORGANE,DONNEE_PATIENT,P2_E001,Gangrene gazeuse | gangrene_gazeuse,FOYER_INFECTIEUX,LABEL_NOSOLOGIQUE
img20250709_16360688_trace_sepsis_V1.6-V6.5-SELECTIVE_PRECISION.json,R_V69K_00029,presente_suspicion_infection,SOURCE_MISMATCH,P2_E060,patient,DEFAILLANCE_ORGANE,DONNEE_PATIENT,P2_E002,ulcère de la face postérieure du mollet gauche | ulcere_infectieux,FOYER_INFECTIEUX,FOYER_INFECTIEUX
img20250709_16360688_trace_sepsis_V1.6-V6.5-SELECTIVE_PRECISION.json,R_V69K_00030,presente_dysfonction_organe,SOURCE_MISMATCH,P2_E060,patient,DEFAILLANCE_ORGANE,DONNEE_PATIENT,P2_E003,IRA | renal,DEFAILLANCE_ORGANE,DEFAILLANCE_ORGANE
img20250709_16360688_trace_sepsis_V1.6-V6.5-SELECTIVE_PRECISION.json,R_V69K_00031,traitement_administre_a,TARGET_MISMATCH,P2_E010,Noradrénaline | vasopresseur,TRAITEMENT,TRAITEMENT,P2_E060,patient,DEFAILLANCE_ORGANE,DONNEE_PATIENT
img20250709_16360688_trace_sepsis_V1.6-V6.5-SELECTIVE_PRECISION.json,R_V69K_00033,traitement_administre_a,TARGET_MISMATCH,P2_E011,augmentin | antibiotique,TRAITEMENT,TRAITEMENT,P2_E060,patient,DEFAILLANCE_ORGANE,DONNEE_PATIENT
img20250709_16360688_trace_sepsis_V1.6-V6.5-SELECTIVE_PRECISION.json,R_V69K_00034,service_medical_accueille,TARGET_MISMATCH,P2_E012,salle de réveil Lariboisière | salle_de_reveil,SERVICE_MEDICAL,SERVICE_MEDICAL,P2_E060,patient,DEFAILLANCE_ORGANE,DONNEE_PATIENT
img20250709_16360688_trace_sepsis_V1.6-V6.5-SELECTIVE_PRECISION.json,R_V69K_00035,presente_symptome,SOURCE_MISMATCH,P2_E060,patient,DEFAILLANCE_ORGANE,DONNEE_PATIENT,P2_E016,patient marbré | marbrures,SYMPTOME,SYMPTOME
img20250709_16360688_trace_sepsis_V1.6-V6.5-SELECTIVE_PRECISION.json,R_V69K_00036,a_pour_label_nosologique,SOURCE_MISMATCH,P2_E060,patient,DEFAILLANCE_ORGANE,DONNEE_PATIENT,P2_E017,ACFA,LABEL_NOSOLOGIQUE,LABEL_NOSOLOGIQUE
img20250709_16360688_trace_sepsis_V1.6-V6.5-SELECTIVE_PRECISION.json,R_V69K_00037,presente_suspicion_infection,SOURCE_MISMATCH,P2_E060,patient,DEFAILLANCE_ORGANE,DONNEE_PATIENT,P2_E018,Ulcère veineux du MIG avec suppuration et liquéfaction | ulcere_infectieux,FOYER_INFECTIEUX,FOYER_INFECTIEUX
img20250709_16360688_trace_sepsis_V1.6-V6.5-SELECTIVE_PRECISION.json,R_V69K_00038,presente_symptome,SOURCE_MISMATCH,P2_E060,patient,DEFAILLANCE_ORGANE,DONNEE_PATIENT,P2_E019,oedème remontant à la racine de la cuisse | oedemes,SYMPTOME,SYMPTOME
img20250709_16360688_trace_sepsis_V1.6-V6.5-SELECTIVE_PRECISION.json,R_V69K_00039,presente_symptome,SOURCE_MISMATCH,P2_E060,patient,DEFAILLANCE_ORGANE,DONNEE_PATIENT,P2_E020,crépitations sous cutanées | crepitants,SYMPTOME,SYMPTOME
img20250709_16360688_trace_sepsis_V1.6-V6.5-SELECTIVE_PRECISION.json,R_V69K_00040,traitement_administre_a,TARGET_MISMATCH,P2_E021,Intubation | intubation,TRAITEMENT,TRAITEMENT,P2_E060,patient,DEFAILLANCE_ORGANE,DONNEE_PATIENT
img20250709_16360688_trace_sepsis_V1.6-V6.5-SELECTIVE_PRECISION.json,R_V69K_00041,traitement_administre_a,TARGET_MISMATCH,P2_E022,remplissage par 3000ml de sérum phy | sérum_physiologique | remplissage_vasculaire,TRAITEMENT,TRAITEMENT,P2_E060,patient,DEFAILLANCE_ORGANE,DONNEE_PATIENT
img20250709_16360688_trace_sepsis_V1.6-V6.5-SELECTIVE_PRECISION.json,R_V69K_00043,traitement_administre_a,TARGET_MISMATCH,P2_E024,switch ATB par Imipénem | Imipénem | antibiotique,TRAITEMENT,TRAITEMENT,P2_E060,patient,DEFAILLANCE_ORGANE,DONNEE_PATIENT
img20250709_16360688_trace_sepsis_V1.6-V6.5-SELECTIVE_PRECISION.json,R_V69K_00044,traitement_administre_a,TARGET_MISMATCH,P2_E025,Zyvoxid | antibiotique,TRAITEMENT,TRAITEMENT,P2_E060,patient,DEFAILLANCE_ORGANE,DONNEE_PATIENT
img20250709_16360688_trace_sepsis_V1.6-V6.5-SELECTIVE_PRECISION.json,R_V69K_00046,traitement_administre_a,TARGET_MISMATCH,P2_E031,transfusion de 2 CG | transfusion | transfusion_CGR,TRAITEMENT,TRAITEMENT,P2_E060,patient,DEFAILLANCE_ORGANE,DONNEE_PATIENT
img20250709_16360688_trace_sepsis_V1.6-V6.5-SELECTIVE_PRECISION.json,R_V69K_00047,traitement_administre_a,TARGET_MISMATCH,P2_E032,2PFC | transfusion_PFC,TRAITEMENT,TRAITEMENT,P2_E060,patient,DEFAILLANCE_ORGANE,DONNEE_PATIENT
img20250709_16360688_trace_sepsis_V1.6-V6.5-SELECTIVE_PRECISION.json,R_V69K_00048,traitement_administre_a,TARGET_MISMATCH,P2_E034,Poursuite du remplissage vasculaire | remplissage vasculaire | remplissage_vasculaire,TRAITEMENT,TRAITEMENT,P2_E060,patient,DEFAILLANCE_ORGANE,DONNEE_PATIENT
img20250709_16360688_trace_sepsis_V1.6-V6.5-SELECTIVE_PRECISION.json,R_V69K_00049,presente_dysfonction_organe,BOTH_MISMATCH,P2_E060,patient,DEFAILLANCE_ORGANE,DONNEE_PATIENT,P2_E037,initialement anurie | renal,SYMPTOME,DEFAILLANCE_ORGANE
img20250709_16360688_trace_sepsis_V1.6-V6.5-SELECTIVE_PRECISION.json,R_V69K_00050,traitement_administre_a,TARGET_MISMATCH,P2_E043,justifiant une épuration extra rénale | epuration_extra_renale,TRAITEMENT,TRAITEMENT,P2_E060,patient,DEFAILLANCE_ORGANE,DONNEE_PATIENT
img20250709_16360688_trace_sepsis_V1.6-V6.5-SELECTIVE_PRECISION.json,R_V69K_00051,presente_dysfonction_organe,BOTH_MISMATCH,P2_E060,patient,DEFAILLANCE_ORGANE,DONNEE_PATIENT,P2_E044,persistance de l'anurie | renal,SYMPTOME,DEFAILLANCE_ORGANE
img20250709_16360688_trace_sepsis_V1.6-V6.5-SELECTIVE_PRECISION.json,R_V69K_00052,presente_dysfonction_organe,SOURCE_MISMATCH,P2_E060,patient,DEFAILLANCE_ORGANE,DONNEE_PATIENT,P2_E048,hyperbilirubinémie | hepatique,DEFAILLANCE_ORGANE,DEFAILLANCE_ORGANE
img20250709_16360688_trace_sepsis_V1.6-V6.5-SELECTIVE_PRECISION.json,R_V69K_00053,traitement_administre_a,TARGET_MISMATCH,P2_E057,ttt médical maximal par ATB | ATB | antibiotique,TRAITEMENT,TRAITEMENT,P2_E060,patient,DEFAILLANCE_ORGANE,DONNEE_PATIENT
img20250709_16360688_trace_sepsis_V1.6-V6.5-SELECTIVE_PRECISION.json,R_V69K_00054,presente_dysfonction_organe,BOTH_MISMATCH,P2_E060,patient,DEFAILLANCE_ORGANE,DONNEE_PATIENT,P2_E065,anurie | renal,SYMPTOME,DEFAILLANCE_ORGANE
img20250709_16360688_trace_sepsis_V1.6-V6.5-SELECTIVE_PRECISION.json,R_V69K_00055,a_pour_label_nosologique,SOURCE_MISMATCH,P2_E060,patient,DEFAILLANCE_ORGANE,DONNEE_PATIENT,P2_E066,Acidose métabolique | metabolique,LABEL_NOSOLOGIQUE,LABEL_NOSOLOGIQUE
img20250709_16360688_trace_sepsis_V1.6-V6.5-SELECTIVE_PRECISION.json,R_V69K_00056,traitement_a_pour_posologie,TARGET_MISMATCH,P2_E010,Noradrénaline | vasopresseur,TRAITEMENT,TRAITEMENT,P2_E029,remplissage de 2500 ml de sérum phy/ringer lactate | 2500 | volume,TRAITEMENT,POSOLOGIE
img20250709_16360688_trace_sepsis_V1.6-V6.5-SELECTIVE_PRECISION.json,R_V69K_00122,imagerie_objective_comorbidite,TARGET_MISMATCH,P5_E004,Échocardiographie | echocardiographie,IMAGERIE_PROCEDURE,IMAGERIE_PROCEDURE,P5_E039,VD dilaté | dysfonction_ventriculaire_droite,DEFAILLANCE_ORGANE,COMORBIDITE_ANTECEDENT
img20250709_16360688_trace_sepsis_V1.6-V6.5-SELECTIVE_PRECISION.json,R_V69K_00123,imagerie_objective_comorbidite,TARGET_MISMATCH,P5_E004,Échocardiographie | echocardiographie,IMAGERIE_PROCEDURE,IMAGERIE_PROCEDURE,P5_E007,lame d'épanchement péricardique | hepatique,DEFAILLANCE_ORGANE,COMORBIDITE_ANTECEDENT
img20250709_16374548_trace_sepsis_V1.6-V6.5-SELECTIVE_PRECISION.json,R_V69K_00011,presente_symptome,TARGET_MISMATCH,P2_E052,le patient | patient,DONNEE_PATIENT,DONNEE_PATIENT,P2_E001,thrombopénie | plaquettes,BIOMARQUEUR,SYMPTOME
img20250709_16374548_trace_sepsis_V1.6-V6.5-SELECTIVE_PRECISION.json,R_V69K_00076,presente_symptome,TARGET_MISMATCH,P5_E032,patient,DONNEE_PATIENT,DONNEE_PATIENT,P5_E018,thrombopénie,BIOMARQUEUR,SYMPTOME
img20250709_16374548_trace_sepsis_V1.6-V6.5-SELECTIVE_PRECISION.json,R_V69K_00116,presente_symptome,TARGET_MISMATCH,P2_E052,le patient | patient,DONNEE_PATIENT,DONNEE_PATIENT,P2_E012,coma d'origine respiratoire | respiratoire,DEFAILLANCE_ORGANE,SYMPTOME
img20250709_16374548_trace_sepsis_V1.6-V6.5-SELECTIVE_PRECISION.json,R_V69K_00117,traitement_a_pour_posologie,TARGET_MISMATCH,P2_E032,Mode : VAC | ventilation_mecanique,TRAITEMENT,TRAITEMENT,P2_E034,Fréquence (c/mn) : 14 | 14 | frequence_respiratoire,SIGNE_VITAL,POSOLOGIE
img20250709_16374548_trace_sepsis_V1.6-V6.5-SELECTIVE_PRECISION.json,R_V69K_00118,presente_symptome,TARGET_MISMATCH,P2_E052,le patient | patient,DONNEE_PATIENT,DONNEE_PATIENT,P2_E002,leucopénie | globules_blancs,BIOMARQUEUR,SYMPTOME
img20250709_16374548_trace_sepsis_V1.6-V6.5-SELECTIVE_PRECISION.json,R_V69K_00119,traitement_administre_a,SOURCE_MISMATCH,P5_E008,250ml de sérum phy | 250 | volume,POSOLOGIE,TRAITEMENT,P1_E017,Patient | patient,DONNEE_PATIENT,DONNEE_PATIENT
img20250709_16381567_trace_sepsis_V1.6-V6.5-SELECTIVE_PRECISION.json,R_V69K_00089,a_pour_label_nosologique,SOURCE_MISMATCH,P5_E046,Le patient | patient,SYMPTOME,DONNEE_PATIENT,P5_E010,Choc septique | choc_septique,LABEL_NOSOLOGIQUE,LABEL_NOSOLOGIQUE
img20250709_16381567_trace_sepsis_V1.6-V6.5-SELECTIVE_PRECISION.json,R_V69K_00090,presente_dysfonction_organe,SOURCE_MISMATCH,P5_E046,Le patient | patient,SYMPTOME,DONNEE_PATIENT,P5_E011,SDRA | respiratoire,DEFAILLANCE_ORGANE,DEFAILLANCE_ORGANE
img20250709_16381567_trace_sepsis_V1.6-V6.5-SELECTIVE_PRECISION.json,R_V69K_00091,presente_symptome,BOTH_MISMATCH,P5_E046,Le patient | patient,SYMPTOME,DONNEE_PATIENT,P5_E038,Neuropathie de réanimation | neurologique,DEFAILLANCE_ORGANE,SYMPTOME
img20250709_16381567_trace_sepsis_V1.6-V6.5-SELECTIVE_PRECISION.json,R_V69K_00092,presente_symptome,SOURCE_MISMATCH,P5_E046,Le patient | patient,SYMPTOME,DONNEE_PATIENT,P5_E040,toux efficace | toux,SYMPTOME,SYMPTOME
img20250709_16381567_trace_sepsis_V1.6-V6.5-SELECTIVE_PRECISION.json,R_V69K_00093,presente_symptome,SOURCE_MISMATCH,P5_E046,Le patient | patient,SYMPTOME,DONNEE_PATIENT,P5_E030,Anxiété importante | anxiété,SYMPTOME,SYMPTOME
img20250709_16381567_trace_sepsis_V1.6-V6.5-SELECTIVE_PRECISION.json,R_V69K_00094,presente_symptome,SOURCE_MISMATCH,P5_E046,Le patient | patient,SYMPTOME,DONNEE_PATIENT,P5_E031,attaques de panique | agitation,SYMPTOME,SYMPTOME
img20250709_16381567_trace_sepsis_V1.6-V6.5-SELECTIVE_PRECISION.json,R_V69K_00095,presente_symptome,SOURCE_MISMATCH,P5_E046,Le patient | patient,SYMPTOME,DONNEE_PATIENT,P5_E032,troubles du sommeil | trouble_sommeil,SYMPTOME,SYMPTOME
img20250709_16381567_trace_sepsis_V1.6-V6.5-SELECTIVE_PRECISION.json,R_V69K_00096,presente_symptome,SOURCE_MISMATCH,P5_E046,Le patient | patient,SYMPTOME,DONNEE_PATIENT,P5_E033,tremblements des extrémités | tremblements,SYMPTOME,SYMPTOME
img20250709_16381567_trace_sepsis_V1.6-V6.5-SELECTIVE_PRECISION.json,R_V69K_00097,presente_symptome,SOURCE_MISMATCH,P5_E046,Le patient | patient,SYMPTOME,DONNEE_PATIENT,P5_E034,douleurs neuropathiques des extrémités avec allodynie | douleur_neuropathique,SYMPTOME,SYMPTOME
img20250709_16381567_trace_sepsis_V1.6-V6.5-SELECTIVE_PRECISION.json,R_V69K_00098,presente_symptome,SOURCE_MISMATCH,P5_E046,Le patient | patient,SYMPTOME,DONNEE_PATIENT,P5_E035,Douleurs de sciatique anciennes | douleur_abdominale,SYMPTOME,SYMPTOME
img20250709_16381567_trace_sepsis_V1.6-V6.5-SELECTIVE_PRECISION.json,R_V69K_00099,presente_symptome,SOURCE_MISMATCH,P5_E046,Le patient | patient,SYMPTOME,DONNEE_PATIENT,P5_E036,Douleurs à type de brûlures dans les membres et articulations | douleur_articulaire,SYMPTOME,SYMPTOME
img20250709_16381567_trace_sepsis_V1.6-V6.5-SELECTIVE_PRECISION.json,R_V69K_00100,presente_symptome,SOURCE_MISMATCH,P5_E046,Le patient | patient,SYMPTOME,DONNEE_PATIENT,P5_E042,Douleurs surtout à la mobilisation | douleur,SYMPTOME,SYMPTOME
img20250709_16381567_trace_sepsis_V1.6-V6.5-SELECTIVE_PRECISION.json,R_V69K_00101,presente_symptome,SOURCE_MISMATCH,P5_E046,Le patient | patient,SYMPTOME,DONNEE_PATIENT,P5_E043,Douleurs à type de brûlures | douleur_brulure,SYMPTOME,SYMPTOME
img20250709_16381567_trace_sepsis_V1.6-V6.5-SELECTIVE_PRECISION.json,R_V69K_00102,traitement_administre_a,TARGET_MISMATCH,P5_E014,ventilation mécanique | ventilation_mecanique,TRAITEMENT,TRAITEMENT,P5_E046,Le patient | patient,SYMPTOME,DONNEE_PATIENT
img20250709_16381567_trace_sepsis_V1.6-V6.5-SELECTIVE_PRECISION.json,R_V69K_00104,traitement_a_pour_posologie,TARGET_MISMATCH,P5_E019,kétamine | autre,TRAITEMENT,TRAITEMENT,P5_E020,kétamine per os | voie_administration,TRAITEMENT,POSOLOGIE
img20250709_16381567_trace_sepsis_V1.6-V6.5-SELECTIVE_PRECISION.json,R_V69K_00105,traitement_administre_a,TARGET_MISMATCH,P5_E023,Doliprane | antalgique,TRAITEMENT,TRAITEMENT,P5_E046,Le patient | patient,SYMPTOME,DONNEE_PATIENT
img20250709_16381567_trace_sepsis_V1.6-V6.5-SELECTIVE_PRECISION.json,R_V69K_00106,traitement_administre_a,TARGET_MISMATCH,P5_E024,patches de versatis | versatis | autre,TRAITEMENT,TRAITEMENT,P5_E046,Le patient | patient,SYMPTOME,DONNEE_PATIENT
img20250709_16381567_trace_sepsis_V1.6-V6.5-SELECTIVE_PRECISION.json,R_V69K_00109,traitement_administre_a,TARGET_MISMATCH,P5_E029,Seresta | autre,TRAITEMENT,TRAITEMENT,P5_E046,Le patient | patient,SYMPTOME,DONNEE_PATIENT
img20250709_16381567_trace_sepsis_V1.6-V6.5-SELECTIVE_PRECISION.json,R_V69K_00110,traitement_administre_a,TARGET_MISMATCH,P5_E051,rééducation,TRAITEMENT,TRAITEMENT,P5_E046,Le patient | patient,SYMPTOME,DONNEE_PATIENT
img20250709_16381567_trace_sepsis_V1.6-V6.5-SELECTIVE_PRECISION.json,R_V69K_00111,patient_a_pour_evolution,SOURCE_MISMATCH,P5_E046,Le patient | patient,SYMPTOME,DONNEE_PATIENT,P5_E053,amélioration | evolution_clinique,EVOLUTION_PRONOSTIC,EVOLUTION_PRONOSTIC
img20250709_16381567_trace_sepsis_V1.6-V6.5-SELECTIVE_PRECISION.json,R_V69K_00112,presente_suspicion_infection,SOURCE_MISMATCH,P5_E046,Le patient | patient,SYMPTOME,DONNEE_PATIENT,P5_E012,pneumocoque | pneumopathie_infectieuse,FOYER_INFECTIEUX,FOYER_INFECTIEUX
img20250709_16381567_trace_sepsis_V1.6-V6.5-SELECTIVE_PRECISION.json,R_V69K_00113,presente_suspicion_infection,SOURCE_MISMATCH,P5_E046,Le patient | patient,SYMPTOME,DONNEE_PATIENT,P5_E013,haemophilus | pneumopathie_infectieuse,FOYER_INFECTIEUX,FOYER_INFECTIEUX
img20250709_16381567_trace_sepsis_V1.6-V6.5-SELECTIVE_PRECISION.json,R_V69K_00114,presente_dysfonction_organe,SOURCE_MISMATCH,P5_E046,Le patient | patient,SYMPTOME,DONNEE_PATIENT,P5_E044,"Sur le plan respiratoire : auscultation normale, toux efficace et bonne amplification thoracique | dysfonction_respiratoire",DEFAILLANCE_ORGANE,DEFAILLANCE_ORGANE
img20250709_16381567_trace_sepsis_V1.6-V6.5-SELECTIVE_PRECISION.json,R_V69K_00115,service_medical_accueille,TARGET_MISMATCH,P5_E037,Widal 1 | autre,SERVICE_MEDICAL,SERVICE_MEDICAL,P5_E046,Le patient | patient,SYMPTOME,DONNEE_PATIENT
img20250709_16381567_trace_sepsis_V1.6-V6.5-SELECTIVE_PRECISION.json,R_V69K_00117,traitement_administre_a,TARGET_MISMATCH,P5_E016,Skénan | antalgique,TRAITEMENT,TRAITEMENT,P5_E046,Le patient | patient,SYMPTOME,DONNEE_PATIENT
img20250709_16381567_trace_sepsis_V1.6-V6.5-SELECTIVE_PRECISION.json,R_V69K_00118,traitement_administre_a,TARGET_MISMATCH,P5_E018,Actiskenan | antalgique,TRAITEMENT,TRAITEMENT,P5_E046,Le patient | patient,SYMPTOME,DONNEE_PATIENT
img20250709_16381567_trace_sepsis_V1.6-V6.5-SELECTIVE_PRECISION.json,R_V69K_00119,traitement_administre_a,TARGET_MISMATCH,P5_E019,kétamine | autre,TRAITEMENT,TRAITEMENT,P5_E046,Le patient | patient,SYMPTOME,DONNEE_PATIENT
img20250709_16381567_trace_sepsis_V1.6-V6.5-SELECTIVE_PRECISION.json,R_V69K_00120,traitement_administre_a,TARGET_MISMATCH,P5_E025,Effexor | autre,TRAITEMENT,TRAITEMENT,P5_E046,Le patient | patient,SYMPTOME,DONNEE_PATIENT
img20250709_16381567_trace_sepsis_V1.6-V6.5-SELECTIVE_PRECISION.json,R_V69K_00121,traitement_administre_a,TARGET_MISMATCH,P5_E027,Androtardyl | autre,TRAITEMENT,TRAITEMENT,P5_E046,Le patient | patient,SYMPTOME,DONNEE_PATIENT
img20250709_16381567_trace_sepsis_V1.6-V6.5-SELECTIVE_PRECISION.json,R_V69K_00122,traitement_administre_a,TARGET_MISMATCH,P5_E050,Transfusion sanguine | Transfusion | transfusion_sanguine,TRAITEMENT,TRAITEMENT,P5_E046,Le patient | patient,SYMPTOME,DONNEE_PATIENT
img20250709_16381567_trace_sepsis_V1.6-V6.5-SELECTIVE_PRECISION.json,R_V69K_00128,traitement_administre_a,TARGET_MISMATCH,P4_E035,doses initialement élevées de morphine à 12 mg/h | morphine | 12 | analgesique,TRAITEMENT,TRAITEMENT,P5_E046,Le patient | patient,SYMPTOME,DONNEE_PATIENT
img20250709_16381567_trace_sepsis_V1.6-V6.5-SELECTIVE_PRECISION.json,R_V69K_00130,service_medical_accueille,TARGET_MISMATCH,P1_E031,réanimation,SERVICE_MEDICAL,SERVICE_MEDICAL,P5_E046,Le patient | patient,SYMPTOME,DONNEE_PATIENT
img20250709_16381567_trace_sepsis_V1.6-V6.5-SELECTIVE_PRECISION.json,R_V69K_00131,patient_a_pour_evolution,TARGET_MISMATCH,P1_E028,Patient | patient,DONNEE_PATIENT,DONNEE_PATIENT,P4_E031,Extubation | extubation,TRAITEMENT,EVOLUTION_PRONOSTIC
img20250709_16381567_trace_sepsis_V1.6-V6.5-SELECTIVE_PRECISION.json,R_V69K_00132,traitement_administre_a,TARGET_MISMATCH,P5_E020,kétamine per os | voie_administration,TRAITEMENT,TRAITEMENT,P5_E046,Le patient | patient,SYMPTOME,DONNEE_PATIENT
img20250709_16393818_trace_sepsis_V1.6-V6.5-SELECTIVE_PRECISION.json,R_V69K_00051,presente_suspicion_infection,SOURCE_MISMATCH,P5_E070,Patient | patient,FOYER_INFECTIEUX,DONNEE_PATIENT,P5_E045,pneumopathie hypoxémiante bilatérale,FOYER_INFECTIEUX,FOYER_INFECTIEUX
img20250709_16393818_trace_sepsis_V1.6-V6.5-SELECTIVE_PRECISION.json,R_V69K_00052,presente_suspicion_infection,SOURCE_MISMATCH,P5_E070,Patient | patient,FOYER_INFECTIEUX,DONNEE_PATIENT,P5_E046,abcès de la marge anale,FOYER_INFECTIEUX,FOYER_INFECTIEUX
img20250709_16393818_trace_sepsis_V1.6-V6.5-SELECTIVE_PRECISION.json,R_V69K_00053,presente_suspicion_infection,SOURCE_MISMATCH,P5_E070,Patient | patient,FOYER_INFECTIEUX,DONNEE_PATIENT,P5_E095,pansinusite,FOYER_INFECTIEUX,FOYER_INFECTIEUX
img20250709_16393818_trace_sepsis_V1.6-V6.5-SELECTIVE_PRECISION.json,R_V69K_00054,presente_symptome,SOURCE_MISMATCH,P5_E070,Patient | patient,FOYER_INFECTIEUX,DONNEE_PATIENT,P5_E010,épanchement pleural bilatéral avec un foyer de condensation à la base droite | respiratoire,SYMPTOME,SYMPTOME
img20250709_16393818_trace_sepsis_V1.6-V6.5-SELECTIVE_PRECISION.json,R_V69K_00055,presente_dysfonction_organe,SOURCE_MISMATCH,P5_E070,Patient | patient,FOYER_INFECTIEUX,DONNEE_PATIENT,P5_E043,dialysé pendant 4 jours | renal,DEFAILLANCE_ORGANE,DEFAILLANCE_ORGANE
img20250709_16393818_trace_sepsis_V1.6-V6.5-SELECTIVE_PRECISION.json,R_V69K_00056,presente_dysfonction_organe,SOURCE_MISMATCH,P5_E070,Patient | patient,FOYER_INFECTIEUX,DONNEE_PATIENT,P5_E044,cholestase ictérique | hepatique,DEFAILLANCE_ORGANE,DEFAILLANCE_ORGANE
img20250709_16393818_trace_sepsis_V1.6-V6.5-SELECTIVE_PRECISION.json,R_V69K_00057,presente_symptome,SOURCE_MISMATCH,P5_E070,Patient | patient,FOYER_INFECTIEUX,DONNEE_PATIENT,P5_E015,confusion intermittente | confusion,SYMPTOME,SYMPTOME
img20250709_16393818_trace_sepsis_V1.6-V6.5-SELECTIVE_PRECISION.json,R_V69K_00058,presente_symptome,SOURCE_MISMATCH,P5_E070,Patient | patient,FOYER_INFECTIEUX,DONNEE_PATIENT,P5_E055,fluctuant sur le plan de la vigilance,SYMPTOME,SYMPTOME
img20250709_16393818_trace_sepsis_V1.6-V6.5-SELECTIVE_PRECISION.json,R_V69K_00059,presente_symptome,SOURCE_MISMATCH,P5_E070,Patient | patient,FOYER_INFECTIEUX,DONNEE_PATIENT,P5_E056,tétraparésie,SYMPTOME,SYMPTOME
img20250709_16393818_trace_sepsis_V1.6-V6.5-SELECTIVE_PRECISION.json,R_V69K_00060,presente_symptome,SOURCE_MISMATCH,P5_E070,Patient | patient,FOYER_INFECTIEUX,DONNEE_PATIENT,P5_E057,"polyneuropathie des 4 membres, sensitivo-motrice axonale",SYMPTOME,SYMPTOME
img20250709_16393818_trace_sepsis_V1.6-V6.5-SELECTIVE_PRECISION.json,R_V69K_00061,presente_symptome,SOURCE_MISMATCH,P5_E070,Patient | patient,FOYER_INFECTIEUX,DONNEE_PATIENT,P5_E047,douleurs à la mobilisation des différentes articulations notamment à la mobilisation du rachis cervical | douleur_abdominale,SYMPTOME,SYMPTOME
img20250709_16393818_trace_sepsis_V1.6-V6.5-SELECTIVE_PRECISION.json,R_V69K_00062,presente_suspicion_infection,BOTH_MISMATCH,P5_E070,Patient | patient,FOYER_INFECTIEUX,DONNEE_PATIENT,P5_E064,angiocholite,SYMPTOME,FOYER_INFECTIEUX
img20250709_16393818_trace_sepsis_V1.6-V6.5-SELECTIVE_PRECISION.json,R_V69K_00063,presente_symptome,SOURCE_MISMATCH,P5_E070,Patient | patient,FOYER_INFECTIEUX,DONNEE_PATIENT,P5_E065,vésicule lithiasique,SYMPTOME,SYMPTOME
img20250709_16393818_trace_sepsis_V1.6-V6.5-SELECTIVE_PRECISION.json,R_V69K_00064,presente_symptome,SOURCE_MISMATCH,P5_E070,Patient | patient,FOYER_INFECTIEUX,DONNEE_PATIENT,P5_E066,probable migration lithiasique,SYMPTOME,SYMPTOME
img20250709_16393818_trace_sepsis_V1.6-V6.5-SELECTIVE_PRECISION.json,R_V69K_00065,patient_a_pour_evolution,SOURCE_MISMATCH,P5_E070,Patient | patient,FOYER_INFECTIEUX,DONNEE_PATIENT,P5_E085,amélioration du P/Fà 210 après traitement par tazocilline | evolution_clinique,EVOLUTION_PRONOSTIC,EVOLUTION_PRONOSTIC
img20250709_16393818_trace_sepsis_V1.6-V6.5-SELECTIVE_PRECISION.json,R_V69K_00066,patient_a_pour_evolution,SOURCE_MISMATCH,P5_E070,Patient | patient,FOYER_INFECTIEUX,DONNEE_PATIENT,P5_E086,Amélioration de la fonction rénale avec reprise de la diurèse (2200 ml/24h) et normalisation de l'urée (5 | evolution_clinique,EVOLUTION_PRONOSTIC,EVOLUTION_PRONOSTIC
img20250709_16393818_trace_sepsis_V1.6-V6.5-SELECTIVE_PRECISION.json,R_V69K_00067,patient_a_pour_evolution,SOURCE_MISMATCH,P5_E070,Patient | patient,FOYER_INFECTIEUX,DONNEE_PATIENT,P5_E087,Amélioration de la natrémie avec Na 132 le 30/04/2013 | evolution_clinique,EVOLUTION_PRONOSTIC,EVOLUTION_PRONOSTIC
img20250709_16393818_trace_sepsis_V1.6-V6.5-SELECTIVE_PRECISION.json,R_V69K_00068,patient_a_pour_evolution,SOURCE_MISMATCH,P5_E070,Patient | patient,FOYER_INFECTIEUX,DONNEE_PATIENT,P5_E088,Amélioration du bilan hépatique au décours | evolution_clinique,EVOLUTION_PRONOSTIC,EVOLUTION_PRONOSTIC
img20250709_16393818_trace_sepsis_V1.6-V6.5-SELECTIVE_PRECISION.json,R_V69K_00069,service_medical_accueille,TARGET_MISMATCH,P5_E051,Hôpital Ambroise Paré Boulogne,SERVICE_MEDICAL,SERVICE_MEDICAL,P5_E070,Patient | patient,FOYER_INFECTIEUX,DONNEE_PATIENT
img20250709_16393818_trace_sepsis_V1.6-V6.5-SELECTIVE_PRECISION.json,R_V69K_00070,traitement_administre_a,TARGET_MISMATCH,P5_E006,tazocilline | antibiotique,TRAITEMENT,TRAITEMENT,P5_E070,Patient | patient,FOYER_INFECTIEUX,DONNEE_PATIENT
img20250709_16393818_trace_sepsis_V1.6-V6.5-SELECTIVE_PRECISION.json,R_V69K_00071,traitement_administre_a,TARGET_MISMATCH,P5_E007,tamiflu | antiviral,TRAITEMENT,TRAITEMENT,P5_E070,Patient | patient,FOYER_INFECTIEUX,DONNEE_PATIENT
img20250709_16393818_trace_sepsis_V1.6-V6.5-SELECTIVE_PRECISION.json,R_V69K_00072,traitement_administre_a,TARGET_MISMATCH,P5_E008,rovamycine | antibiotique,TRAITEMENT,TRAITEMENT,P5_E070,Patient | patient,FOYER_INFECTIEUX,DONNEE_PATIENT
img20250709_16393818_trace_sepsis_V1.6-V6.5-SELECTIVE_PRECISION.json,R_V69K_00073,traitement_administre_a,TARGET_MISMATCH,P5_E016,pansinusite initialement traitée par augmentin | augmentin | antibiotique,TRAITEMENT,TRAITEMENT,P5_E070,Patient | patient,FOYER_INFECTIEUX,DONNEE_PATIENT
img20250709_16393818_trace_sepsis_V1.6-V6.5-SELECTIVE_PRECISION.json,R_V69K_00074,traitement_administre_a,TARGET_MISMATCH,P5_E020,mis sous lasilix | lasilix | diuretique,TRAITEMENT,TRAITEMENT,P5_E070,Patient | patient,FOYER_INFECTIEUX,DONNEE_PATIENT
img20250709_16393818_trace_sepsis_V1.6-V6.5-SELECTIVE_PRECISION.json,R_V69K_00075,traitement_administre_a,TARGET_MISMATCH,P5_E038,Antalgique: Acupan | Acupan | antalgique,TRAITEMENT,TRAITEMENT,P5_E070,Patient | patient,FOYER_INFECTIEUX,DONNEE_PATIENT
img20250709_16393818_trace_sepsis_V1.6-V6.5-SELECTIVE_PRECISION.json,R_V69K_00076,traitement_administre_a,TARGET_MISMATCH,P5_E039,dafalgan | antalgique,TRAITEMENT,TRAITEMENT,P5_E070,Patient | patient,FOYER_INFECTIEUX,DONNEE_PATIENT
img20250709_16393818_trace_sepsis_V1.6-V6.5-SELECTIVE_PRECISION.json,R_V69K_00077,traitement_administre_a,TARGET_MISMATCH,P5_E040,mis sous NAD | NAD | vasopresseur,TRAITEMENT,TRAITEMENT,P5_E070,Patient | patient,FOYER_INFECTIEUX,DONNEE_PATIENT
img20250709_16393818_trace_sepsis_V1.6-V6.5-SELECTIVE_PRECISION.json,R_V69K_00078,traitement_administre_a,TARGET_MISMATCH,P5_E041,NAD+Dobutamine | Dobutamine | inotrope,TRAITEMENT,TRAITEMENT,P5_E070,Patient | patient,FOYER_INFECTIEUX,DONNEE_PATIENT
img20250709_16393818_trace_sepsis_V1.6-V6.5-SELECTIVE_PRECISION.json,R_V69K_00080,traitement_administre_a,TARGET_MISMATCH,P5_E001,ventilé en VAC | ventilation_mecanique,TRAITEMENT,TRAITEMENT,P5_E070,Patient | patient,FOYER_INFECTIEUX,DONNEE_PATIENT
img20250709_16393818_trace_sepsis_V1.6-V6.5-SELECTIVE_PRECISION.json,R_V69K_00084,traitement_administre_a,TARGET_MISMATCH,P5_E012,kinésithérapie respiratoire de désencombrement | kinésithérapie respiratoire | kinesitherapie_respiratoire,TRAITEMENT,TRAITEMENT,P5_E070,Patient | patient,FOYER_INFECTIEUX,DONNEE_PATIENT
img20250709_16393818_trace_sepsis_V1.6-V6.5-SELECTIVE_PRECISION.json,R_V69K_00085,traitement_administre_a,TARGET_MISMATCH,P5_E025,"drainage, mise en place de mèche et soins locaux | chirurgie",TRAITEMENT,TRAITEMENT,P5_E070,Patient | patient,FOYER_INFECTIEUX,DONNEE_PATIENT
img20250709_16393818_trace_sepsis_V1.6-V6.5-SELECTIVE_PRECISION.json,R_V69K_00086,traitement_administre_a,TARGET_MISMATCH,P5_E078,Restriction hydrique | restriction_hydrique,TRAITEMENT,TRAITEMENT,P5_E070,Patient | patient,FOYER_INFECTIEUX,DONNEE_PATIENT
img20250709_16393818_trace_sepsis_V1.6-V6.5-SELECTIVE_PRECISION.json,R_V69K_00087,traitement_administre_a,TARGET_MISMATCH,P5_E079,kinésithérapie,TRAITEMENT,TRAITEMENT,P5_E070,Patient | patient,FOYER_INFECTIEUX,DONNEE_PATIENT
img20250709_16393818_trace_sepsis_V1.6-V6.5-SELECTIVE_PRECISION.json,R_V69K_00088,traitement_administre_a,TARGET_MISMATCH,P5_E080,extubation,TRAITEMENT,TRAITEMENT,P5_E070,Patient | patient,FOYER_INFECTIEUX,DONNEE_PATIENT
img20250709_16393818_trace_sepsis_V1.6-V6.5-SELECTIVE_PRECISION.json,R_V69K_00089,traitement_administre_a,TARGET_MISMATCH,P5_E081,intubé,TRAITEMENT,TRAITEMENT,P5_E070,Patient | patient,FOYER_INFECTIEUX,DONNEE_PATIENT
img20250709_16393818_trace_sepsis_V1.6-V6.5-SELECTIVE_PRECISION.json,R_V69K_00090,a_pour_label_nosologique,SOURCE_MISMATCH,P5_E070,Patient | patient,FOYER_INFECTIEUX,DONNEE_PATIENT,P5_E067,neuropathie acquise en réanimation,LABEL_NOSOLOGIQUE,LABEL_NOSOLOGIQUE
img20250709_16393818_trace_sepsis_V1.6-V6.5-SELECTIVE_PRECISION.json,R_V69K_00091,a_pour_label_nosologique,SOURCE_MISMATCH,P5_E070,Patient | patient,FOYER_INFECTIEUX,DONNEE_PATIENT,P5_E068,leucoencéphalie,LABEL_NOSOLOGIQUE,LABEL_NOSOLOGIQUE
img20250709_16393818_trace_sepsis_V1.6-V6.5-SELECTIVE_PRECISION.json,R_V69K_00092,a_pour_label_nosologique,SOURCE_MISMATCH,P5_E070,Patient | patient,FOYER_INFECTIEUX,DONNEE_PATIENT,P5_E069,cholestase ictérique,LABEL_NOSOLOGIQUE,LABEL_NOSOLOGIQUE
img20250709_16393818_trace_sepsis_V1.6-V6.5-SELECTIVE_PRECISION.json,R_V69K_00093,a_pour_label_nosologique,SOURCE_MISMATCH,P5_E070,Patient | patient,FOYER_INFECTIEUX,DONNEE_PATIENT,P5_E083,hyponatrémie,LABEL_NOSOLOGIQUE,LABEL_NOSOLOGIQUE
img20250709_16393818_trace_sepsis_V1.6-V6.5-SELECTIVE_PRECISION.json,R_V69K_00094,presente_symptome,SOURCE_MISMATCH,P5_E070,Patient | patient,FOYER_INFECTIEUX,DONNEE_PATIENT,P5_E058,neuropathie acquise en réanimation,SYMPTOME,SYMPTOME
img20250709_16393818_trace_sepsis_V1.6-V6.5-SELECTIVE_PRECISION.json,R_V69K_00095,presente_symptome,SOURCE_MISMATCH,P5_E070,Patient | patient,FOYER_INFECTIEUX,DONNEE_PATIENT,P5_E059,douleurs à la mobilisation des différentes articulations,SYMPTOME,SYMPTOME
img20250709_16393818_trace_sepsis_V1.6-V6.5-SELECTIVE_PRECISION.json,R_V69K_00096,presente_symptome,SOURCE_MISMATCH,P5_E070,Patient | patient,FOYER_INFECTIEUX,DONNEE_PATIENT,P5_E060,prise de poids de 20 kg,SYMPTOME,SYMPTOME
img20250709_16393818_trace_sepsis_V1.6-V6.5-SELECTIVE_PRECISION.json,R_V69K_00097,presente_symptome,SOURCE_MISMATCH,P5_E070,Patient | patient,FOYER_INFECTIEUX,DONNEE_PATIENT,P5_E061,majoration d'une hyponatrémie,SYMPTOME,SYMPTOME
img20250709_16393818_trace_sepsis_V1.6-V6.5-SELECTIVE_PRECISION.json,R_V69K_00098,presente_symptome,SOURCE_MISMATCH,P5_E070,Patient | patient,FOYER_INFECTIEUX,DONNEE_PATIENT,P5_E062,restriction hydrique,SYMPTOME,SYMPTOME
img20250709_16393818_trace_sepsis_V1.6-V6.5-SELECTIVE_PRECISION.json,R_V69K_00099,presente_symptome,SOURCE_MISMATCH,P5_E070,Patient | patient,FOYER_INFECTIEUX,DONNEE_PATIENT,P5_E063,supplémentation en NaCl,SYMPTOME,SYMPTOME
img20250709_16393818_trace_sepsis_V1.6-V6.5-SELECTIVE_PRECISION.json,R_V69K_00100,traitement_administre_a,TARGET_MISMATCH,P5_E042,switch rapide à l'adrénaline | adrénaline | vasopresseur,TRAITEMENT,TRAITEMENT,P5_E070,Patient | patient,FOYER_INFECTIEUX,DONNEE_PATIENT
img20250709_16393818_trace_sepsis_V1.6-V6.5-SELECTIVE_PRECISION.json,R_V69K_00104,a_pour_label_nosologique,SOURCE_MISMATCH,P6_E036,Patient | patient,LABEL_NOSOLOGIQUE,DONNEE_PATIENT,P6_E001,choc septique | choc_septique,LABEL_NOSOLOGIQUE,LABEL_NOSOLOGIQUE
img20250709_16393818_trace_sepsis_V1.6-V6.5-SELECTIVE_PRECISION.json,R_V69K_00105,presente_suspicion_infection,SOURCE_MISMATCH,P6_E036,Patient | patient,LABEL_NOSOLOGIQUE,DONNEE_PATIENT,P6_E002,pneumopathie non documentée | pneumopathie,FOYER_INFECTIEUX,FOYER_INFECTIEUX
img20250709_16393818_trace_sepsis_V1.6-V6.5-SELECTIVE_PRECISION.json,R_V69K_00106,presente_dysfonction_organe,SOURCE_MISMATCH,P6_E036,Patient | patient,LABEL_NOSOLOGIQUE,DONNEE_PATIENT,P6_E003,SDRA | respiratoire,DEFAILLANCE_ORGANE,DEFAILLANCE_ORGANE
img20250709_16393818_trace_sepsis_V1.6-V6.5-SELECTIVE_PRECISION.json,R_V69K_00107,presente_dysfonction_organe,SOURCE_MISMATCH,P6_E036,Patient | patient,LABEL_NOSOLOGIQUE,DONNEE_PATIENT,P6_E004,insuffisance rénale | renal,DEFAILLANCE_ORGANE,DEFAILLANCE_ORGANE
img20250709_16393818_trace_sepsis_V1.6-V6.5-SELECTIVE_PRECISION.json,R_V69K_00108,a_pour_label_nosologique,BOTH_MISMATCH,P6_E036,Patient | patient,LABEL_NOSOLOGIQUE,DONNEE_PATIENT,P6_E032,Angiocholite,FOYER_INFECTIEUX,LABEL_NOSOLOGIQUE
img20250709_16393818_trace_sepsis_V1.6-V6.5-SELECTIVE_PRECISION.json,R_V69K_00109,a_pour_label_nosologique,SOURCE_MISMATCH,P6_E036,Patient | patient,LABEL_NOSOLOGIQUE,DONNEE_PATIENT,P6_E033,lithiase vésiculaire,LABEL_NOSOLOGIQUE,LABEL_NOSOLOGIQUE
img20250709_16393818_trace_sepsis_V1.6-V6.5-SELECTIVE_PRECISION.json,R_V69K_00110,presente_suspicion_infection,SOURCE_MISMATCH,P6_E036,Patient | patient,LABEL_NOSOLOGIQUE,DONNEE_PATIENT,P6_E006,Abcès de la marge anale | abcès,FOYER_INFECTIEUX,FOYER_INFECTIEUX
img20250709_16393818_trace_sepsis_V1.6-V6.5-SELECTIVE_PRECISION.json,R_V69K_00111,traitement_administre_a,TARGET_MISMATCH,P6_E007,ventilation mécanique | ventilation_mecanique,TRAITEMENT,TRAITEMENT,P6_E036,Patient | patient,LABEL_NOSOLOGIQUE,DONNEE_PATIENT
img20250709_16393818_trace_sepsis_V1.6-V6.5-SELECTIVE_PRECISION.json,R_V69K_00112,traitement_administre_a,TARGET_MISMATCH,P6_E009,Le patient est extubé le 15/05 | extubation,TRAITEMENT,TRAITEMENT,P6_E036,Patient | patient,LABEL_NOSOLOGIQUE,DONNEE_PATIENT
img20250709_16393818_trace_sepsis_V1.6-V6.5-SELECTIVE_PRECISION.json,R_V69K_00113,presente_symptome,SOURCE_MISMATCH,P6_E036,Patient | patient,LABEL_NOSOLOGIQUE,DONNEE_PATIENT,P6_E010,fluctuant sur le plan de la vigilance avec des épisodes de confusion intermittents | confusion,SYMPTOME,SYMPTOME
img20250709_16393818_trace_sepsis_V1.6-V6.5-SELECTIVE_PRECISION.json,R_V69K_00114,presente_symptome,SOURCE_MISMATCH,P6_E036,Patient | patient,LABEL_NOSOLOGIQUE,DONNEE_PATIENT,P6_E011,encombrement bronchique | encombrement,SYMPTOME,SYMPTOME
img20250709_16393818_trace_sepsis_V1.6-V6.5-SELECTIVE_PRECISION.json,R_V69K_00115,traitement_administre_a,TARGET_MISMATCH,P6_E012,kinésithérapie | kinesitherapie_respiratoire,TRAITEMENT,TRAITEMENT,P6_E036,Patient | patient,LABEL_NOSOLOGIQUE,DONNEE_PATIENT
img20250709_16393818_trace_sepsis_V1.6-V6.5-SELECTIVE_PRECISION.json,R_V69K_00116,service_medical_accueille,TARGET_MISMATCH,P6_E015,Gériatrie à Ambroise Paré | geriatrie,SERVICE_MEDICAL,SERVICE_MEDICAL,P6_E036,Patient | patient,LABEL_NOSOLOGIQUE,DONNEE_PATIENT
img20250709_16393818_trace_sepsis_V1.6-V6.5-SELECTIVE_PRECISION.json,R_V69K_00117,traitement_administre_a,TARGET_MISMATCH,P6_E016,Dafalgan | antalgique,TRAITEMENT,TRAITEMENT,P6_E036,Patient | patient,LABEL_NOSOLOGIQUE,DONNEE_PATIENT
img20250709_16393818_trace_sepsis_V1.6-V6.5-SELECTIVE_PRECISION.json,R_V69K_00119,traitement_administre_a,TARGET_MISMATCH,P6_E018,Acupan | antalgique,TRAITEMENT,TRAITEMENT,P6_E036,Patient | patient,LABEL_NOSOLOGIQUE,DONNEE_PATIENT
img20250709_16393818_trace_sepsis_V1.6-V6.5-SELECTIVE_PRECISION.json,R_V69K_00121,traitement_administre_a,TARGET_MISMATCH,P6_E020,Calciparine | anticoagulant,TRAITEMENT,TRAITEMENT,P6_E036,Patient | patient,LABEL_NOSOLOGIQUE,DONNEE_PATIENT
img20250709_16393818_trace_sepsis_V1.6-V6.5-SELECTIVE_PRECISION.json,R_V69K_00123,traitement_administre_a,TARGET_MISMATCH,P6_E022,Fresubin | nutrition_enterale,TRAITEMENT,TRAITEMENT,P6_E036,Patient | patient,LABEL_NOSOLOGIQUE,DONNEE_PATIENT
img20250709_16393818_trace_sepsis_V1.6-V6.5-SELECTIVE_PRECISION.json,R_V69K_00125,traitement_administre_a,TARGET_MISMATCH,P6_E024,Eau | nutrition_enterale,TRAITEMENT,TRAITEMENT,P6_E036,Patient | patient,LABEL_NOSOLOGIQUE,DONNEE_PATIENT
img20250709_16393818_trace_sepsis_V1.6-V6.5-SELECTIVE_PRECISION.json,R_V69K_00127,traitement_administre_a,TARGET_MISMATCH,P6_E026,Seretide | autre,TRAITEMENT,TRAITEMENT,P6_E036,Patient | patient,LABEL_NOSOLOGIQUE,DONNEE_PATIENT
img20250709_16393818_trace_sepsis_V1.6-V6.5-SELECTIVE_PRECISION.json,R_V69K_00129,traitement_administre_a,TARGET_MISMATCH,P6_E028,Xatral | autre,TRAITEMENT,TRAITEMENT,P6_E036,Patient | patient,LABEL_NOSOLOGIQUE,DONNEE_PATIENT
img20250709_16393818_trace_sepsis_V1.6-V6.5-SELECTIVE_PRECISION.json,R_V69K_00131,traitement_administre_a,TARGET_MISMATCH,P6_E030,Transfusion sanguine : oui | Transfusion | transfusion_CGR,TRAITEMENT,TRAITEMENT,P6_E036,Patient | patient,LABEL_NOSOLOGIQUE,DONNEE_PATIENT
img20250709_16393818_trace_sepsis_V1.6-V6.5-SELECTIVE_PRECISION.json,R_V69K_00132,presente_symptome,SOURCE_MISMATCH,P6_E036,Patient | patient,LABEL_NOSOLOGIQUE,DONNEE_PATIENT,P6_E014,neuropathie sensitivo-motrice acquise en réanimation | neuropathie_sensitivo_motrice,SYMPTOME,SYMPTOME
img20250709_16393818_trace_sepsis_V1.6-V6.5-SELECTIVE_PRECISION.json,R_V69K_00133,service_medical_accueille,TARGET_MISMATCH,P6_E038,réanimation,SERVICE_MEDICAL,SERVICE_MEDICAL,P6_E036,Patient | patient,LABEL_NOSOLOGIQUE,DONNEE_PATIENT
img20250709_16393818_trace_sepsis_V1.6-V6.5-SELECTIVE_PRECISION.json,R_V69K_00135,a_pour_contexte_acquisition,SOURCE_MISMATCH,P6_E036,Patient | patient,LABEL_NOSOLOGIQUE,COMORBIDITE_ANTECEDENT,P6_E031,Infection nosocomiale : oui | infection_nosocomiale,CONTEXTE_ACQUISITION,CONTEXTE_ACQUISITION
img20250709_16393818_trace_sepsis_V1.6-V6.5-SELECTIVE_PRECISION.json,R_V69K_00140,imagerie_objective_comorbidite,TARGET_MISMATCH,P5_E017,IRM,IMAGERIE_PROCEDURE,IMAGERIE_PROCEDURE,P5_E068,leucoencéphalie,LABEL_NOSOLOGIQUE,COMORBIDITE_ANTECEDENT
img20250709_16393818_trace_sepsis_V1.6-V6.5-SELECTIVE_PRECISION.json,,traitement_administre_a,TARGET_MISMATCH,P5_V75_001,tienam,TRAITEMENT,TRAITEMENT,P5_E070,Patient | patient,FOYER_INFECTIEUX,DONNEE_PATIENT
img20250709_16395936_trace_sepsis_V1.6-V6.5-SELECTIVE_PRECISION.json,R_V69K_00001,service_medical_accueille,TARGET_MISMATCH,P1_E035,réanimation,SERVICE_MEDICAL,SERVICE_MEDICAL,P1_E034,Patient | patient,DEFAILLANCE_ORGANE,DONNEE_PATIENT
img20250709_16395936_trace_sepsis_V1.6-V6.5-SELECTIVE_PRECISION.json,R_V69K_00002,presente_suspicion_infection,SOURCE_MISMATCH,P1_E034,Patient | patient,DEFAILLANCE_ORGANE,DONNEE_PATIENT,P1_E026,26/12/2012 : surinfection parties molles à Pseudomonas aeruginosa | autre,FOYER_INFECTIEUX,FOYER_INFECTIEUX
img20250709_16395936_trace_sepsis_V1.6-V6.5-SELECTIVE_PRECISION.json,R_V69K_00003,presente_dysfonction_organe,SOURCE_MISMATCH,P1_E034,Patient | patient,DEFAILLANCE_ORGANE,DONNEE_PATIENT,P1_E036,insuffisance rénale | renal,DEFAILLANCE_ORGANE,DEFAILLANCE_ORGANE
img20250709_16395936_trace_sepsis_V1.6-V6.5-SELECTIVE_PRECISION.json,R_V69K_00004,presente_dysfonction_organe,BOTH_MISMATCH,P1_E034,Patient | patient,DEFAILLANCE_ORGANE,DONNEE_PATIENT,P1_E032,dénutrition sévère | autre,COMORBIDITE_ANTECEDENT,DEFAILLANCE_ORGANE
img20250709_16395936_trace_sepsis_V1.6-V6.5-SELECTIVE_PRECISION.json,R_V69K_00005,traitement_administre_a,TARGET_MISMATCH,P1_E027,ttt par claventin 3g+ 500 mg d'amiklin | amiklin | antibiotique,TRAITEMENT,TRAITEMENT,P1_E034,Patient | patient,DEFAILLANCE_ORGANE,DONNEE_PATIENT
img20250709_16395936_trace_sepsis_V1.6-V6.5-SELECTIVE_PRECISION.json,R_V69K_00050,presente_symptome,SOURCE_MISMATCH,P4_E032,patient,DEFAILLANCE_ORGANE,DONNEE_PATIENT,P4_E004,écoulement purulent | ecoulement_purulent,SYMPTOME,SYMPTOME
img20250709_16395936_trace_sepsis_V1.6-V6.5-SELECTIVE_PRECISION.json,R_V69K_00051,presente_symptome,SOURCE_MISMATCH,P4_E032,patient,DEFAILLANCE_ORGANE,DONNEE_PATIENT,P4_E005,fatigué | fatigue,SYMPTOME,SYMPTOME
img20250709_16395936_trace_sepsis_V1.6-V6.5-SELECTIVE_PRECISION.json,R_V69K_00052,presente_symptome,SOURCE_MISMATCH,P4_E032,patient,DEFAILLANCE_ORGANE,DONNEE_PATIENT,P4_E006,teint gris | teint_gris,SYMPTOME,SYMPTOME
img20250709_16395936_trace_sepsis_V1.6-V6.5-SELECTIVE_PRECISION.json,R_V69K_00053,presente_symptome,SOURCE_MISMATCH,P4_E032,patient,DEFAILLANCE_ORGANE,DONNEE_PATIENT,P4_E007,subfébrile | subfebrile,SYMPTOME,SYMPTOME
img20250709_16395936_trace_sepsis_V1.6-V6.5-SELECTIVE_PRECISION.json,R_V69K_00054,traitement_administre_a,TARGET_MISMATCH,P4_E009,Vancomycine | antibiotique,TRAITEMENT,TRAITEMENT,P4_E032,patient,DEFAILLANCE_ORGANE,DONNEE_PATIENT
img20250709_16395936_trace_sepsis_V1.6-V6.5-SELECTIVE_PRECISION.json,R_V69K_00056,traitement_administre_a,TARGET_MISMATCH,P4_E010,Aztreonam | antibiotique,TRAITEMENT,TRAITEMENT,P4_E032,patient,DEFAILLANCE_ORGANE,DONNEE_PATIENT
img20250709_16395936_trace_sepsis_V1.6-V6.5-SELECTIVE_PRECISION.json,R_V69K_00057,presente_symptome,SOURCE_MISMATCH,P4_E032,patient,DEFAILLANCE_ORGANE,DONNEE_PATIENT,P4_E012,persistance de la fièvre | fievre,SYMPTOME,SYMPTOME
img20250709_16395936_trace_sepsis_V1.6-V6.5-SELECTIVE_PRECISION.json,R_V69K_00058,presente_symptome,SOURCE_MISMATCH,P4_E032,patient,DEFAILLANCE_ORGANE,DONNEE_PATIENT,P4_E013,pics à 39-40 °C | fievre,SYMPTOME,SYMPTOME
img20250709_16395936_trace_sepsis_V1.6-V6.5-SELECTIVE_PRECISION.json,R_V69K_00059,traitement_administre_a,TARGET_MISMATCH,P4_E014,5000 UI d'héparine | héparine | autre,TRAITEMENT,TRAITEMENT,P4_E032,patient,DEFAILLANCE_ORGANE,DONNEE_PATIENT
img20250709_16395936_trace_sepsis_V1.6-V6.5-SELECTIVE_PRECISION.json,R_V69K_00062,traitement_administre_a,TARGET_MISMATCH,P4_E021,transfusions itératives | transfusion | transfusion_CGR,TRAITEMENT,TRAITEMENT,P4_E032,patient,DEFAILLANCE_ORGANE,DONNEE_PATIENT
img20250709_16395936_trace_sepsis_V1.6-V6.5-SELECTIVE_PRECISION.json,R_V69K_00063,traitement_administre_a,TARGET_MISMATCH,P4_E023,Chirurgie d'escarre | parage | chirurgie,TRAITEMENT,TRAITEMENT,P4_E032,patient,DEFAILLANCE_ORGANE,DONNEE_PATIENT
img20250709_16395936_trace_sepsis_V1.6-V6.5-SELECTIVE_PRECISION.json,R_V69K_00064,service_medical_accueille,TARGET_MISMATCH,P4_E024,transféré en réanimation le 31/03 | réanimation | autre,SERVICE_MEDICAL,SERVICE_MEDICAL,P4_E032,patient,DEFAILLANCE_ORGANE,DONNEE_PATIENT
img20250709_16395936_trace_sepsis_V1.6-V6.5-SELECTIVE_PRECISION.json,R_V69K_00065,traitement_administre_a,TARGET_MISMATCH,P4_E039,Anticoagulation | anticoagulation,TRAITEMENT,TRAITEMENT,P4_E032,patient,DEFAILLANCE_ORGANE,DONNEE_PATIENT
img20250709_16395936_trace_sepsis_V1.6-V6.5-SELECTIVE_PRECISION.json,R_V69K_00066,a_pour_label_nosologique,SOURCE_MISMATCH,P4_E032,patient,DEFAILLANCE_ORGANE,DONNEE_PATIENT,P4_E029,ostéosclérose,LABEL_NOSOLOGIQUE,LABEL_NOSOLOGIQUE
img20250709_16395936_trace_sepsis_V1.6-V6.5-SELECTIVE_PRECISION.json,R_V69K_00067,a_pour_label_nosologique,SOURCE_MISMATCH,P4_E032,patient,DEFAILLANCE_ORGANE,DONNEE_PATIENT,P4_E030,nécrose cutanée,LABEL_NOSOLOGIQUE,LABEL_NOSOLOGIQUE
img20250709_16395936_trace_sepsis_V1.6-V6.5-SELECTIVE_PRECISION.json,R_V69K_00068,presente_dysfonction_organe,SOURCE_MISMATCH,P4_E032,patient,DEFAILLANCE_ORGANE,DONNEE_PATIENT,P4_E027,KT Canaud bouché | autre,DEFAILLANCE_ORGANE,DEFAILLANCE_ORGANE
img20250709_16395936_trace_sepsis_V1.6-V6.5-SELECTIVE_PRECISION.json,R_V69K_00069,presente_symptome,BOTH_MISMATCH,P4_E032,patient,DEFAILLANCE_ORGANE,DONNEE_PATIENT,P4_E028,dilatation des veines du membre supérieur gauche | autre,DEFAILLANCE_ORGANE,SYMPTOME
img20250709_16395936_trace_sepsis_V1.6-V6.5-SELECTIVE_PRECISION.json,R_V69K_00070,presente_dysfonction_organe,SOURCE_MISMATCH,P4_E032,patient,DEFAILLANCE_ORGANE,DONNEE_PATIENT,P4_E036,insuffisance rénale | renal,DEFAILLANCE_ORGANE,DEFAILLANCE_ORGANE
img20250709_16395936_trace_sepsis_V1.6-V6.5-SELECTIVE_PRECISION.json,R_V69K_00071,presente_dysfonction_organe,BOTH_MISMATCH,P4_E032,patient,DEFAILLANCE_ORGANE,DONNEE_PATIENT,P4_E037,anurie | renal,SYMPTOME,DEFAILLANCE_ORGANE
img20250709_16395936_trace_sepsis_V1.6-V6.5-SELECTIVE_PRECISION.json,R_V69K_00088,a_pour_label_nosologique,SOURCE_MISMATCH,P1_E034,Patient | patient,DEFAILLANCE_ORGANE,DONNEE_PATIENT,P4_E003,Sepsis | sepsis,LABEL_NOSOLOGIQUE,LABEL_NOSOLOGIQUE
img20250709_16395936_trace_sepsis_V1.6-V6.5-SELECTIVE_PRECISION.json,R_V69K_00094,patient_a_pour_evolution,SOURCE_MISMATCH,P1_E034,Patient | patient,DEFAILLANCE_ORGANE,DONNEE_PATIENT,P4_E044,aggravation de l’escarre | evolution_clinique,EVOLUTION_PRONOSTIC,EVOLUTION_PRONOSTIC
img20250709_16395936_trace_sepsis_V1.6-V6.5-SELECTIVE_PRECISION.json,,traitement_administre_a,TARGET_MISMATCH,P5_V75_001,serum physiologique,TRAITEMENT,TRAITEMENT,P1_E034,Patient | patient,DEFAILLANCE_ORGANE,DONNEE_PATIENT
img20250709_16414914_trace_sepsis_V1.6-V6.5-SELECTIVE_PRECISION.json,R_V69K_00001,presente_symptome,TARGET_MISMATCH,P1_E027,Patient | patient,DONNEE_PATIENT,DONNEE_PATIENT,P1_E024,coma,LABEL_NOSOLOGIQUE,SYMPTOME
img20250709_16414914_trace_sepsis_V1.6-V6.5-SELECTIVE_PRECISION.json,R_V69K_00011,presente_suspicion_infection,SOURCE_MISMATCH,P2_E040,patient | age,DEFAILLANCE_ORGANE,DONNEE_PATIENT,P2_E010,érysipèle de la jambe droite | erysipele,FOYER_INFECTIEUX,FOYER_INFECTIEUX
img20250709_16414914_trace_sepsis_V1.6-V6.5-SELECTIVE_PRECISION.json,R_V69K_00012,presente_symptome,SOURCE_MISMATCH,P2_E040,patient | age,DEFAILLANCE_ORGANE,DONNEE_PATIENT,P2_E011,troubles du comportement à type d'irritabilité | agitation,SYMPTOME,SYMPTOME
img20250709_16414914_trace_sepsis_V1.6-V6.5-SELECTIVE_PRECISION.json,R_V69K_00013,presente_symptome,SOURCE_MISMATCH,P2_E040,patient | age,DEFAILLANCE_ORGANE,DONNEE_PATIENT,P2_E012,troubles de la conscience | confusion,SYMPTOME,SYMPTOME
img20250709_16414914_trace_sepsis_V1.6-V6.5-SELECTIVE_PRECISION.json,R_V69K_00014,presente_symptome,SOURCE_MISMATCH,P2_E040,patient | age,DEFAILLANCE_ORGANE,DONNEE_PATIENT,P2_E013,mydriase symétrique réactive | mydriase,SYMPTOME,SYMPTOME
img20250709_16414914_trace_sepsis_V1.6-V6.5-SELECTIVE_PRECISION.json,R_V69K_00015,presente_symptome,SOURCE_MISMATCH,P2_E040,patient | age,DEFAILLANCE_ORGANE,DONNEE_PATIENT,P2_E014,trismus intermittent | trismus,SYMPTOME,SYMPTOME
img20250709_16414914_trace_sepsis_V1.6-V6.5-SELECTIVE_PRECISION.json,R_V69K_00016,presente_symptome,SOURCE_MISMATCH,P2_E040,patient | age,DEFAILLANCE_ORGANE,DONNEE_PATIENT,P2_E015,hypertonie généralisé | hypertonie,SYMPTOME,SYMPTOME
img20250709_16414914_trace_sepsis_V1.6-V6.5-SELECTIVE_PRECISION.json,R_V69K_00017,presente_symptome,SOURCE_MISMATCH,P2_E040,patient | age,DEFAILLANCE_ORGANE,DONNEE_PATIENT,P2_E016,yeux révulsés | yeux_revulses,SYMPTOME,SYMPTOME
img20250709_16414914_trace_sepsis_V1.6-V6.5-SELECTIVE_PRECISION.json,R_V69K_00018,presente_symptome,SOURCE_MISMATCH,P2_E040,patient | age,DEFAILLANCE_ORGANE,DONNEE_PATIENT,P2_E017,faisant évoquer des crises d'épilepsie | crises_epilepsie,SYMPTOME,SYMPTOME
img20250709_16414914_trace_sepsis_V1.6-V6.5-SELECTIVE_PRECISION.json,R_V69K_00019,presente_symptome,SOURCE_MISMATCH,P2_E040,patient | age,DEFAILLANCE_ORGANE,DONNEE_PATIENT,P2_E019,ictère conjonctival | ictere,SYMPTOME,SYMPTOME
img20250709_16414914_trace_sepsis_V1.6-V6.5-SELECTIVE_PRECISION.json,R_V69K_00020,presente_symptome,SOURCE_MISMATCH,P2_E040,patient | age,DEFAILLANCE_ORGANE,DONNEE_PATIENT,P2_E020,ascite,SYMPTOME,SYMPTOME
img20250709_16414914_trace_sepsis_V1.6-V6.5-SELECTIVE_PRECISION.json,R_V69K_00021,presente_symptome,SOURCE_MISMATCH,P2_E040,patient | age,DEFAILLANCE_ORGANE,DONNEE_PATIENT,P2_E021,crise convulsive | crise_convulsive,SYMPTOME,SYMPTOME
img20250709_16414914_trace_sepsis_V1.6-V6.5-SELECTIVE_PRECISION.json,R_V69K_00022,presente_symptome,SOURCE_MISMATCH,P2_E040,patient | age,DEFAILLANCE_ORGANE,DONNEE_PATIENT,P2_E022,hypertonie,SYMPTOME,SYMPTOME
img20250709_16414914_trace_sepsis_V1.6-V6.5-SELECTIVE_PRECISION.json,R_V69K_00023,presente_symptome,SOURCE_MISMATCH,P2_E040,patient | age,DEFAILLANCE_ORGANE,DONNEE_PATIENT,P2_E023,désaturation | desaturation,SYMPTOME,SYMPTOME
img20250709_16414914_trace_sepsis_V1.6-V6.5-SELECTIVE_PRECISION.json,R_V69K_00024,presente_symptome,SOURCE_MISMATCH,P2_E040,patient | age,DEFAILLANCE_ORGANE,DONNEE_PATIENT,P2_E027,ROT abolis | reflexes_abolits,SYMPTOME,SYMPTOME
img20250709_16414914_trace_sepsis_V1.6-V6.5-SELECTIVE_PRECISION.json,R_V69K_00025,presente_symptome,SOURCE_MISMATCH,P2_E040,patient | age,DEFAILLANCE_ORGANE,DONNEE_PATIENT,P2_E028,RCP indifférent | reflexes_indifferents,SYMPTOME,SYMPTOME
img20250709_16414914_trace_sepsis_V1.6-V6.5-SELECTIVE_PRECISION.json,R_V69K_00026,presente_symptome,SOURCE_MISMATCH,P2_E040,patient | age,DEFAILLANCE_ORGANE,DONNEE_PATIENT,P2_E029,Dyspnéique+++ | dyspnee,SYMPTOME,SYMPTOME
img20250709_16414914_trace_sepsis_V1.6-V6.5-SELECTIVE_PRECISION.json,R_V69K_00027,presente_symptome,SOURCE_MISMATCH,P2_E040,patient | age,DEFAILLANCE_ORGANE,DONNEE_PATIENT,P2_E030,ronchis diffus | ronchis,SYMPTOME,SYMPTOME
img20250709_16414914_trace_sepsis_V1.6-V6.5-SELECTIVE_PRECISION.json,R_V69K_00028,presente_symptome,SOURCE_MISMATCH,P2_E040,patient | age,DEFAILLANCE_ORGANE,DONNEE_PATIENT,P2_E031,Balancement thoraco-abdominal | balancement_thoraco_abdominal,SYMPTOME,SYMPTOME
img20250709_16414914_trace_sepsis_V1.6-V6.5-SELECTIVE_PRECISION.json,R_V69K_00029,presente_symptome,SOURCE_MISMATCH,P2_E040,patient | age,DEFAILLANCE_ORGANE,DONNEE_PATIENT,P2_E032,Obésité | obesite,SYMPTOME,SYMPTOME
img20250709_16414914_trace_sepsis_V1.6-V6.5-SELECTIVE_PRECISION.json,R_V69K_00030,presente_symptome,SOURCE_MISMATCH,P2_E040,patient | age,DEFAILLANCE_ORGANE,DONNEE_PATIENT,P2_E033,Ascite importante | ascite,SYMPTOME,SYMPTOME
img20250709_16414914_trace_sepsis_V1.6-V6.5-SELECTIVE_PRECISION.json,R_V69K_00031,presente_dysfonction_organe,BOTH_MISMATCH,P2_E040,patient | age,DEFAILLANCE_ORGANE,DONNEE_PATIENT,P2_E045,Anurie | renal,SYMPTOME,DEFAILLANCE_ORGANE
img20250709_16414914_trace_sepsis_V1.6-V6.5-SELECTIVE_PRECISION.json,R_V69K_00032,traitement_administre_a,TARGET_MISMATCH,P2_E018,cédant au rivotril | rivotril | sedatif,TRAITEMENT,TRAITEMENT,P2_E040,patient | age,DEFAILLANCE_ORGANE,DONNEE_PATIENT
img20250709_16414914_trace_sepsis_V1.6-V6.5-SELECTIVE_PRECISION.json,R_V69K_00033,traitement_administre_a,TARGET_MISMATCH,P2_E025,10 mg de valium | valium | 10 | sedatif,TRAITEMENT,TRAITEMENT,P2_E040,patient | age,DEFAILLANCE_ORGANE,DONNEE_PATIENT
img20250709_16414914_trace_sepsis_V1.6-V6.5-SELECTIVE_PRECISION.json,R_V69K_00035,traitement_administre_a,TARGET_MISMATCH,P2_E034,Pose d'une sonde gastrique | sonde gastrique | autre,TRAITEMENT,TRAITEMENT,P2_E040,patient | age,DEFAILLANCE_ORGANE,DONNEE_PATIENT
img20250709_16414914_trace_sepsis_V1.6-V6.5-SELECTIVE_PRECISION.json,R_V69K_00036,traitement_administre_a,TARGET_MISMATCH,P2_E002,ponction évacuatrice d'ascite | ponction_evacuatrice,TRAITEMENT,TRAITEMENT,P2_E040,patient | age,DEFAILLANCE_ORGANE,DONNEE_PATIENT
img20250709_16414914_trace_sepsis_V1.6-V6.5-SELECTIVE_PRECISION.json,R_V69K_00037,service_medical_accueille,TARGET_MISMATCH,P2_E001,CH de Nanterre | autre,SERVICE_MEDICAL,SERVICE_MEDICAL,P2_E040,patient | age,DEFAILLANCE_ORGANE,DONNEE_PATIENT
img20250709_16414914_trace_sepsis_V1.6-V6.5-SELECTIVE_PRECISION.json,R_V69K_00038,presente_symptome,SOURCE_MISMATCH,P2_E040,patient | age,DEFAILLANCE_ORGANE,DONNEE_PATIENT,P2_E035,liquide vert avec des traces de sang | hematemese,SYMPTOME,SYMPTOME
img20250709_16414914_trace_sepsis_V1.6-V6.5-SELECTIVE_PRECISION.json,R_V69K_00039,presente_symptome,SOURCE_MISMATCH,P2_E040,patient | age,DEFAILLANCE_ORGANE,DONNEE_PATIENT,P2_E036,Anurie | anurie,SYMPTOME,SYMPTOME
img20250709_16414914_trace_sepsis_V1.6-V6.5-SELECTIVE_PRECISION.json,R_V69K_00053,a_pour_label_nosologique,SOURCE_MISMATCH,P5_E020,patient,DEFAILLANCE_ORGANE,DONNEE_PATIENT,P5_E024,choc septique | choc_septique,LABEL_NOSOLOGIQUE,LABEL_NOSOLOGIQUE
img20250709_16414914_trace_sepsis_V1.6-V6.5-SELECTIVE_PRECISION.json,R_V69K_00054,a_pour_label_nosologique,SOURCE_MISMATCH,P5_E020,patient,DEFAILLANCE_ORGANE,DONNEE_PATIENT,P5_E014,choc septique réfractaire,LABEL_NOSOLOGIQUE,LABEL_NOSOLOGIQUE
img20250709_16414914_trace_sepsis_V1.6-V6.5-SELECTIVE_PRECISION.json,R_V69K_00055,presente_suspicion_infection,SOURCE_MISMATCH,P5_E020,patient,DEFAILLANCE_ORGANE,DONNEE_PATIENT,P5_E015,infection du liquide d'ascite,FOYER_INFECTIEUX,FOYER_INFECTIEUX
img20250709_16414914_trace_sepsis_V1.6-V6.5-SELECTIVE_PRECISION.json,R_V69K_00056,presente_dysfonction_organe,SOURCE_MISMATCH,P5_E020,patient,DEFAILLANCE_ORGANE,DONNEE_PATIENT,P5_E003,SDRA | respiratoire,DEFAILLANCE_ORGANE,DEFAILLANCE_ORGANE
img20250709_16414914_trace_sepsis_V1.6-V6.5-SELECTIVE_PRECISION.json,R_V69K_00057,presente_dysfonction_organe,SOURCE_MISMATCH,P5_E020,patient,DEFAILLANCE_ORGANE,DONNEE_PATIENT,P5_E005,CIVD | hematologique,DEFAILLANCE_ORGANE,DEFAILLANCE_ORGANE
img20250709_16414914_trace_sepsis_V1.6-V6.5-SELECTIVE_PRECISION.json,R_V69K_00058,presente_dysfonction_organe,SOURCE_MISMATCH,P5_E020,patient,DEFAILLANCE_ORGANE,DONNEE_PATIENT,P5_E016,IRA anurique | renal,DEFAILLANCE_ORGANE,DEFAILLANCE_ORGANE
img20250709_16414914_trace_sepsis_V1.6-V6.5-SELECTIVE_PRECISION.json,R_V69K_00059,presente_dysfonction_organe,BOTH_MISMATCH,P5_E020,patient,DEFAILLANCE_ORGANE,DONNEE_PATIENT,P5_E017,encéphalopathie hépatique | hepatique,LABEL_NOSOLOGIQUE,DEFAILLANCE_ORGANE
img20250709_16414914_trace_sepsis_V1.6-V6.5-SELECTIVE_PRECISION.json,R_V69K_00060,traitement_administre_a,TARGET_MISMATCH,P5_E001,Beta lactamine | antibiotique,TRAITEMENT,TRAITEMENT,P5_E020,patient,DEFAILLANCE_ORGANE,DONNEE_PATIENT
img20250709_16414914_trace_sepsis_V1.6-V6.5-SELECTIVE_PRECISION.json,R_V69K_00061,traitement_administre_a,TARGET_MISMATCH,P5_E002,aminoside | antibiotique,TRAITEMENT,TRAITEMENT,P5_E020,patient,DEFAILLANCE_ORGANE,DONNEE_PATIENT
img20250709_16414914_trace_sepsis_V1.6-V6.5-SELECTIVE_PRECISION.json,R_V69K_00062,traitement_administre_a,TARGET_MISMATCH,P5_E004,curarisation,TRAITEMENT,TRAITEMENT,P5_E020,patient,DEFAILLANCE_ORGANE,DONNEE_PATIENT
img20250709_16414914_trace_sepsis_V1.6-V6.5-SELECTIVE_PRECISION.json,R_V69K_00063,traitement_administre_a,TARGET_MISMATCH,P5_E006,transfusion de PFC | transfusion | transfusion_CGR,TRAITEMENT,TRAITEMENT,P5_E020,patient,DEFAILLANCE_ORGANE,DONNEE_PATIENT
img20250709_16414914_trace_sepsis_V1.6-V6.5-SELECTIVE_PRECISION.json,R_V69K_00064,traitement_administre_a,TARGET_MISMATCH,P5_E008,Adrénaline 10 mg/h | Adrénaline | vasopresseur,TRAITEMENT,TRAITEMENT,P5_E020,patient,DEFAILLANCE_ORGANE,DONNEE_PATIENT
img20250709_16414914_trace_sepsis_V1.6-V6.5-SELECTIVE_PRECISION.json,R_V69K_00066,traitement_administre_a,TARGET_MISMATCH,P5_E010,Noradrénaline 20 mg/h | Noradrénaline | vasopresseur,TRAITEMENT,TRAITEMENT,P5_E020,patient,DEFAILLANCE_ORGANE,DONNEE_PATIENT
img20250709_16414914_trace_sepsis_V1.6-V6.5-SELECTIVE_PRECISION.json,R_V69K_00068,traitement_administre_a,TARGET_MISMATCH,P5_E013,dialyse | epuration_extra_renale,TRAITEMENT,TRAITEMENT,P5_E020,patient,DEFAILLANCE_ORGANE,DONNEE_PATIENT
img20250709_16414914_trace_sepsis_V1.6-V6.5-SELECTIVE_PRECISION.json,R_V69K_00069,presente_dysfonction_organe,SOURCE_MISMATCH,P5_E020,patient,DEFAILLANCE_ORGANE,DONNEE_PATIENT,P5_E021,ira | renal,DEFAILLANCE_ORGANE,DEFAILLANCE_ORGANE
img20250709_16414914_trace_sepsis_V1.6-V6.5-SELECTIVE_PRECISION.json,R_V69K_00070,a_pour_label_nosologique,SOURCE_MISMATCH,P5_E020,patient,DEFAILLANCE_ORGANE,DONNEE_PATIENT,P5_E022,Acidose métabolique | metabolique,LABEL_NOSOLOGIQUE,LABEL_NOSOLOGIQUE
img20250709_16414914_trace_sepsis_V1.6-V6.5-SELECTIVE_PRECISION.json,R_V69K_00071,patient_a_pour_evolution,SOURCE_MISMATCH,P5_E020,patient,DEFAILLANCE_ORGANE,DONNEE_PATIENT,P5_E026,Dégradation dans un second temps avec un passage en SDRA ayant nécessité une prise en charge ventilatoire | evolution_clinique,EVOLUTION_PRONOSTIC,EVOLUTION_PRONOSTIC
img20250709_16414914_trace_sepsis_V1.6-V6.5-SELECTIVE_PRECISION.json,R_V69K_00072,patient_a_pour_evolution,SOURCE_MISMATCH,P5_E020,patient,DEFAILLANCE_ORGANE,DONNEE_PATIENT,P5_E028,décès | evolution_clinique,EVOLUTION_PRONOSTIC,EVOLUTION_PRONOSTIC
img20250709_16414914_trace_sepsis_V1.6-V6.5-SELECTIVE_PRECISION.json,,presente_dysfonction_organe,SOURCE_MISMATCH,P5_E020,patient,DEFAILLANCE_ORGANE,DONNEE_PATIENT,P5_V75_001,instabilité hémodynamique,DEFAILLANCE_ORGANE,DEFAILLANCE_ORGANE
img20250709_16510509_trace_sepsis_V1.6-V6.5-SELECTIVE_PRECISION.json,R_V69K_00019,presente_suspicion_infection,SOURCE_MISMATCH,P2_E048,Patient | patient,FOYER_INFECTIEUX,DONNEE_PATIENT,P2_E008,Erysipèle du Mbr Inf.,FOYER_INFECTIEUX,FOYER_INFECTIEUX
img20250709_16510509_trace_sepsis_V1.6-V6.5-SELECTIVE_PRECISION.json,R_V69K_00020,presente_dysfonction_organe,SOURCE_MISMATCH,P2_E048,Patient | patient,FOYER_INFECTIEUX,DONNEE_PATIENT,P2_E014,détresse respiratoire | respiratoire,DEFAILLANCE_ORGANE,DEFAILLANCE_ORGANE
img20250709_16510509_trace_sepsis_V1.6-V6.5-SELECTIVE_PRECISION.json,R_V69K_00021,traitement_administre_a,TARGET_MISMATCH,P2_E020,amine (NAD 1 mg/h) | NAD | vasopresseur,TRAITEMENT,TRAITEMENT,P2_E048,Patient | patient,FOYER_INFECTIEUX,DONNEE_PATIENT
img20250709_16510509_trace_sepsis_V1.6-V6.5-SELECTIVE_PRECISION.json,R_V69K_00023,traitement_administre_a,TARGET_MISMATCH,P2_E018,"remplissage (1L de SS 0,9%) | remplissage_vasculaire",TRAITEMENT,TRAITEMENT,P2_E048,Patient | patient,FOYER_INFECTIEUX,DONNEE_PATIENT
img20250709_16510509_trace_sepsis_V1.6-V6.5-SELECTIVE_PRECISION.json,R_V69K_00024,traitement_administre_a,TARGET_MISMATCH,P2_E022,O2 à 6L/min. | oxygenotherapie,TRAITEMENT,TRAITEMENT,P2_E048,Patient | patient,FOYER_INFECTIEUX,DONNEE_PATIENT
img20250709_16510509_trace_sepsis_V1.6-V6.5-SELECTIVE_PRECISION.json,R_V69K_00025,traitement_administre_a,TARGET_MISMATCH,P2_E011,AUGMENTIN | antibiotique,TRAITEMENT,TRAITEMENT,P2_E048,Patient | patient,FOYER_INFECTIEUX,DONNEE_PATIENT
img20250709_16510509_trace_sepsis_V1.6-V6.5-SELECTIVE_PRECISION.json,R_V69K_00026,presente_symptome,SOURCE_MISMATCH,P2_E048,Patient | patient,FOYER_INFECTIEUX,DONNEE_PATIENT,P2_E013,confusion,SYMPTOME,SYMPTOME
img20250709_16510509_trace_sepsis_V1.6-V6.5-SELECTIVE_PRECISION.json,R_V69K_00027,presente_symptome,SOURCE_MISMATCH,P2_E048,Patient | patient,FOYER_INFECTIEUX,DONNEE_PATIENT,P2_E015,Hyperthermie à 39° | fievre,SYMPTOME,SYMPTOME
img20250709_16510509_trace_sepsis_V1.6-V6.5-SELECTIVE_PRECISION.json,R_V69K_00028,presente_symptome,SOURCE_MISMATCH,P2_E048,Patient | patient,FOYER_INFECTIEUX,DONNEE_PATIENT,P2_E016,tachyarythmie,SYMPTOME,SYMPTOME
img20250709_16510509_trace_sepsis_V1.6-V6.5-SELECTIVE_PRECISION.json,R_V69K_00029,presente_symptome,SOURCE_MISMATCH,P2_E048,Patient | patient,FOYER_INFECTIEUX,DONNEE_PATIENT,P2_E031,crépitants aux bases plus marqués à Gauche | crepitants,SYMPTOME,SYMPTOME
img20250709_16510509_trace_sepsis_V1.6-V6.5-SELECTIVE_PRECISION.json,R_V69K_00030,presente_symptome,SOURCE_MISMATCH,P2_E048,Patient | patient,FOYER_INFECTIEUX,DONNEE_PATIENT,P2_E032,Toux grasse | toux,SYMPTOME,SYMPTOME
img20250709_16510509_trace_sepsis_V1.6-V6.5-SELECTIVE_PRECISION.json,R_V69K_00031,presente_symptome,SOURCE_MISMATCH,P2_E048,Patient | patient,FOYER_INFECTIEUX,DONNEE_PATIENT,P2_E033,Ronchi diffus plus marqué à droite | ronchis,SYMPTOME,SYMPTOME
img20250709_16510509_trace_sepsis_V1.6-V6.5-SELECTIVE_PRECISION.json,R_V69K_00032,presente_symptome,SOURCE_MISMATCH,P2_E048,Patient | patient,FOYER_INFECTIEUX,DONNEE_PATIENT,P2_E035,Douleur péri-ombilicale gauche non spécifique | douleur_abdominale,SYMPTOME,SYMPTOME
img20250709_16510509_trace_sepsis_V1.6-V6.5-SELECTIVE_PRECISION.json,R_V69K_00033,presente_symptome,SOURCE_MISMATCH,P2_E048,Patient | patient,FOYER_INFECTIEUX,DONNEE_PATIENT,P2_E038,turgescence jugulaire,SYMPTOME,SYMPTOME
img20250709_16510509_trace_sepsis_V1.6-V6.5-SELECTIVE_PRECISION.json,R_V69K_00034,presente_symptome,SOURCE_MISMATCH,P2_E048,Patient | patient,FOYER_INFECTIEUX,DONNEE_PATIENT,P2_E039,reflux hépato jugulaire,SYMPTOME,SYMPTOME
img20250709_16510509_trace_sepsis_V1.6-V6.5-SELECTIVE_PRECISION.json,R_V69K_00035,service_medical_accueille,TARGET_MISMATCH,P2_E036,transfert en réanimation | réanimation,SERVICE_MEDICAL,SERVICE_MEDICAL,P2_E048,Patient | patient,FOYER_INFECTIEUX,DONNEE_PATIENT
img20250709_16510509_trace_sepsis_V1.6-V6.5-SELECTIVE_PRECISION.json,R_V69K_00036,presente_symptome,SOURCE_MISMATCH,P2_E048,Patient | patient,FOYER_INFECTIEUX,DONNEE_PATIENT,P2_E045,Souple dépressible,SYMPTOME,SYMPTOME
img20250709_16510509_trace_sepsis_V1.6-V6.5-SELECTIVE_PRECISION.json,R_V69K_00037,presente_symptome,SOURCE_MISMATCH,P2_E048,Patient | patient,FOYER_INFECTIEUX,DONNEE_PATIENT,P2_E046,bruits hydroaériques perçu,SYMPTOME,SYMPTOME
img20250709_16510509_trace_sepsis_V1.6-V6.5-SELECTIVE_PRECISION.json,R_V69K_00038,traitement_administre_a,TARGET_MISMATCH,P2_E001,LYRICA | traitement_habituel,TRAITEMENT,TRAITEMENT,P2_E048,Patient | patient,FOYER_INFECTIEUX,DONNEE_PATIENT
img20250709_16510509_trace_sepsis_V1.6-V6.5-SELECTIVE_PRECISION.json,R_V69K_00039,traitement_administre_a,TARGET_MISMATCH,P2_E003,JOSIR LP | traitement_habituel,TRAITEMENT,TRAITEMENT,P2_E048,Patient | patient,FOYER_INFECTIEUX,DONNEE_PATIENT
img20250709_16510509_trace_sepsis_V1.6-V6.5-SELECTIVE_PRECISION.json,R_V69K_00040,traitement_administre_a,TARGET_MISMATCH,P2_E005,DOLIRPANE | traitement_habituel,TRAITEMENT,TRAITEMENT,P2_E048,Patient | patient,FOYER_INFECTIEUX,DONNEE_PATIENT
img20250709_16510509_trace_sepsis_V1.6-V6.5-SELECTIVE_PRECISION.json,R_V69K_00041,traitement_administre_a,TARGET_MISMATCH,P2_E007,BRICANYL Atrovent | traitement_habituel,TRAITEMENT,TRAITEMENT,P2_E048,Patient | patient,FOYER_INFECTIEUX,DONNEE_PATIENT
img20250709_16510509_trace_sepsis_V1.6-V6.5-SELECTIVE_PRECISION.json,R_V69K_00045,traitement_administre_a,TARGET_MISMATCH,P3_E031,TIÉNAM | antibiotique,TRAITEMENT,TRAITEMENT,P3_E056,patient,LABEL_NOSOLOGIQUE,DONNEE_PATIENT
img20250709_16510509_trace_sepsis_V1.6-V6.5-SELECTIVE_PRECISION.json,R_V69K_00046,traitement_administre_a,TARGET_MISMATCH,P3_E032,AMIKLIN | antibiotique,TRAITEMENT,TRAITEMENT,P3_E056,patient,LABEL_NOSOLOGIQUE,DONNEE_PATIENT
img20250709_16510509_trace_sepsis_V1.6-V6.5-SELECTIVE_PRECISION.json,R_V69K_00047,traitement_administre_a,TARGET_MISMATCH,P3_E036,Noradrénaline | vasopresseur,TRAITEMENT,TRAITEMENT,P3_E056,patient,LABEL_NOSOLOGIQUE,DONNEE_PATIENT
img20250709_16510509_trace_sepsis_V1.6-V6.5-SELECTIVE_PRECISION.json,R_V69K_00048,a_pour_label_nosologique,SOURCE_MISMATCH,P3_E056,patient,LABEL_NOSOLOGIQUE,DONNEE_PATIENT,P3_E029,Choc septique | choc_septique,LABEL_NOSOLOGIQUE,LABEL_NOSOLOGIQUE
img20250709_16510509_trace_sepsis_V1.6-V6.5-SELECTIVE_PRECISION.json,R_V69K_00049,a_pour_label_nosologique,BOTH_MISMATCH,P3_E056,patient,LABEL_NOSOLOGIQUE,DONNEE_PATIENT,P3_E040,pneumopathie nosocomiale | pneumopathie_nosocomiale,FOYER_INFECTIEUX,LABEL_NOSOLOGIQUE
img20250709_16510509_trace_sepsis_V1.6-V6.5-SELECTIVE_PRECISION.json,R_V69K_00050,presente_dysfonction_organe,SOURCE_MISMATCH,P3_E056,patient,LABEL_NOSOLOGIQUE,DONNEE_PATIENT,P3_E038,Stigmates de CIVD | hematologique,DEFAILLANCE_ORGANE,DEFAILLANCE_ORGANE
img20250709_16510509_trace_sepsis_V1.6-V6.5-SELECTIVE_PRECISION.json,R_V69K_00051,presente_dysfonction_organe,SOURCE_MISMATCH,P3_E056,patient,LABEL_NOSOLOGIQUE,DONNEE_PATIENT,P3_E039,CIVD | hematologique,DEFAILLANCE_ORGANE,DEFAILLANCE_ORGANE
img20250709_16510509_trace_sepsis_V1.6-V6.5-SELECTIVE_PRECISION.json,R_V69K_00052,presente_symptome,SOURCE_MISMATCH,P3_E056,patient,LABEL_NOSOLOGIQUE,DONNEE_PATIENT,P3_E051,Hypotension | hypotension,SYMPTOME,SYMPTOME
img20250709_16510509_trace_sepsis_V1.6-V6.5-SELECTIVE_PRECISION.json,R_V69K_00053,presente_symptome,SOURCE_MISMATCH,P3_E056,patient,LABEL_NOSOLOGIQUE,DONNEE_PATIENT,P3_E052,fièvre | fievre,SYMPTOME,SYMPTOME
img20250709_16510509_trace_sepsis_V1.6-V6.5-SELECTIVE_PRECISION.json,R_V69K_00054,presente_symptome,SOURCE_MISMATCH,P3_E056,patient,LABEL_NOSOLOGIQUE,DONNEE_PATIENT,P3_E053,sous décalage du segment ST | sous_decalage_ST,SYMPTOME,SYMPTOME
img20250709_16510509_trace_sepsis_V1.6-V6.5-SELECTIVE_PRECISION.json,R_V69K_00055,presente_symptome,SOURCE_MISMATCH,P3_E056,patient,LABEL_NOSOLOGIQUE,DONNEE_PATIENT,P3_E054,symptomatologie pulmonaire | symptomatologie_pulmonaire,SYMPTOME,SYMPTOME
img20250709_16510509_trace_sepsis_V1.6-V6.5-SELECTIVE_PRECISION.json,R_V69K_00056,service_medical_accueille,TARGET_MISMATCH,P3_E046,protocole Saturne,SERVICE_MEDICAL,SERVICE_MEDICAL,P3_E056,patient,LABEL_NOSOLOGIQUE,DONNEE_PATIENT
img20250709_16510509_trace_sepsis_V1.6-V6.5-SELECTIVE_PRECISION.json,R_V69K_00057,a_pour_label_nosologique,SOURCE_MISMATCH,P3_E056,patient,LABEL_NOSOLOGIQUE,DONNEE_PATIENT,P3_E028,ACFA,LABEL_NOSOLOGIQUE,LABEL_NOSOLOGIQUE
img20250709_16510509_trace_sepsis_V1.6-V6.5-SELECTIVE_PRECISION.json,R_V69K_00058,presente_dysfonction_organe,SOURCE_MISMATCH,P3_E056,patient,LABEL_NOSOLOGIQUE,DONNEE_PATIENT,P3_E030,comorbidité ... hématologique | hematologique,DEFAILLANCE_ORGANE,DEFAILLANCE_ORGANE
img20250709_16510509_trace_sepsis_V1.6-V6.5-SELECTIVE_PRECISION.json,R_V69K_00059,traitement_administre_a,TARGET_MISMATCH,P3_E033,Pose de VVC | VVC | autre,TRAITEMENT,TRAITEMENT,P3_E056,patient,LABEL_NOSOLOGIQUE,DONNEE_PATIENT
img20250709_16510509_trace_sepsis_V1.6-V6.5-SELECTIVE_PRECISION.json,R_V69K_00060,traitement_administre_a,TARGET_MISMATCH,P3_E034,Cathéter artériel | autre,TRAITEMENT,TRAITEMENT,P3_E056,patient,LABEL_NOSOLOGIQUE,DONNEE_PATIENT
img20250709_16510509_trace_sepsis_V1.6-V6.5-SELECTIVE_PRECISION.json,R_V69K_00061,traitement_administre_a,TARGET_MISMATCH,P3_E035,Changement de sonde urinaire pour une sonde double courant | sonde double courant | autre,TRAITEMENT,TRAITEMENT,P3_E056,patient,LABEL_NOSOLOGIQUE,DONNEE_PATIENT
img20250709_16510509_trace_sepsis_V1.6-V6.5-SELECTIVE_PRECISION.json,R_V69K_00097,traitement_administre_a,TARGET_MISMATCH,P2_E051,O2 | o2,TRAITEMENT,TRAITEMENT,P2_E048,Patient | patient,FOYER_INFECTIEUX,DONNEE_PATIENT
img20250709_16510509_trace_sepsis_V1.6-V6.5-SELECTIVE_PRECISION.json,R_V69K_00099,traitement_administre_a,TARGET_MISMATCH,P1_E030,Dlamicron60mg | autre,TRAITEMENT,TRAITEMENT,P2_E048,Patient | patient,FOYER_INFECTIEUX,DONNEE_PATIENT
img20250709_16510509_trace_sepsis_V1.6-V6.5-SELECTIVE_PRECISION.json,R_V69K_00100,presente_suspicion_infection,BOTH_MISMATCH,P2_E048,Patient | patient,FOYER_INFECTIEUX,DONNEE_PATIENT,P2_E010,Colite à clostridium,COMORBIDITE_ANTECEDENT,FOYER_INFECTIEUX
img20250709_16520260_trace_sepsis_V1.6-V6.5-SELECTIVE_PRECISION.json,R_V69K_00100,micro_organisme_isole_dans,TARGET_MISMATCH,P6_E014,Hémoculture + à BGN(2 série de 2 : aéro et anaérobie) | hemoculture,MICRO_ORGANISME,MICRO_ORGANISME,P6_E053,Citrobacter koseri,MICRO_ORGANISME,FOYER_INFECTIEUX
img20250709_16523752_trace_sepsis_V1.6-V6.5-SELECTIVE_PRECISION.json,R_V69K_00071,micro_organisme_isole_dans,TARGET_MISMATCH,P4_E016,hémoculture positive | hemoculture,MICRO_ORGANISME,MICRO_ORGANISME,P4_E015,entérocoque faecalis,MICRO_ORGANISME,FOYER_INFECTIEUX
img20250709_16523752_trace_sepsis_V1.6-V6.5-SELECTIVE_PRECISION.json,R_V69K_00074,presente_symptome,TARGET_MISMATCH,P4_E041,patiente de 74 ans | 74 | age,DONNEE_PATIENT,DONNEE_PATIENT,P4_E029,extrasystoles supraventriculaires | frequence_cardiaque,SIGNE_VITAL,SYMPTOME
img20250709_16523752_trace_sepsis_V1.6-V6.5-SELECTIVE_PRECISION.json,R_V69K_00075,presente_symptome,TARGET_MISMATCH,P3_E040,patient,DONNEE_PATIENT,DONNEE_PATIENT,P5_E044,fuite digestive de bicarbonate | autre,DEFAILLANCE_ORGANE,SYMPTOME
img20250709_16531341_trace_sepsis_V1.6-V6.5-SELECTIVE_PRECISION.json,R_V69K_00077,a_pour_label_nosologique,SOURCE_MISMATCH,P4_E043,patiente | patient,DEFAILLANCE_ORGANE,DONNEE_PATIENT,P4_E006,encéphalopathie hépatique | encephalopathie_hepatique,LABEL_NOSOLOGIQUE,LABEL_NOSOLOGIQUE
img20250709_16531341_trace_sepsis_V1.6-V6.5-SELECTIVE_PRECISION.json,R_V69K_00078,a_pour_label_nosologique,SOURCE_MISMATCH,P4_E043,patiente | patient,DEFAILLANCE_ORGANE,DONNEE_PATIENT,P4_E013,choc septique | choc_septique,LABEL_NOSOLOGIQUE,LABEL_NOSOLOGIQUE
img20250709_16531341_trace_sepsis_V1.6-V6.5-SELECTIVE_PRECISION.json,R_V69K_00079,presente_suspicion_infection,SOURCE_MISMATCH,P4_E043,patiente | patient,DEFAILLANCE_ORGANE,DONNEE_PATIENT,P4_E064,sinusite sphénoïdale droite | sinusite_sphénoïdale_droite,FOYER_INFECTIEUX,FOYER_INFECTIEUX
img20250709_16531341_trace_sepsis_V1.6-V6.5-SELECTIVE_PRECISION.json,R_V69K_00080,presente_suspicion_infection,SOURCE_MISMATCH,P4_E043,patiente | patient,DEFAILLANCE_ORGANE,DONNEE_PATIENT,P4_E008,Infection d'ascite,FOYER_INFECTIEUX,FOYER_INFECTIEUX
img20250709_16531341_trace_sepsis_V1.6-V6.5-SELECTIVE_PRECISION.json,R_V69K_00081,traitement_administre_a,BOTH_MISMATCH,P4_E010,Poursuite Catécholamine | vasopresseur,POSOLOGIE,TRAITEMENT,P4_E043,patiente | patient,DEFAILLANCE_ORGANE,DONNEE_PATIENT
img20250709_16531341_trace_sepsis_V1.6-V6.5-SELECTIVE_PRECISION.json,R_V69K_00082,traitement_administre_a,TARGET_MISMATCH,P4_E011,Remplissage vasculaire par Albumine | Remplissage vasculaire | remplissage_vasculaire,TRAITEMENT,TRAITEMENT,P4_E043,patiente | patient,DEFAILLANCE_ORGANE,DONNEE_PATIENT
img20250709_16531341_trace_sepsis_V1.6-V6.5-SELECTIVE_PRECISION.json,R_V69K_00083,traitement_administre_a,TARGET_MISMATCH,P4_E012,Ponction exploratrice de liquide d'ascite | autre,TRAITEMENT,TRAITEMENT,P4_E043,patiente | patient,DEFAILLANCE_ORGANE,DONNEE_PATIENT
img20250709_16531341_trace_sepsis_V1.6-V6.5-SELECTIVE_PRECISION.json,R_V69K_00084,traitement_administre_a,TARGET_MISMATCH,P4_E014,remplissage (albumine 5%) | albumine 5% | remplissage_vasculaire,TRAITEMENT,TRAITEMENT,P4_E043,patiente | patient,DEFAILLANCE_ORGANE,DONNEE_PATIENT
img20250709_16531341_trace_sepsis_V1.6-V6.5-SELECTIVE_PRECISION.json,R_V69K_00085,biomarqueur_supporte_defaillance_organe,BOTH_MISMATCH,P4_E030,hyperkaliémie | potassium,DEFAILLANCE_ORGANE,BIOMARQUEUR,P4_E029,anurie | renal,SYMPTOME,DEFAILLANCE_ORGANE
img20250709_16531341_trace_sepsis_V1.6-V6.5-SELECTIVE_PRECISION.json,R_V69K_00086,a_pour_label_nosologique,SOURCE_MISMATCH,P4_E043,patiente | patient,DEFAILLANCE_ORGANE,DONNEE_PATIENT,P4_E015,état de mal épileptique | etat_de_mal_epileptique,LABEL_NOSOLOGIQUE,LABEL_NOSOLOGIQUE
img20250709_16531341_trace_sepsis_V1.6-V6.5-SELECTIVE_PRECISION.json,R_V69K_00087,a_pour_label_nosologique,SOURCE_MISMATCH,P4_E043,patiente | patient,DEFAILLANCE_ORGANE,DONNEE_PATIENT,P4_E056,syndrome infectieux | syndrome_infectieux,LABEL_NOSOLOGIQUE,LABEL_NOSOLOGIQUE
img20250709_16531341_trace_sepsis_V1.6-V6.5-SELECTIVE_PRECISION.json,R_V69K_00088,presente_dysfonction_organe,SOURCE_MISMATCH,P4_E043,patiente | patient,DEFAILLANCE_ORGANE,DONNEE_PATIENT,P4_E026,"récidive de l'état de mal épileptique généralisé, abolition de tout les réflexes du tronc | neurologique",DEFAILLANCE_ORGANE,DEFAILLANCE_ORGANE
img20250709_16531341_trace_sepsis_V1.6-V6.5-SELECTIVE_PRECISION.json,R_V69K_00089,presente_dysfonction_organe,BOTH_MISMATCH,P4_E043,patiente | patient,DEFAILLANCE_ORGANE,DONNEE_PATIENT,P4_E029,anurie | renal,SYMPTOME,DEFAILLANCE_ORGANE
img20250709_16531341_trace_sepsis_V1.6-V6.5-SELECTIVE_PRECISION.json,R_V69K_00090,presente_dysfonction_organe,SOURCE_MISMATCH,P4_E043,patiente | patient,DEFAILLANCE_ORGANE,DONNEE_PATIENT,P4_E031,aggravation nécessitant une réaugmentation des catécholamines jusqu'à 3 mg/h | hemodynamique,DEFAILLANCE_ORGANE,DEFAILLANCE_ORGANE
img20250709_16531341_trace_sepsis_V1.6-V6.5-SELECTIVE_PRECISION.json,R_V69K_00091,presente_dysfonction_organe,SOURCE_MISMATCH,P4_E043,patiente | patient,DEFAILLANCE_ORGANE,DONNEE_PATIENT,P4_E032,aggravation avec augmentation de la fi O2 à 60 % | respiratoire,DEFAILLANCE_ORGANE,DEFAILLANCE_ORGANE
img20250709_16531341_trace_sepsis_V1.6-V6.5-SELECTIVE_PRECISION.json,R_V69K_00092,presente_dysfonction_organe,SOURCE_MISMATCH,P4_E043,patiente | patient,DEFAILLANCE_ORGANE,DONNEE_PATIENT,P4_E038,défaillance multiviscérale | autre,DEFAILLANCE_ORGANE,DEFAILLANCE_ORGANE
img20250709_16531341_trace_sepsis_V1.6-V6.5-SELECTIVE_PRECISION.json,R_V69K_00093,presente_dysfonction_organe,SOURCE_MISMATCH,P4_E043,patiente | patient,DEFAILLANCE_ORGANE,DONNEE_PATIENT,P4_E039,dysfonction VG | autre,DEFAILLANCE_ORGANE,DEFAILLANCE_ORGANE
img20250709_16531341_trace_sepsis_V1.6-V6.5-SELECTIVE_PRECISION.json,R_V69K_00094,presente_dysfonction_organe,SOURCE_MISMATCH,P4_E043,patiente | patient,DEFAILLANCE_ORGANE,DONNEE_PATIENT,P4_E040,souffrance anoxo-ischémique | autre,DEFAILLANCE_ORGANE,DEFAILLANCE_ORGANE
img20250709_16531341_trace_sepsis_V1.6-V6.5-SELECTIVE_PRECISION.json,R_V69K_00095,presente_dysfonction_organe,SOURCE_MISMATCH,P4_E043,patiente | patient,DEFAILLANCE_ORGANE,DONNEE_PATIENT,P4_E041,élargissement des qrs | autre,DEFAILLANCE_ORGANE,DEFAILLANCE_ORGANE
img20250709_16531341_trace_sepsis_V1.6-V6.5-SELECTIVE_PRECISION.json,R_V69K_00096,traitement_administre_a,TARGET_MISMATCH,P4_E004,Sonde IOT | autre,TRAITEMENT,TRAITEMENT,P4_E043,patiente | patient,DEFAILLANCE_ORGANE,DONNEE_PATIENT
img20250709_16531341_trace_sepsis_V1.6-V6.5-SELECTIVE_PRECISION.json,R_V69K_00097,traitement_administre_a,TARGET_MISMATCH,P4_E005,SNG | autre,TRAITEMENT,TRAITEMENT,P4_E043,patiente | patient,DEFAILLANCE_ORGANE,DONNEE_PATIENT
img20250709_16531341_trace_sepsis_V1.6-V6.5-SELECTIVE_PRECISION.json,R_V69K_00098,traitement_administre_a,TARGET_MISMATCH,P4_E016,traitement anti-épileptique très lourd (Pentothal | Pentothal | autre,TRAITEMENT,TRAITEMENT,P4_E043,patiente | patient,DEFAILLANCE_ORGANE,DONNEE_PATIENT
img20250709_16531341_trace_sepsis_V1.6-V6.5-SELECTIVE_PRECISION.json,R_V69K_00099,traitement_administre_a,TARGET_MISMATCH,P4_E017,Hypnovel | autre,TRAITEMENT,TRAITEMENT,P4_E043,patiente | patient,DEFAILLANCE_ORGANE,DONNEE_PATIENT
img20250709_16531341_trace_sepsis_V1.6-V6.5-SELECTIVE_PRECISION.json,R_V69K_00100,traitement_administre_a,TARGET_MISMATCH,P4_E018,diprivan | autre,TRAITEMENT,TRAITEMENT,P4_E043,patiente | patient,DEFAILLANCE_ORGANE,DONNEE_PATIENT
img20250709_16531341_trace_sepsis_V1.6-V6.5-SELECTIVE_PRECISION.json,R_V69K_00101,traitement_administre_a,TARGET_MISMATCH,P4_E019,échec au préalable du rivotril | rivotril | autre,TRAITEMENT,TRAITEMENT,P4_E043,patiente | patient,DEFAILLANCE_ORGANE,DONNEE_PATIENT
img20250709_16531341_trace_sepsis_V1.6-V6.5-SELECTIVE_PRECISION.json,R_V69K_00102,traitement_administre_a,TARGET_MISMATCH,P4_E020,du dilantin | dilantin | autre,TRAITEMENT,TRAITEMENT,P4_E043,patiente | patient,DEFAILLANCE_ORGANE,DONNEE_PATIENT
img20250709_16531341_trace_sepsis_V1.6-V6.5-SELECTIVE_PRECISION.json,R_V69K_00103,traitement_administre_a,TARGET_MISMATCH,P4_E021,du gardenal | gardenal | autre,TRAITEMENT,TRAITEMENT,P4_E043,patiente | patient,DEFAILLANCE_ORGANE,DONNEE_PATIENT
img20250709_16531341_trace_sepsis_V1.6-V6.5-SELECTIVE_PRECISION.json,R_V69K_00104,traitement_administre_a,TARGET_MISMATCH,P4_E054,Transfusion | transfusion,TRAITEMENT,TRAITEMENT,P4_E043,patiente | patient,DEFAILLANCE_ORGANE,DONNEE_PATIENT
img20250709_16531341_trace_sepsis_V1.6-V6.5-SELECTIVE_PRECISION.json,R_V69K_00105,traitement_administre_a,TARGET_MISMATCH,P5_E001,ROCEPHINE | antibiotique,TRAITEMENT,TRAITEMENT,P5_E017,la patiente | patient,DEFAILLANCE_ORGANE,DONNEE_PATIENT
img20250709_16531341_trace_sepsis_V1.6-V6.5-SELECTIVE_PRECISION.json,R_V69K_00106,traitement_administre_a,TARGET_MISMATCH,P5_E002,tienam | antibiotique,TRAITEMENT,TRAITEMENT,P5_E017,la patiente | patient,DEFAILLANCE_ORGANE,DONNEE_PATIENT
img20250709_16531341_trace_sepsis_V1.6-V6.5-SELECTIVE_PRECISION.json,R_V69K_00107,traitement_administre_a,TARGET_MISMATCH,P5_E003,amiklin | antibiotique,TRAITEMENT,TRAITEMENT,P5_E017,la patiente | patient,DEFAILLANCE_ORGANE,DONNEE_PATIENT
img20250709_16531341_trace_sepsis_V1.6-V6.5-SELECTIVE_PRECISION.json,R_V69K_00109,traitement_administre_a,TARGET_MISMATCH,P5_E004,sufenta à 5 gamma /heure | sufenta | autre,TRAITEMENT,TRAITEMENT,P5_E017,la patiente | patient,DEFAILLANCE_ORGANE,DONNEE_PATIENT
img20250709_16531341_trace_sepsis_V1.6-V6.5-SELECTIVE_PRECISION.json,R_V69K_00111,traitement_administre_a,TARGET_MISMATCH,P5_E006,noradrénaline à plus de 3 mg/h | noradrénaline | vasopresseur,TRAITEMENT,TRAITEMENT,P5_E017,la patiente | patient,DEFAILLANCE_ORGANE,DONNEE_PATIENT
img20250709_16531341_trace_sepsis_V1.6-V6.5-SELECTIVE_PRECISION.json,R_V69K_00112,traitement_administre_a,TARGET_MISMATCH,P5_E015,Transfusion sanguine : Oui (4 CG) | Transfusion | 4 | transfusion_CGR,TRAITEMENT,TRAITEMENT,P5_E017,la patiente | patient,DEFAILLANCE_ORGANE,DONNEE_PATIENT
img20250709_16531341_trace_sepsis_V1.6-V6.5-SELECTIVE_PRECISION.json,R_V69K_00113,presente_dysfonction_organe,SOURCE_MISMATCH,P5_E017,la patiente | patient,DEFAILLANCE_ORGANE,DONNEE_PATIENT,P5_E009,pronostic hépatique extrêmement sombre | hepatique,DEFAILLANCE_ORGANE,DEFAILLANCE_ORGANE
img20250709_16531341_trace_sepsis_V1.6-V6.5-SELECTIVE_PRECISION.json,R_V69K_00114,presente_dysfonction_organe,SOURCE_MISMATCH,P5_E017,la patiente | patient,DEFAILLANCE_ORGANE,DONNEE_PATIENT,P5_E010,insuffisance rénale | renal,DEFAILLANCE_ORGANE,DEFAILLANCE_ORGANE
img20250709_16531341_trace_sepsis_V1.6-V6.5-SELECTIVE_PRECISION.json,R_V69K_00116,presente_dysfonction_organe,SOURCE_MISMATCH,P5_E017,la patiente | patient,DEFAILLANCE_ORGANE,DONNEE_PATIENT,P5_E012,CIVD | hematologique,DEFAILLANCE_ORGANE,DEFAILLANCE_ORGANE
img20250709_16531341_trace_sepsis_V1.6-V6.5-SELECTIVE_PRECISION.json,R_V69K_00117,a_pour_label_nosologique,SOURCE_MISMATCH,P5_E017,la patiente | patient,DEFAILLANCE_ORGANE,DONNEE_PATIENT,P5_E013,état de mal épileptique | etat_de_mal_epileptique,LABEL_NOSOLOGIQUE,LABEL_NOSOLOGIQUE
img20250709_16531341_trace_sepsis_V1.6-V6.5-SELECTIVE_PRECISION.json,R_V69K_00118,presente_dysfonction_organe,BOTH_MISMATCH,P5_E017,la patiente | patient,DEFAILLANCE_ORGANE,DONNEE_PATIENT,P5_E014,encéphalopathie hépatique | hepatique,LABEL_NOSOLOGIQUE,DEFAILLANCE_ORGANE
img20250709_16531341_trace_sepsis_V1.6-V6.5-SELECTIVE_PRECISION.json,R_V69K_00119,presente_dysfonction_organe,SOURCE_MISMATCH,P5_E017,la patiente | patient,DEFAILLANCE_ORGANE,DONNEE_PATIENT,P5_E016,défaillance multiviscérale | autre,DEFAILLANCE_ORGANE,DEFAILLANCE_ORGANE
img20250709_16531341_trace_sepsis_V1.6-V6.5-SELECTIVE_PRECISION.json,R_V69K_00120,patient_a_pour_evolution,SOURCE_MISMATCH,P5_E017,la patiente | patient,DEFAILLANCE_ORGANE,DONNEE_PATIENT,P5_E019,Décès | evolution_clinique,EVOLUTION_PRONOSTIC,EVOLUTION_PRONOSTIC
img20250709_16531341_trace_sepsis_V1.6-V6.5-SELECTIVE_PRECISION.json,R_V69K_00122,traitement_administre_a,TARGET_MISMATCH,P4_V65_002,AUGMENTIN,TRAITEMENT,TRAITEMENT,P4_E043,patiente | patient,DEFAILLANCE_ORGANE,DONNEE_PATIENT
img20250709_16531341_trace_sepsis_V1.6-V6.5-SELECTIVE_PRECISION.json,R_V69K_00125,traitement_a_pour_posologie,BOTH_MISMATCH,P4_E010,Poursuite Catécholamine | vasopresseur,POSOLOGIE,TRAITEMENT,P4_E031,aggravation nécessitant une réaugmentation des catécholamines jusqu'à 3 mg/h | hemodynamique,DEFAILLANCE_ORGANE,POSOLOGIE
img20250709_16531341_trace_sepsis_V1.6-V6.5-SELECTIVE_PRECISION.json,R_V69K_00127,traitement_administre_a,TARGET_MISMATCH,P4_E054,Transfusion | transfusion,TRAITEMENT,TRAITEMENT,P1_E034,54 ans | 54,FOYER_INFECTIEUX,DONNEE_PATIENT
img20250709_16531341_trace_sepsis_V1.6-V6.5-SELECTIVE_PRECISION.json,R_V69K_00130,presente_suspicion_infection,BOTH_MISMATCH,P1_E034,54 ans | 54,FOYER_INFECTIEUX,DONNEE_PATIENT,P1_E029,infection du liquide d'Ascite,COMORBIDITE_ANTECEDENT,FOYER_INFECTIEUX
img20250709_16545673_trace_sepsis_V1.6-V6.5-SELECTIVE_PRECISION.json,R_V69K_00034,a_pour_label_nosologique,TARGET_MISMATCH,P3_E035,Patient | patient,DONNEE_PATIENT,DONNEE_PATIENT,P3_E020,pneumonie à Pneumocoque,FOYER_INFECTIEUX,LABEL_NOSOLOGIQUE
img20250709_16553580_trace_sepsis_V1.6-V6.5-SELECTIVE_PRECISION.json,R_V69K_00071,service_medical_accueille,SOURCE_MISMATCH,P2_E038,rééducation,TRAITEMENT,SERVICE_MEDICAL,P2_E031,Poids (kg) : 43 | 43 | poids_kg,DONNEE_PATIENT,DONNEE_PATIENT
img20250709_16573733_trace_sepsis_V1.6-V6.5-SELECTIVE_PRECISION.json,R_V69K_00071,traitement_administre_a,TARGET_MISMATCH,P6_E007,caisson hyperbare | autre,TRAITEMENT,TRAITEMENT,P6_E039,poids de sortie = 76 kg | 76 | poids_kg,LABEL_NOSOLOGIQUE,DONNEE_PATIENT
img20250709_16573733_trace_sepsis_V1.6-V6.5-SELECTIVE_PRECISION.json,R_V69K_00072,traitement_administre_a,TARGET_MISMATCH,P6_E009,"reprise chirurgicale large, périnéale et abdominale | chirurgie",TRAITEMENT,TRAITEMENT,P6_E039,poids de sortie = 76 kg | 76 | poids_kg,LABEL_NOSOLOGIQUE,DONNEE_PATIENT
img20250709_16573733_trace_sepsis_V1.6-V6.5-SELECTIVE_PRECISION.json,R_V69K_00081,traitement_administre_a,TARGET_MISMATCH,P6_E040,Transfusion sanguine | Transfusion | transfusion_sanguine,TRAITEMENT,TRAITEMENT,P6_E039,poids de sortie = 76 kg | 76 | poids_kg,LABEL_NOSOLOGIQUE,DONNEE_PATIENT
img20250709_16573733_trace_sepsis_V1.6-V6.5-SELECTIVE_PRECISION.json,R_V69K_00084,traitement_administre_a,TARGET_MISMATCH,P6_E001,Levothyrox 12.5microg/jour | Levothyrox | autre,TRAITEMENT,TRAITEMENT,P6_E039,poids de sortie = 76 kg | 76 | poids_kg,LABEL_NOSOLOGIQUE,DONNEE_PATIENT
img20250709_16573733_trace_sepsis_V1.6-V6.5-SELECTIVE_PRECISION.json,R_V69K_00085,traitement_administre_a,TARGET_MISMATCH,P6_E003,Anti TPO | autre,TRAITEMENT,TRAITEMENT,P6_E039,poids de sortie = 76 kg | 76 | poids_kg,LABEL_NOSOLOGIQUE,DONNEE_PATIENT
img20250709_16573733_trace_sepsis_V1.6-V6.5-SELECTIVE_PRECISION.json,R_V69K_00086,traitement_administre_a,TARGET_MISMATCH,P6_E004,anti TG | autre,TRAITEMENT,TRAITEMENT,P6_E039,poids de sortie = 76 kg | 76 | poids_kg,LABEL_NOSOLOGIQUE,DONNEE_PATIENT
img20250709_16573733_trace_sepsis_V1.6-V6.5-SELECTIVE_PRECISION.json,R_V69K_00087,traitement_administre_a,TARGET_MISMATCH,P6_E005,TRAK | autre,TRAITEMENT,TRAITEMENT,P6_E039,poids de sortie = 76 kg | 76 | poids_kg,LABEL_NOSOLOGIQUE,DONNEE_PATIENT
img20250709_16573733_trace_sepsis_V1.6-V6.5-SELECTIVE_PRECISION.json,R_V69K_00088,traitement_administre_a,TARGET_MISMATCH,P6_E011,post extubation | extubation | intubation,TRAITEMENT,TRAITEMENT,P6_E039,poids de sortie = 76 kg | 76 | poids_kg,LABEL_NOSOLOGIQUE,DONNEE_PATIENT
img20250709_16573733_trace_sepsis_V1.6-V6.5-SELECTIVE_PRECISION.json,R_V69K_00089,traitement_administre_a,TARGET_MISMATCH,P6_E012,Hypothyroïdie supplémentée | autre,TRAITEMENT,TRAITEMENT,P6_E039,poids de sortie = 76 kg | 76 | poids_kg,LABEL_NOSOLOGIQUE,DONNEE_PATIENT
img20250709_16573733_trace_sepsis_V1.6-V6.5-SELECTIVE_PRECISION.json,R_V69K_00090,traitement_administre_a,TARGET_MISMATCH,P6_E018,Phocytan 5 amp/j | Phocytan | 5 | autre,TRAITEMENT,TRAITEMENT,P6_E039,poids de sortie = 76 kg | 76 | poids_kg,LABEL_NOSOLOGIQUE,DONNEE_PATIENT
img20250709_16573733_trace_sepsis_V1.6-V6.5-SELECTIVE_PRECISION.json,R_V69K_00091,traitement_administre_a,TARGET_MISMATCH,P6_E020,CACI 1g/j | CACI | 1 | autre,TRAITEMENT,TRAITEMENT,P6_E039,poids de sortie = 76 kg | 76 | poids_kg,LABEL_NOSOLOGIQUE,DONNEE_PATIENT
img20250709_16573733_trace_sepsis_V1.6-V6.5-SELECTIVE_PRECISION.json,R_V69K_00092,traitement_administre_a,TARGET_MISMATCH,P6_E022,Kcl 2g/j | Kcl | 2 | autre,TRAITEMENT,TRAITEMENT,P6_E039,poids de sortie = 76 kg | 76 | poids_kg,LABEL_NOSOLOGIQUE,DONNEE_PATIENT
img20250709_16573733_trace_sepsis_V1.6-V6.5-SELECTIVE_PRECISION.json,R_V69K_00093,traitement_administre_a,TARGET_MISMATCH,P6_E024,diffu K 2-2-2 | diffu K | autre,TRAITEMENT,TRAITEMENT,P6_E039,poids de sortie = 76 kg | 76 | poids_kg,LABEL_NOSOLOGIQUE,DONNEE_PATIENT
img20250709_16573733_trace_sepsis_V1.6-V6.5-SELECTIVE_PRECISION.json,R_V69K_00094,traitement_administre_a,TARGET_MISMATCH,P6_E026,Modopar 62.5 /6h | Modopar | 62.5 | autre,TRAITEMENT,TRAITEMENT,P6_E039,poids de sortie = 76 kg | 76 | poids_kg,LABEL_NOSOLOGIQUE,DONNEE_PATIENT
img20250709_16573733_trace_sepsis_V1.6-V6.5-SELECTIVE_PRECISION.json,R_V69K_00095,traitement_administre_a,TARGET_MISMATCH,P6_E030,FResubin original 2000Kcal/j | FResubin original | 2000 | nutrition_enterale,TRAITEMENT,TRAITEMENT,P6_E039,poids de sortie = 76 kg | 76 | poids_kg,LABEL_NOSOLOGIQUE,DONNEE_PATIENT
img20250709_16573733_trace_sepsis_V1.6-V6.5-SELECTIVE_PRECISION.json,R_V69K_00096,traitement_administre_a,TARGET_MISMATCH,P6_E032,Lovenox 0.4 ml/j SC | Lovenox | 0.4 | anticoagulant,TRAITEMENT,TRAITEMENT,P6_E039,poids de sortie = 76 kg | 76 | poids_kg,LABEL_NOSOLOGIQUE,DONNEE_PATIENT
img20250709_16573733_trace_sepsis_V1.6-V6.5-SELECTIVE_PRECISION.json,R_V69K_00097,traitement_administre_a,TARGET_MISMATCH,P6_E036,1 CGR | 1 | transfusion_CGR,TRAITEMENT,TRAITEMENT,P6_E039,poids de sortie = 76 kg | 76 | poids_kg,LABEL_NOSOLOGIQUE,DONNEE_PATIENT
img20250709_16573733_trace_sepsis_V1.6-V6.5-SELECTIVE_PRECISION.json,R_V69K_00105,presente_symptome,SOURCE_MISMATCH,P6_E039,poids de sortie = 76 kg | 76 | poids_kg,LABEL_NOSOLOGIQUE,DONNEE_PATIENT,P6_E013,Veinite du MSD | veinite,SYMPTOME,SYMPTOME
img20250709_16573733_trace_sepsis_V1.6-V6.5-SELECTIVE_PRECISION.json,R_V69K_00106,presente_symptome,SOURCE_MISMATCH,P6_E039,poids de sortie = 76 kg | 76 | poids_kg,LABEL_NOSOLOGIQUE,DONNEE_PATIENT,P5_E024,Syndrome confusionnel | confusion,SYMPTOME,SYMPTOME
img20250709_16573733_trace_sepsis_V1.6-V6.5-SELECTIVE_PRECISION.json,R_V69K_00107,presente_symptome,SOURCE_MISMATCH,P6_E039,poids de sortie = 76 kg | 76 | poids_kg,LABEL_NOSOLOGIQUE,DONNEE_PATIENT,P6_E015,Syndrome extrapyramidal | syndrome extrapyramidal,SYMPTOME,SYMPTOME
img20250709_16573733_trace_sepsis_V1.6-V6.5-SELECTIVE_PRECISION.json,R_V69K_00110,a_pour_label_nosologique,BOTH_MISMATCH,P6_E039,poids de sortie = 76 kg | 76 | poids_kg,LABEL_NOSOLOGIQUE,DONNEE_PATIENT,P6_E008,Gangrène gazeuse | gangrene_gazeuse,FOYER_INFECTIEUX,LABEL_NOSOLOGIQUE
img20250709_16573733_trace_sepsis_V1.6-V6.5-SELECTIVE_PRECISION.json,R_V69K_00111,presente_suspicion_infection,SOURCE_MISMATCH,P6_E039,poids de sortie = 76 kg | 76 | poids_kg,LABEL_NOSOLOGIQUE,DONNEE_PATIENT,P6_E008,Gangrène gazeuse | gangrene_gazeuse,FOYER_INFECTIEUX,FOYER_INFECTIEUX
img20250709_16583921_trace_sepsis_V1.6-V6.5-SELECTIVE_PRECISION.json,R_V69K_00025,a_pour_label_nosologique,SOURCE_MISMATCH,P4_E030,patiente | patient,DEFAILLANCE_ORGANE,DONNEE_PATIENT,P4_E008,sepsis sévère | sepsis_severe,LABEL_NOSOLOGIQUE,LABEL_NOSOLOGIQUE
img20250709_16583921_trace_sepsis_V1.6-V6.5-SELECTIVE_PRECISION.json,R_V69K_00026,presente_suspicion_infection,SOURCE_MISMATCH,P4_E030,patiente | patient,DEFAILLANCE_ORGANE,DONNEE_PATIENT,P4_E009,point de départ pulmonaire | pneumopathie_infectieuse,FOYER_INFECTIEUX,FOYER_INFECTIEUX
img20250709_16583921_trace_sepsis_V1.6-V6.5-SELECTIVE_PRECISION.json,R_V69K_00027,presente_symptome,BOTH_MISMATCH,P4_E030,patiente | patient,DEFAILLANCE_ORGANE,DONNEE_PATIENT,P4_E023,difficultés ventilatoires | respiratoire,DEFAILLANCE_ORGANE,SYMPTOME
img20250709_16583921_trace_sepsis_V1.6-V6.5-SELECTIVE_PRECISION.json,R_V69K_00028,presente_dysfonction_organe,BOTH_MISMATCH,P4_E030,patiente | patient,DEFAILLANCE_ORGANE,DONNEE_PATIENT,P4_E024,hypoxie | dyspnee,SYMPTOME,DEFAILLANCE_ORGANE
img20250709_16583921_trace_sepsis_V1.6-V6.5-SELECTIVE_PRECISION.json,R_V69K_00029,presente_symptome,SOURCE_MISMATCH,P4_E030,patiente | patient,DEFAILLANCE_ORGANE,DONNEE_PATIENT,P4_E027,sibilants diffus | sibilants,SYMPTOME,SYMPTOME
img20250709_16583921_trace_sepsis_V1.6-V6.5-SELECTIVE_PRECISION.json,R_V69K_00030,presente_symptome,SOURCE_MISMATCH,P4_E030,patiente | patient,DEFAILLANCE_ORGANE,DONNEE_PATIENT,P4_E028,spastique | spasticite,SYMPTOME,SYMPTOME
img20250709_16583921_trace_sepsis_V1.6-V6.5-SELECTIVE_PRECISION.json,R_V69K_00031,presente_symptome,SOURCE_MISMATCH,P4_E030,patiente | patient,DEFAILLANCE_ORGANE,DONNEE_PATIENT,P4_E029,frein expiratoire | frein_expiratoire,SYMPTOME,SYMPTOME
img20250709_16583921_trace_sepsis_V1.6-V6.5-SELECTIVE_PRECISION.json,R_V69K_00032,traitement_administre_a,TARGET_MISMATCH,P4_E016,ventilation mécanique en VAC | ventilation mécanique | ventilation_mecanique,TRAITEMENT,TRAITEMENT,P4_E030,patiente | patient,DEFAILLANCE_ORGANE,DONNEE_PATIENT
img20250709_16583921_trace_sepsis_V1.6-V6.5-SELECTIVE_PRECISION.json,R_V69K_00036,traitement_administre_a,TARGET_MISMATCH,P4_E012,Tazocilline | antibiotique,TRAITEMENT,TRAITEMENT,P4_E030,patiente | patient,DEFAILLANCE_ORGANE,DONNEE_PATIENT
img20250709_16583921_trace_sepsis_V1.6-V6.5-SELECTIVE_PRECISION.json,R_V69K_00037,traitement_administre_a,TARGET_MISMATCH,P4_E013,Amiklin | antibiotique,TRAITEMENT,TRAITEMENT,P4_E030,patiente | patient,DEFAILLANCE_ORGANE,DONNEE_PATIENT
img20250709_16583921_trace_sepsis_V1.6-V6.5-SELECTIVE_PRECISION.json,R_V69K_00038,traitement_administre_a,TARGET_MISMATCH,P4_E014,amines vasoactives | vasopresseur,TRAITEMENT,TRAITEMENT,P4_E030,patiente | patient,DEFAILLANCE_ORGANE,DONNEE_PATIENT
img20250709_16583921_trace_sepsis_V1.6-V6.5-SELECTIVE_PRECISION.json,R_V69K_00039,traitement_administre_a,TARGET_MISMATCH,P4_E020,aérosols de B2 mimétiques | aérosols | autre,TRAITEMENT,TRAITEMENT,P4_E030,patiente | patient,DEFAILLANCE_ORGANE,DONNEE_PATIENT
img20250709_16583921_trace_sepsis_V1.6-V6.5-SELECTIVE_PRECISION.json,R_V69K_00040,traitement_administre_a,TARGET_MISMATCH,P4_E010,KTA KTC | autre,TRAITEMENT,TRAITEMENT,P4_E030,patiente | patient,DEFAILLANCE_ORGANE,DONNEE_PATIENT
img20250709_16583921_trace_sepsis_V1.6-V6.5-SELECTIVE_PRECISION.json,R_V69K_00041,a_pour_label_nosologique,SOURCE_MISMATCH,P5_E058,La patiente | patient,DEFAILLANCE_ORGANE,DONNEE_PATIENT,P5_E001,sepsis initial | sepsis,LABEL_NOSOLOGIQUE,LABEL_NOSOLOGIQUE
img20250709_16583921_trace_sepsis_V1.6-V6.5-SELECTIVE_PRECISION.json,R_V69K_00042,presente_suspicion_infection,SOURCE_MISMATCH,P5_E058,La patiente | patient,DEFAILLANCE_ORGANE,DONNEE_PATIENT,P5_E053,point de départ pulmonaire | pneumopathie_infectieuse,FOYER_INFECTIEUX,FOYER_INFECTIEUX
img20250709_16583921_trace_sepsis_V1.6-V6.5-SELECTIVE_PRECISION.json,R_V69K_00043,presente_dysfonction_organe,BOTH_MISMATCH,P5_E058,La patiente | patient,DEFAILLANCE_ORGANE,DONNEE_PATIENT,P5_E022,dysfonction diastolique | respiratoire,LABEL_NOSOLOGIQUE,DEFAILLANCE_ORGANE
img20250709_16583921_trace_sepsis_V1.6-V6.5-SELECTIVE_PRECISION.json,R_V69K_00044,traitement_administre_a,TARGET_MISMATCH,P5_E010,Loxen | autre,TRAITEMENT,TRAITEMENT,P5_E058,La patiente | patient,DEFAILLANCE_ORGANE,DONNEE_PATIENT
img20250709_16583921_trace_sepsis_V1.6-V6.5-SELECTIVE_PRECISION.json,R_V69K_00045,traitement_administre_a,TARGET_MISMATCH,P5_E011,Lasilix | diuretique,TRAITEMENT,TRAITEMENT,P5_E058,La patiente | patient,DEFAILLANCE_ORGANE,DONNEE_PATIENT
img20250709_16583921_trace_sepsis_V1.6-V6.5-SELECTIVE_PRECISION.json,R_V69K_00046,traitement_administre_a,TARGET_MISMATCH,P5_E017,traitement habituel par Keppra | Keppra | autre,TRAITEMENT,TRAITEMENT,P5_E058,La patiente | patient,DEFAILLANCE_ORGANE,DONNEE_PATIENT
img20250709_16583921_trace_sepsis_V1.6-V6.5-SELECTIVE_PRECISION.json,R_V69K_00047,traitement_administre_a,TARGET_MISMATCH,P5_E023,extubée | intubation,TRAITEMENT,TRAITEMENT,P5_E058,La patiente | patient,DEFAILLANCE_ORGANE,DONNEE_PATIENT
img20250709_16583921_trace_sepsis_V1.6-V6.5-SELECTIVE_PRECISION.json,R_V69K_00048,traitement_administre_a,TARGET_MISMATCH,P5_E024,réintubée | intubé | intubation,TRAITEMENT,TRAITEMENT,P5_E058,La patiente | patient,DEFAILLANCE_ORGANE,DONNEE_PATIENT
img20250709_16583921_trace_sepsis_V1.6-V6.5-SELECTIVE_PRECISION.json,R_V69K_00049,traitement_administre_a,TARGET_MISMATCH,P5_E027,traitement par Valium | Valium | autre,TRAITEMENT,TRAITEMENT,P5_E058,La patiente | patient,DEFAILLANCE_ORGANE,DONNEE_PATIENT
img20250709_16583921_trace_sepsis_V1.6-V6.5-SELECTIVE_PRECISION.json,R_V69K_00051,presente_symptome,SOURCE_MISMATCH,P5_E058,La patiente | patient,DEFAILLANCE_ORGANE,DONNEE_PATIENT,P5_E025,agitation,SYMPTOME,SYMPTOME
img20250709_16583921_trace_sepsis_V1.6-V6.5-SELECTIVE_PRECISION.json,R_V69K_00052,presente_symptome,SOURCE_MISMATCH,P5_E058,La patiente | patient,DEFAILLANCE_ORGANE,DONNEE_PATIENT,P5_E026,polypnée | polypnee,SYMPTOME,SYMPTOME
img20250709_16583921_trace_sepsis_V1.6-V6.5-SELECTIVE_PRECISION.json,R_V69K_00053,presente_symptome,SOURCE_MISMATCH,P5_E058,La patiente | patient,DEFAILLANCE_ORGANE,DONNEE_PATIENT,P5_E055,hypercapnie aux GDS | hypercapnie,SYMPTOME,SYMPTOME
img20250709_16583921_trace_sepsis_V1.6-V6.5-SELECTIVE_PRECISION.json,R_V69K_00054,presente_symptome,SOURCE_MISMATCH,P5_E058,La patiente | patient,DEFAILLANCE_ORGANE,DONNEE_PATIENT,P5_E029,tremblement,SYMPTOME,SYMPTOME
img20250709_16583921_trace_sepsis_V1.6-V6.5-SELECTIVE_PRECISION.json,R_V69K_00055,traitement_administre_a,TARGET_MISMATCH,P5_E033,transfusée de 2 CG | 2 | transfusion_CGR,TRAITEMENT,TRAITEMENT,P5_E058,La patiente | patient,DEFAILLANCE_ORGANE,DONNEE_PATIENT
img20250709_16583921_trace_sepsis_V1.6-V6.5-SELECTIVE_PRECISION.json,R_V69K_00056,traitement_administre_a,TARGET_MISMATCH,P5_E034,traitement par IPP IVSE | IPP | autre,TRAITEMENT,TRAITEMENT,P5_E058,La patiente | patient,DEFAILLANCE_ORGANE,DONNEE_PATIENT
img20250709_16583921_trace_sepsis_V1.6-V6.5-SELECTIVE_PRECISION.json,R_V69K_00059,presente_symptome,SOURCE_MISMATCH,P5_E058,La patiente | patient,DEFAILLANCE_ORGANE,DONNEE_PATIENT,P5_E037,œsophagite grade 2 | oesophagite,SYMPTOME,SYMPTOME
img20250709_16583921_trace_sepsis_V1.6-V6.5-SELECTIVE_PRECISION.json,R_V69K_00060,presente_symptome,SOURCE_MISMATCH,P5_E058,La patiente | patient,DEFAILLANCE_ORGANE,DONNEE_PATIENT,P5_E038,aspect de gastropathie d'hypertension portale | gastropathie,SYMPTOME,SYMPTOME
img20250709_16583921_trace_sepsis_V1.6-V6.5-SELECTIVE_PRECISION.json,R_V69K_00061,traitement_administre_a,TARGET_MISMATCH,P5_E044,relais par VNI nocturne et intermittente la journée | VNI nocturne | VNI,TRAITEMENT,TRAITEMENT,P5_E058,La patiente | patient,DEFAILLANCE_ORGANE,DONNEE_PATIENT
img20250709_16583921_trace_sepsis_V1.6-V6.5-SELECTIVE_PRECISION.json,R_V69K_00062,traitement_administre_a,TARGET_MISMATCH,P5_E045,aérosols de B2 mimétiques | aérosols | autre,TRAITEMENT,TRAITEMENT,P5_E058,La patiente | patient,DEFAILLANCE_ORGANE,DONNEE_PATIENT
img20250709_16583921_trace_sepsis_V1.6-V6.5-SELECTIVE_PRECISION.json,R_V69K_00063,service_medical_accueille,TARGET_MISMATCH,P5_E051,service de pneumologie à Nanterre,SERVICE_MEDICAL,SERVICE_MEDICAL,P5_E058,La patiente | patient,DEFAILLANCE_ORGANE,DONNEE_PATIENT
img20250709_16583921_trace_sepsis_V1.6-V6.5-SELECTIVE_PRECISION.json,R_V69K_00064,presente_symptome,SOURCE_MISMATCH,P5_E058,La patiente | patient,DEFAILLANCE_ORGANE,DONNEE_PATIENT,P5_E056,diminution de la force motrice évaluée à 4/5 | diminution_de_la_force_motrice,SYMPTOME,SYMPTOME
img20250709_16583921_trace_sepsis_V1.6-V6.5-SELECTIVE_PRECISION.json,R_V69K_00065,traitement_administre_a,TARGET_MISMATCH,P5_E065,kinésithérapie,TRAITEMENT,TRAITEMENT,P5_E058,La patiente | patient,DEFAILLANCE_ORGANE,DONNEE_PATIENT
img20250709_16583921_trace_sepsis_V1.6-V6.5-SELECTIVE_PRECISION.json,R_V69K_00066,traitement_administre_a,TARGET_MISMATCH,P5_E067,extubation,TRAITEMENT,TRAITEMENT,P5_E058,La patiente | patient,DEFAILLANCE_ORGANE,DONNEE_PATIENT
img20250709_16583921_trace_sepsis_V1.6-V6.5-SELECTIVE_PRECISION.json,R_V69K_00067,patient_a_pour_evolution,SOURCE_MISMATCH,P5_E058,La patiente | patient,DEFAILLANCE_ORGANE,DONNEE_PATIENT,P5_E075,régression du syndrome inflammatoire biologique et une normothermie sous Tazocilline et Amiklin 7 jours | evolution_clinique,EVOLUTION_PRONOSTIC,EVOLUTION_PRONOSTIC
img20250709_16583921_trace_sepsis_V1.6-V6.5-SELECTIVE_PRECISION.json,R_V69K_00068,presente_suspicion_infection,SOURCE_MISMATCH,P5_E058,La patiente | patient,DEFAILLANCE_ORGANE,DONNEE_PATIENT,P5_E079,pneumopathie,FOYER_INFECTIEUX,FOYER_INFECTIEUX
img20250709_16583921_trace_sepsis_V1.6-V6.5-SELECTIVE_PRECISION.json,R_V69K_00069,a_pour_label_nosologique,SOURCE_MISMATCH,P5_E058,La patiente | patient,DEFAILLANCE_ORGANE,DONNEE_PATIENT,P5_E040,PAVM documentée | PAVM,LABEL_NOSOLOGIQUE,LABEL_NOSOLOGIQUE
img20250709_16583921_trace_sepsis_V1.6-V6.5-SELECTIVE_PRECISION.json,R_V69K_00070,a_pour_label_nosologique,SOURCE_MISMATCH,P5_E058,La patiente | patient,DEFAILLANCE_ORGANE,DONNEE_PATIENT,P5_E052,choc septique | choc_septique,LABEL_NOSOLOGIQUE,LABEL_NOSOLOGIQUE
img20250709_16583921_trace_sepsis_V1.6-V6.5-SELECTIVE_PRECISION.json,R_V69K_00071,service_medical_accueille,TARGET_MISMATCH,P5_E060,clinique du jour est sans,SERVICE_MEDICAL,SERVICE_MEDICAL,P5_E058,La patiente | patient,DEFAILLANCE_ORGANE,DONNEE_PATIENT
img20250709_16583921_trace_sepsis_V1.6-V6.5-SELECTIVE_PRECISION.json,R_V69K_00073,traitement_administre_a,TARGET_MISMATCH,P5_E006,Tazocilline | antibiotique,TRAITEMENT,TRAITEMENT,P5_E058,La patiente | patient,DEFAILLANCE_ORGANE,DONNEE_PATIENT
img20250709_16583921_trace_sepsis_V1.6-V6.5-SELECTIVE_PRECISION.json,R_V69K_00074,traitement_administre_a,TARGET_MISMATCH,P5_E007,Amiklin | antibiotique,TRAITEMENT,TRAITEMENT,P5_E058,La patiente | patient,DEFAILLANCE_ORGANE,DONNEE_PATIENT
img20250709_17005010_trace_sepsis_V1.6-V6.5-SELECTIVE_PRECISION.json,R_V69K_00045,presente_dysfonction_organe,SOURCE_MISMATCH,P4_E030,Patient | patient,LABEL_NOSOLOGIQUE,DONNEE_PATIENT,P4_E004,RECHERCHE DE CIVD | hematologique,DEFAILLANCE_ORGANE,DEFAILLANCE_ORGANE
img20250709_17005010_trace_sepsis_V1.6-V6.5-SELECTIVE_PRECISION.json,R_V69K_00046,presente_dysfonction_organe,SOURCE_MISMATCH,P4_E030,Patient | patient,LABEL_NOSOLOGIQUE,DONNEE_PATIENT,P4_E033,CIVD | hematologique,DEFAILLANCE_ORGANE,DEFAILLANCE_ORGANE
img20250709_17005010_trace_sepsis_V1.6-V6.5-SELECTIVE_PRECISION.json,R_V69K_00047,presente_dysfonction_organe,SOURCE_MISMATCH,P4_E030,Patient | patient,LABEL_NOSOLOGIQUE,DONNEE_PATIENT,P4_E021,Pneumothorax gauche | pneumothorax,DEFAILLANCE_ORGANE,DEFAILLANCE_ORGANE
img20250709_17005010_trace_sepsis_V1.6-V6.5-SELECTIVE_PRECISION.json,R_V69K_00048,presente_dysfonction_organe,SOURCE_MISMATCH,P4_E030,Patient | patient,LABEL_NOSOLOGIQUE,DONNEE_PATIENT,P4_E027,Déglobulisation | anemie,DEFAILLANCE_ORGANE,DEFAILLANCE_ORGANE
img20250709_17005010_trace_sepsis_V1.6-V6.5-SELECTIVE_PRECISION.json,R_V69K_00049,traitement_administre_a,TARGET_MISMATCH,P4_E008,Tazocilline | antibiotique,TRAITEMENT,TRAITEMENT,P4_E030,Patient | patient,LABEL_NOSOLOGIQUE,DONNEE_PATIENT
img20250709_17005010_trace_sepsis_V1.6-V6.5-SELECTIVE_PRECISION.json,R_V69K_00050,traitement_administre_a,TARGET_MISMATCH,P4_E009,gentamycine | antibiotique,TRAITEMENT,TRAITEMENT,P4_E030,Patient | patient,LABEL_NOSOLOGIQUE,DONNEE_PATIENT
img20250709_17005010_trace_sepsis_V1.6-V6.5-SELECTIVE_PRECISION.json,R_V69K_00051,traitement_administre_a,TARGET_MISMATCH,P4_E010,Flagyl | antibiotique,TRAITEMENT,TRAITEMENT,P4_E030,Patient | patient,LABEL_NOSOLOGIQUE,DONNEE_PATIENT
img20250709_17005010_trace_sepsis_V1.6-V6.5-SELECTIVE_PRECISION.json,R_V69K_00052,traitement_administre_a,TARGET_MISMATCH,P4_E011,Drainage du pneumothorax gauche | drainage,TRAITEMENT,TRAITEMENT,P4_E030,Patient | patient,LABEL_NOSOLOGIQUE,DONNEE_PATIENT
img20250709_17005010_trace_sepsis_V1.6-V6.5-SELECTIVE_PRECISION.json,R_V69K_00053,traitement_administre_a,TARGET_MISMATCH,P4_E012,Pose de KTA radial gauche | KTA radial gauche | autre,TRAITEMENT,TRAITEMENT,P4_E030,Patient | patient,LABEL_NOSOLOGIQUE,DONNEE_PATIENT
img20250709_17005010_trace_sepsis_V1.6-V6.5-SELECTIVE_PRECISION.json,R_V69K_00054,traitement_administre_a,TARGET_MISMATCH,P4_E016,La patiente est dépendante de noradrénaline | noradrénaline | vasopresseur,TRAITEMENT,TRAITEMENT,P4_E030,Patient | patient,LABEL_NOSOLOGIQUE,DONNEE_PATIENT
img20250709_17005010_trace_sepsis_V1.6-V6.5-SELECTIVE_PRECISION.json,R_V69K_00055,traitement_administre_a,TARGET_MISMATCH,P4_E017,remplissage de 7l de cristalloides | 7 | remplissage_vasculaire,TRAITEMENT,TRAITEMENT,P4_E030,Patient | patient,LABEL_NOSOLOGIQUE,DONNEE_PATIENT
img20250709_17005010_trace_sepsis_V1.6-V6.5-SELECTIVE_PRECISION.json,R_V69K_00057,traitement_administre_a,TARGET_MISMATCH,P4_E019,transfusion de 2 CGR | transfusion | 2 | transfusion_CGR,TRAITEMENT,TRAITEMENT,P4_E030,Patient | patient,LABEL_NOSOLOGIQUE,DONNEE_PATIENT
img20250709_17005010_trace_sepsis_V1.6-V6.5-SELECTIVE_PRECISION.json,R_V69K_00058,traitement_administre_a,TARGET_MISMATCH,P4_E013,Reprise chirurgicale des plages de nécrose par le Dr Faye à l'HEGP le 03/01/2014 | chirurgie,TRAITEMENT,TRAITEMENT,P4_E030,Patient | patient,LABEL_NOSOLOGIQUE,DONNEE_PATIENT
img20250709_17005010_trace_sepsis_V1.6-V6.5-SELECTIVE_PRECISION.json,R_V69K_00059,traitement_administre_a,TARGET_MISMATCH,P4_E014,repositionnement de la colostomie et élargissement des zones de résection remontant aux flancs | chirurgie,TRAITEMENT,TRAITEMENT,P4_E030,Patient | patient,LABEL_NOSOLOGIQUE,DONNEE_PATIENT
img20250709_17005010_trace_sepsis_V1.6-V6.5-SELECTIVE_PRECISION.json,R_V69K_00060,traitement_administre_a,TARGET_MISMATCH,P4_E015,Pose d'un système aspiratif type VAC | système aspiratif type VAC | autre,TRAITEMENT,TRAITEMENT,P4_E030,Patient | patient,LABEL_NOSOLOGIQUE,DONNEE_PATIENT
img20250709_17005010_trace_sepsis_V1.6-V6.5-SELECTIVE_PRECISION.json,R_V69K_00061,a_pour_label_nosologique,SOURCE_MISMATCH,P4_E030,Patient | patient,LABEL_NOSOLOGIQUE,DONNEE_PATIENT,P4_E005,Choc septique | choc_septique,LABEL_NOSOLOGIQUE,LABEL_NOSOLOGIQUE
img20250709_17005010_trace_sepsis_V1.6-V6.5-SELECTIVE_PRECISION.json,R_V69K_00062,a_pour_label_nosologique,BOTH_MISMATCH,P4_E030,Patient | patient,LABEL_NOSOLOGIQUE,DONNEE_PATIENT,P4_E006,gangrène gazeuse | gangrene_gazeuse,FOYER_INFECTIEUX,LABEL_NOSOLOGIQUE
img20250709_17005010_trace_sepsis_V1.6-V6.5-SELECTIVE_PRECISION.json,R_V69K_00063,traitement_administre_a,TARGET_MISMATCH,P4_E022,Sonde d'intubation en place | Sonde d'intubation | autre,TRAITEMENT,TRAITEMENT,P4_E030,Patient | patient,LABEL_NOSOLOGIQUE,DONNEE_PATIENT
img20250709_17005010_trace_sepsis_V1.6-V6.5-SELECTIVE_PRECISION.json,R_V69K_00064,traitement_administre_a,TARGET_MISMATCH,P4_E023,Sonde naso gastrique en place | Sonde naso gastrique | autre,TRAITEMENT,TRAITEMENT,P4_E030,Patient | patient,LABEL_NOSOLOGIQUE,DONNEE_PATIENT
img20250709_17005010_trace_sepsis_V1.6-V6.5-SELECTIVE_PRECISION.json,R_V69K_00073,presente_symptome,TARGET_MISMATCH,P1_E027,Patient | patient,DONNEE_PATIENT,DONNEE_PATIENT,P1_E002,hémiplégie droite et dysarthrie séquellaire | autre,COMORBIDITE_ANTECEDENT,SYMPTOME
img20250709_17005010_trace_sepsis_V1.6-V6.5-SELECTIVE_PRECISION.json,R_V69K_00074,signe_vital_supporte_defaillance_organe,BOTH_MISMATCH,P4_E026,Tachycardie | frequence_cardiaque,DEFAILLANCE_ORGANE,SIGNE_VITAL,P4_E005,Choc septique | choc_septique,LABEL_NOSOLOGIQUE,DEFAILLANCE_ORGANE
